filed_date,fiscal_year,form,fiscal_period,Assets,CommonStockSharesOutstanding,EarningsPerShareDiluted,Liabilities,NetIncomeLoss,OperatingExpenses,RevenueFromContractWithCustomerExcludingAssessedTax,WeightedAverageNumberOfSharesOutstandingBasic,ticker,Revenues
2018-11-08,2018,10-Q,Q3,275189000.0,33740323.0,,140070000.0,1068000.0,98118000.0,147793000.0,,UPWK,
2019-03-07,2018,10-K,FY,275189000.0,33740323.0,,140070000.0,-16233000.0,116335000.0,164445000.0,,UPWK,
2019-05-08,2019,10-Q,Q1,391573000.0,106454321.0,,147828000.0,-6784000.0,45610000.0,59218000.0,,UPWK,
2019-08-07,2019,10-Q,Q2,391573000.0,106454321.0,,147828000.0,-7196000.0,87505000.0,121899000.0,,UPWK,
2019-11-06,2019,10-Q,Q3,391573000.0,106454321.0,,147828000.0,-14542000.0,134448000.0,186012000.0,,UPWK,
2020-03-02,2019,10-K,FY,391573000.0,106454321.0,,147828000.0,-4123000.0,140232000.0,202552000.0,,UPWK,
2020-05-06,2020,10-Q,Q1,446380000.0,113604398.0,,186956000.0,-5160000.0,52616000.0,68476000.0,,UPWK,
2020-08-04,2020,10-Q,Q2,446380000.0,113604398.0,,186956000.0,-7611000.0,107710000.0,142259000.0,,UPWK,
2020-11-04,2020,10-Q,Q3,446380000.0,113604398.0,,186956000.0,-11158000.0,166923000.0,220274000.0,,UPWK,
2021-02-24,2020,10-K,FY,446380000.0,113604398.0,,186956000.0,-19907000.0,183608000.0,253354000.0,,UPWK,
2021-05-04,2021,10-Q,Q1,529227000.0,124795222.0,,229917000.0,-10021000.0,68762000.0,83196000.0,,UPWK,
2021-07-29,2021,10-Q,Q2,529227000.0,124795222.0,-0.18,229917000.0,-21045000.0,141869000.0,170727000.0,115321264.0,UPWK,
2021-10-27,2021,10-Q,Q3,529227000.0,124795222.0,-0.2,229917000.0,-23792000.0,215050000.0,267475000.0,117120815.0,UPWK,
2022-02-15,2021,10-K,FY,529227000.0,124795222.0,-0.15,229917000.0,-16659000.0,231150000.0,300562000.0,109814604.0,UPWK,
2022-04-27,2022,10-Q,Q1,1081061000.0,129130478.0,-0.06,821544000.0,-7835000.0,90875000.0,113619000.0,125279109.0,UPWK,
2022-07-27,2022,10-Q,Q2,1081061000.0,129130478.0,-0.19,821544000.0,-24373000.0,198368000.0,237800000.0,126010689.0,UPWK,
2022-10-26,2022,10-Q,Q3,1081061000.0,129130478.0,-0.27,821544000.0,-33684000.0,299893000.0,365941000.0,126651490.0,UPWK,
2023-02-16,2022,10-K,FY,1081061000.0,129130478.0,-0.19,821544000.0,-22867000.0,291769000.0,373628000.0,118698567.0,UPWK,
2023-05-03,2023,10-Q,Q1,1080245000.0,132368265.0,-0.19,831366000.0,-24738000.0,127073000.0,141337000.0,129358872.0,UPWK,
2023-08-02,2023,10-Q,Q2,1080245000.0,132368265.0,-0.37,831366000.0,-48558000.0,266162000.0,298235000.0,129707197.0,UPWK,
2023-11-07,2023,10-Q,Q3,1080245000.0,132368265.0,-0.56,831366000.0,-73385000.0,409775000.0,456876000.0,130082683.0,UPWK,
2024-02-15,2023,10-K,FY,1080245000.0,132368265.0,-0.44,831366000.0,-56240000.0,421506000.0,502797000.0,127163591.0,UPWK,
2024-05-01,2024,10-Q,Q1,1037541000.0,137272754.0,-0.15,656466000.0,17167000.0,145469000.0,160858000.0,132835837.0,UPWK,
2024-08-07,2024,10-Q,Q2,1037541000.0,137272754.0,-0.18,656466000.0,13176000.0,279314000.0,329469000.0,133492087.0,UPWK,
2024-11-06,2024,10-Q,Q3,1037541000.0,137272754.0,-0.06,656466000.0,29513000.0,400308000.0,505202000.0,134152107.0,UPWK,
2025-02-13,2024,10-K,FY,1037541000.0,137272754.0,-0.69,656466000.0,-89885000.0,550540000.0,618318000.0,130517920.0,UPWK,
2025-05-05,2025,10-Q,Q1,1211613000.0,135348453.0,0.13,636236000.0,18442000.0,133695000.0,190937000.0,136356961.0,UPWK,
2025-08-06,2025,10-Q,Q2,1211613000.0,135348453.0,0.3,636236000.0,40662000.0,265191000.0,384066000.0,133808901.0,UPWK,
2025-11-04,2025,10-Q,Q3,1211613000.0,135348453.0,0.5,636236000.0,68420000.0,394766000.0,577842000.0,133404102.0,UPWK,
2026-02-13,2025,10-K,FY,1211613000.0,135348453.0,0.06,636236000.0,46887000.0,529946000.0,689136000.0,134774189.0,UPWK,
2020-03-31,2019,20-F,FY,111030000.0,7063458.0,,57056000.0,-19324000.0,58273000.0,,,FVRR,52112000.0
2021-02-18,2020,20-F,FY,236360000.0,31937772.0,,87551000.0,-36061000.0,96351000.0,,,FVRR,75503000.0
2022-02-17,2021,20-F,FY,861202000.0,35842980.0,,515799000.0,-33539000.0,119599000.0,,,FVRR,107073000.0
2023-03-30,2022,20-F,FY,931570000.0,36761108.0,-0.46,584702000.0,-14810000.0,168132000.0,,32323636.0,FVRR,189510000.0
2024-02-22,2023,20-F,FY,923802000.0,37537563.0,-1.81,658070000.0,-65012000.0,291279000.0,,35955014.0,FVRR,297662000.0
2025-02-19,2024,20-F,FY,1023604000.0,38653958.0,-1.94,667830000.0,-71487000.0,345952000.0,,36856140.0,FVRR,337366000.0
2025-07-30,2025,6-K,Q2,1069974000.0,35844114.0,0.1,707324000.0,4055000.0,163179000.0,,38422605.0,FVRR,188187000.0
2026-03-12,2025,20-F,FY,1069974000.0,35844114.0,0.09,707324000.0,3681000.0,314638000.0,,38066203.0,FVRR,361375000.0
2019-06-04,2019,10-Q,Q1,23988000000.0,457189000.0,1.84,17196000000.0,3748000000.0,,,437065000.0,UBER,2584000000.0
2019-08-09,2019,10-Q,Q2,23988000000.0,457189000.0,1.2,17196000000.0,3748000000.0,,,439022000.0,UBER,5352000000.0
2019-11-05,2019,10-Q,Q3,23988000000.0,457189000.0,0.52,17196000000.0,1884000000.0,,2584000000.0,441301000.0,UBER,8296000000.0
2020-03-02,2019,10-K,FY,23988000000.0,457189000.0,-9.46,17196000000.0,-4033000000.0,,,426360000.0,UBER,7932000000.0
2020-05-08,2020,10-Q,Q1,31761000000.0,1716681000.0,-2.26,16578000000.0,-1012000000.0,,,453543000.0,UBER,3099000000.0
2020-08-07,2020,10-Q,Q2,31761000000.0,1716681000.0,-7.98,16578000000.0,-6248000000.0,,,783900000.0,UBER,6265000000.0
2020-11-06,2020,10-Q,Q3,31761000000.0,1716681000.0,-6.79,16578000000.0,-7410000000.0,,,1092241000.0,UBER,10078000000.0
2021-03-01,2020,10-K,FY,31761000000.0,1716681000.0,0.0,16578000000.0,997000000.0,,,443368000.0,UBER,10433000000.0
2021-05-06,2021,10-Q,Q1,33252000000.0,1849794000.0,-1.7,19498000000.0,-2936000000.0,,,1724367000.0,UBER,3248000000.0
2021-08-05,2021,10-Q,Q2,33252000000.0,1849794000.0,-2.72,19498000000.0,-4711000000.0,,,1731632000.0,UBER,5161000000.0
2021-11-09,2021,10-Q,Q3,33252000000.0,1849794000.0,-3.33,19498000000.0,-5799000000.0,,,1739488000.0,UBER,7974000000.0
2022-02-24,2021,10-K,FY,33252000000.0,1849794000.0,-6.81,19498000000.0,-8506000000.0,,,1248353000.0,UBER,13000000000.0
2022-05-05,2022,10-Q,Q1,38774000000.0,1949316000.0,-0.06,23425000000.0,-108000000.0,,,1858525000.0,UBER,2903000000.0
2022-08-04,2022,10-Q,Q2,38774000000.0,1949316000.0,0.52,23425000000.0,1036000000.0,,,1866830000.0,UBER,6832000000.0
2022-11-02,2022,10-Q,Q3,38774000000.0,1949316000.0,-0.75,23425000000.0,-1388000000.0,,,1877655000.0,UBER,11677000000.0
2023-02-21,2022,10-K,FY,38774000000.0,1949316000.0,-3.86,23425000000.0,-6768000000.0,,,1752960000.0,UBER,11139000000.0
2023-05-03,2023,10-Q,Q1,32109000000.0,2005486000.0,-3.04,23605000000.0,-5930000000.0,,,1953989000.0,UBER,6854000000.0
2023-08-02,2023,10-Q,Q2,32109000000.0,2005486000.0,-4.37,23605000000.0,-8530000000.0,,,1957127000.0,UBER,14927000000.0
2023-11-07,2023,10-Q,Q3,32109000000.0,2005486000.0,-4.97,23605000000.0,-9736000000.0,,,1964483000.0,UBER,23270000000.0
2024-02-15,2023,10-K,FY,32109000000.0,2005486000.0,-0.29,23605000000.0,-496000000.0,,,1892546000.0,UBER,17455000000.0
2024-05-08,2024,10-Q,Q1,38699000000.0,2071144000.0,-0.08,26017000000.0,-157000000.0,,,2009557000.0,UBER,8823000000.0
2024-08-06,2024,10-Q,Q2,38699000000.0,2071144000.0,0.1,26017000000.0,237000000.0,,,2018233000.0,UBER,18053000000.0
2024-10-31,2024,10-Q,Q3,38699000000.0,2071144000.0,0.2,26017000000.0,458000000.0,,,2027148000.0,UBER,27345000000.0
2025-02-14,2024,10-K,FY,38699000000.0,2071144000.0,-4.65,26017000000.0,-9141000000.0,,,1972131000.0,UBER,31877000000.0
2025-05-07,2025,10-Q,Q1,51244000000.0,2107953000.0,-0.32,28768000000.0,-654000000.0,,,2078467000.0,UBER,10131000000.0
2025-08-06,2025,10-Q,Q2,51244000000.0,2107953000.0,0.15,28768000000.0,361000000.0,,,2085324000.0,UBER,20831000000.0
2025-11-04,2025,10-Q,Q3,51244000000.0,2107953000.0,1.36,28768000000.0,2973000000.0,,,2090809000.0,UBER,32019000000.0
2026-02-13,2025,10-K,FY,51244000000.0,2107953000.0,0.87,28768000000.0,1887000000.0,,,2035651000.0,UBER,37281000000.0
2019-05-14,2019,10-Q,Q1,3760043000.0,22438472.0,,1479277000.0,-234339000.0,,397188000.0,,LYFT,
2019-08-13,2019,10-Q,Q2,3760043000.0,22438472.0,,1479277000.0,-234339000.0,,902100000.0,,LYFT,
2019-11-04,2019,10-Q,Q3,3760043000.0,22438472.0,,1479277000.0,-234339000.0,,1487051000.0,,LYFT,
2020-02-28,2019,10-K,FY,3760043000.0,22438472.0,,1479277000.0,-688301000.0,,1059881000.0,,LYFT,
2020-05-08,2020,10-Q,Q1,5691383000.0,,,2837299000.0,-1138473000.0,,755894000.0,,LYFT,776027000.0
2020-08-13,2020,10-Q,Q2,5691383000.0,,,2837299000.0,-1138473000.0,,1583372000.0,,LYFT,1643292000.0
2020-11-12,2020,10-Q,Q3,5691383000.0,,,2837299000.0,-1138473000.0,,2492498000.0,,LYFT,2598890000.0
2021-03-01,2020,10-K,FY,5691383000.0,,,2837299000.0,-911335000.0,,2106021000.0,,LYFT,2156616000.0
2021-05-06,2021,10-Q,Q1,4678964000.0,,-1.31,3002801000.0,-398073000.0,,918331000.0,304502000.0,LYFT,955712000.0
2021-08-05,2021,10-Q,Q2,4678964000.0,,-2.72,3002801000.0,-398073000.0,,1230680000.0,306857000.0,LYFT,1295057000.0
2021-11-04,2021,10-Q,Q3,4678964000.0,,-4.18,3002801000.0,-398073000.0,,1681239000.0,309433000.0,LYFT,1794801000.0
2022-02-28,2021,10-K,FY,4678964000.0,,-11.44,3002801000.0,-2602241000.0,,3465473000.0,227498000.0,LYFT,3615960000.0
2022-05-10,2022,10-Q,Q1,4773884000.0,,-1.31,3432671000.0,-427339000.0,,568790000.0,326165000.0,LYFT,608960000.0
2022-08-05,2022,10-Q,Q2,4773884000.0,,-2.06,3432671000.0,-427339000.0,,1265688000.0,329149000.0,LYFT,1373985000.0
2022-11-08,2022,10-Q,Q3,4824268000.0,,-2.35,3368369000.0,-427339000.0,,2049756000.0,332049000.0,LYFT,2238390000.0
2023-02-27,2022,10-K,FY,4773884000.0,,-5.61,3432671000.0,-1752857000.0,,2208656000.0,312175000.0,LYFT,2364681000.0
2023-05-08,2023,10-Q,Q1,4556431000.0,,-0.57,4167763000.0,-196932000.0,,818099000.0,346558000.0,LYFT,875575000.0
2023-08-09,2023,10-Q,Q2,4556431000.0,,-1.65,4167763000.0,-196932000.0,,1732646000.0,348553000.0,LYFT,1866323000.0
2023-11-09,2023,10-Q,Q3,4556431000.0,,-2.84,4167763000.0,-196932000.0,,2698694000.0,351224000.0,LYFT,2920143000.0
2024-02-20,2023,10-K,FY,4556431000.0,,-3.17,4167763000.0,-1062144000.0,,2957979000.0,334724000.0,LYFT,3208323000.0
2024-05-09,2024,10-Q,Q1,4564467000.0,,-0.5,4022949000.0,-187649000.0,,952697000.0,373727000.0,LYFT,1000548000.0
2024-08-07,2024,10-Q,Q2,4564467000.0,,-0.8,4022949000.0,-187649000.0,,1893655000.0,377828000.0,LYFT,2021454000.0
2024-11-07,2024,10-Q,Q3,4564467000.0,,-0.82,4022949000.0,-187649000.0,,2963594000.0,381697000.0,LYFT,3179004000.0
2025-02-14,2024,10-K,FY,4564467000.0,,-4.47,4022949000.0,-1584511000.0,,3811993000.0,354731000.0,LYFT,4095135000.0
2025-05-09,2025,10-Q,Q1,5435069000.0,,-0.08,4668053000.0,-31535000.0,,1209737000.0,401553000.0,LYFT,1277201000.0
2025-08-07,2025,10-Q,Q2,5435069000.0,,-0.07,4668053000.0,-31535000.0,,2531568000.0,404033000.0,LYFT,2713047000.0
2025-11-05,2025,10-Q,Q3,5435069000.0,,-0.1,4668053000.0,-31535000.0,,3919393000.0,406785000.0,LYFT,4235739000.0
2026-02-11,2025,10-K,FY,5435069000.0,,-0.88,4668053000.0,-340320000.0,,4116216000.0,385335000.0,LYFT,4403589000.0
2021-03-05,2020,10-K,FY,1732000000.0,,,550000000.0,-204000000.0,,291000000.0,,DASH,
2021-05-14,2021,10-Q,Q1,6353000000.0,,,1653000000.0,-129000000.0,,362000000.0,,DASH,
2021-08-13,2021,10-Q,Q2,6353000000.0,,-2.39,1653000000.0,-129000000.0,,1037000000.0,44341000.0,DASH,
2021-11-10,2021,10-Q,Q3,6353000000.0,,-3.34,1653000000.0,-129000000.0,,1916000000.0,44568000.0,DASH,
2022-03-01,2021,10-K,FY,6353000000.0,,-15.44,1653000000.0,-667000000.0,,885000000.0,43252000.0,DASH,
2022-05-06,2022,10-Q,Q1,6809000000.0,,-0.34,2142000000.0,-110000000.0,,1077000000.0,327815000.0,DASH,
2022-08-05,2022,10-Q,Q2,6809000000.0,,-0.64,2142000000.0,-110000000.0,,2313000000.0,331280000.0,DASH,
2022-11-04,2022,10-Q,Q3,6809000000.0,,-0.94,2142000000.0,-110000000.0,,3588000000.0,334277000.0,DASH,
2023-02-27,2022,10-K,FY,6809000000.0,,-7.39,2142000000.0,-461000000.0,,2886000000.0,62390000.0,DASH,
2023-05-05,2023,10-Q,Q1,9789000000.0,,-0.48,3021000000.0,-167000000.0,,1456000000.0,349219000.0,DASH,
2023-08-02,2023,10-Q,Q2,9789000000.0,,-1.21,3021000000.0,-167000000.0,,3064000000.0,356630000.0,DASH,
2023-11-01,2023,10-Q,Q3,9789000000.0,,-1.98,3021000000.0,-167000000.0,,4765000000.0,366107000.0,DASH,
2024-02-20,2023,10-K,FY,9789000000.0,,-1.39,3021000000.0,-468000000.0,,4888000000.0,336847000.0,DASH,
2024-05-01,2024,10-Q,Q1,10839000000.0,,-0.41,4026000000.0,-161000000.0,,2035000000.0,390397000.0,DASH,
2024-08-01,2024,10-Q,Q2,10839000000.0,,-0.85,4026000000.0,-161000000.0,,4168000000.0,389563000.0,DASH,
2024-10-30,2024,10-Q,Q3,10839000000.0,,-1.03,4026000000.0,-161000000.0,,6332000000.0,390794000.0,DASH,
2025-02-14,2024,10-K,FY,10839000000.0,,-3.68,4026000000.0,-1365000000.0,,6583000000.0,371413000.0,DASH,
2025-05-07,2025,10-Q,Q1,12845000000.0,,-0.06,5035000000.0,-23000000.0,,2513000000.0,405482000.0,DASH,
2025-08-06,2025,10-Q,Q2,12845000000.0,,-0.44,5035000000.0,-23000000.0,,5143000000.0,407982000.0,DASH,
2025-11-06,2025,10-Q,Q3,12845000000.0,,-0.04,5035000000.0,-23000000.0,,7849000000.0,409703000.0,DASH,
2026-02-18,2025,10-K,FY,12845000000.0,,-1.42,5035000000.0,-558000000.0,,8635000000.0,392948000.0,DASH,
2023-11-13,2023,10-Q,Q3,3669000000.0,72230000.0,-0.52,911000000.0,-82000000.0,1294000000.0,1794000000.0,71783000.0,CART,
2024-03-05,2023,10-K,FY,3669000000.0,72230000.0,-1.12,911000000.0,-73000000.0,1312000000.0,1834000000.0,65874000.0,CART,
2024-05-10,2024,10-Q,Q1,4727000000.0,279046000.0,0.0,800000000.0,128000000.0,432000000.0,759000000.0,72179000.0,CART,
2024-08-09,2024,10-Q,Q2,4727000000.0,279046000.0,0.27,800000000.0,128000000.0,840000000.0,1475000000.0,72222000.0,CART,
2024-11-13,2024,10-Q,Q3,4727000000.0,279046000.0,-21.92,800000000.0,128000000.0,3858000000.0,2239000000.0,80180000.0,CART,
2025-02-28,2024,10-K,FY,4727000000.0,279046000.0,0.96,800000000.0,428000000.0,1769000000.0,2551000000.0,71853000.0,CART,
2025-05-08,2025,10-Q,Q1,4115000000.0,260964000.0,0.43,836000000.0,130000000.0,470000000.0,820000000.0,274763000.0,CART,
2025-08-08,2025,10-Q,Q2,4115000000.0,260964000.0,0.64,836000000.0,130000000.0,1041000000.0,1643000000.0,270012000.0,CART,
2025-11-10,2025,10-Q,Q3,4115000000.0,260964000.0,1.06,836000000.0,130000000.0,1544000000.0,2495000000.0,266550000.0,CART,
2026-02-26,2025,10-K,FY,4115000000.0,260964000.0,-12.43,836000000.0,-1622000000.0,4420000000.0,3042000000.0,130616000.0,CART,
2015-05-22,2015,10-Q,Q1,249135000.0,44180939.0,,101835000.0,-463000.0,24723000.0,,43703508.0,ETSY,40536000.0
2015-08-06,2015,10-Q,Q2,249135000.0,44180939.0,,101835000.0,-3614000.0,53681000.0,,,ETSY,83045000.0
2015-11-05,2015,10-Q,Q3,249135000.0,44180939.0,,101835000.0,-9885000.0,86252000.0,,,ETSY,130679000.0
2016-03-01,2015,10-K,FY,246203000.0,33082948.0,,98903000.0,-796000.0,76510000.0,,,ETSY,125022000.0
2016-05-05,2016,10-Q,Q1,553061000.0,112563354.0,-0.84,222563000.0,-36586000.0,42676000.0,,43703508.0,ETSY,58543000.0
2016-08-04,2016,10-Q,Q2,553061000.0,112563354.0,,222563000.0,-42940000.0,85923000.0,,,ETSY,119908000.0
2016-11-03,2016,10-Q,Q3,553061000.0,112563354.0,,222563000.0,-49831000.0,129121000.0,,,ETSY,185604000.0
2017-02-28,2016,10-K,FY,553061000.0,44180393.0,,222563000.0,-15243000.0,128209000.0,,,ETSY,195591000.0
2017-05-02,2017,10-Q,Q1,581193000.0,115973039.0,0.01,236436000.0,1192000.0,47153000.0,,112129470.0,ETSY,81847000.0
2017-08-07,2017,10-Q,Q2,581193000.0,115973039.0,-0.05,236436000.0,-6119000.0,98735000.0,,112760531.0,ETSY,167196000.0
2017-11-08,2017,10-Q,Q3,581193000.0,115973039.0,-0.08,236436000.0,-8518000.0,154310000.0,,112980639.0,ETSY,254758000.0
2018-03-01,2017,10-K,FY,581193000.0,115973039.0,-0.59,236436000.0,-54063000.0,178404000.0,,91122291.0,ETSY,273499000.0
2018-05-09,2018,10-Q,Q1,605583000.0,121769238.0,0.0,208689000.0,-421000.0,64333000.0,,115696024.0,ETSY,96891000.0
2018-08-07,2018,10-Q,Q2,605583000.0,121769238.0,0.1,208689000.0,11248000.0,142019000.0,198583000.0,116453790.0,ETSY,
2018-11-07,2018,10-Q,Q3,605583000.0,121769238.0,0.31,208689000.0,37050000.0,204591000.0,304963000.0,117387714.0,ETSY,
2019-02-28,2018,10-K,FY,605583000.0,121769238.0,-0.26,208689000.0,-29901000.0,224062000.0,364967000.0,113562738.0,ETSY,
2019-05-09,2019,10-Q,Q1,901851000.0,119771702.0,0.1,500953000.0,12967000.0,65819000.0,120912000.0,121267092.0,ETSY,
2019-08-02,2019,10-Q,Q2,901851000.0,119771702.0,0.13,500953000.0,12967000.0,140035000.0,253299000.0,120819201.0,ETSY,
2019-10-31,2019,10-Q,Q3,901851000.0,119771702.0,0.29,500953000.0,12967000.0,224717000.0,403665000.0,120469066.0,ETSY,
2020-02-27,2019,10-K,FY,901851000.0,119771702.0,0.68,500953000.0,81800000.0,278349000.0,441231000.0,118538687.0,ETSY,
2020-05-07,2020,10-Q,Q1,1542352000.0,118342772.0,0.24,1135718000.0,31579000.0,85038000.0,169339000.0,119679149.0,ETSY,
2020-08-06,2020,10-Q,Q2,1542352000.0,118342772.0,0.38,1135718000.0,49802000.0,189680000.0,350434000.0,119848289.0,ETSY,
2020-10-29,2020,10-Q,Q3,1542352000.0,118342772.0,0.51,1135718000.0,64603000.0,304446000.0,548381000.0,120090291.0,ETSY,
2021-02-26,2020,10-K,FY,1542352000.0,118342772.0,0.61,1135718000.0,77491000.0,338145000.0,603693000.0,120146076.0,ETSY,
2021-05-06,2021,10-Q,Q1,2404489000.0,125835931.0,0.1,1662065000.0,12522000.0,120274000.0,228055000.0,118138186.0,ETSY,
2021-08-05,2021,10-Q,Q2,2404489000.0,125835931.0,0.88,1662065000.0,108947000.0,318490000.0,656792000.0,118483712.0,ETSY,
2021-11-04,2021,10-Q,Q3,2404489000.0,125835931.0,1.59,1662065000.0,200708000.0,531631000.0,1108270000.0,119666841.0,ETSY,
2022-02-25,2021,10-K,FY,2404489000.0,125835931.0,0.76,1662065000.0,95894000.0,458582000.0,818379000.0,119665248.0,ETSY,
2022-05-05,2022,10-Q,Q1,3831809000.0,127022118.0,1.0,3203190000.0,143766000.0,257092000.0,550646000.0,126214735.0,ETSY,
2022-07-28,2022,10-Q,Q2,3831809000.0,127022118.0,1.68,3203190000.0,242020000.0,547918000.0,1079546000.0,126659372.0,ETSY,
2022-11-03,2022,10-Q,Q3,3831809000.0,127022118.0,2.3,3203190000.0,331950000.0,842946000.0,1611975000.0,126753641.0,ETSY,
2023-02-23,2022,10-K,FY,3831809000.0,127022118.0,2.69,3203190000.0,349246000.0,836871000.0,1725625000.0,121251588.0,ETSY,
2023-05-04,2023,10-Q,Q1,2634961000.0,125054278.0,0.6,3182235000.0,86109000.0,321956000.0,579266000.0,127149293.0,ETSY,
2023-08-03,2023,10-Q,Q2,2634961000.0,125054278.0,1.11,3182235000.0,159232000.0,663109000.0,1164401000.0,127171302.0,ETSY,
2023-11-02,2023,10-Q,Q3,2634961000.0,125054278.0,-6.33,3182235000.0,-803836000.0,2037957000.0,1758870000.0,126985731.0,ETSY,
2024-02-22,2023,10-K,FY,2634961000.0,125054278.0,3.4,3182235000.0,493507000.0,1208870000.0,2329114000.0,127224974.0,ETSY,
2024-05-02,2024,10-Q,Q1,2685400000.0,119069000.0,0.53,3229115000.0,74537000.0,367225000.0,640877000.0,124337000.0,ETSY,
2024-08-01,2024,10-Q,Q2,2685400000.0,119069000.0,0.98,3229115000.0,136452000.0,809835000.0,1269753000.0,123971000.0,ETSY,
2024-10-31,2024,10-Q,Q3,2685400000.0,119069000.0,1.62,3229115000.0,224302000.0,1168754000.0,1906055000.0,123341000.0,ETSY,
2025-02-19,2024,10-K,FY,2685400000.0,119069000.0,-5.48,3229115000.0,-694288000.0,2480079000.0,2566111000.0,126779000.0,ETSY,
2025-04-30,2025,10-Q,Q1,2417782000.0,108540000.0,0.48,3176648000.0,63004000.0,390731000.0,645954000.0,118440000.0,ETSY,
2025-07-30,2025,10-Q,Q2,2417782000.0,108540000.0,0.89,3176648000.0,116009000.0,784278000.0,1293760000.0,117445000.0,ETSY,
2025-10-29,2025,10-Q,Q3,2417782000.0,108540000.0,1.34,3176648000.0,173375000.0,1174231000.0,1956170000.0,116372000.0,ETSY,
2026-02-19,2025,10-K,FY,2417782000.0,108540000.0,2.24,3176648000.0,307568000.0,1639861000.0,2748377000.0,122503000.0,ETSY,
2016-02-17,2015,20-F,FY,95193000.0,39310446.0,,,-4837000.0,41008000.0,,,SHOP,
2025-02-11,2024,10-K,FY,11299000000.0,,-2.73,,-3460000000.0,3576000000.0,,1266268155.0,SHOP,5600000000.0
2025-05-08,2025,10-Q,Q1,13924000000.0,,-0.21,,-273000000.0,871000000.0,,1287376719.0,SHOP,1861000000.0
2025-08-06,2025,10-Q,Q2,13924000000.0,,-0.08,,-102000000.0,1675000000.0,,1288138451.0,SHOP,3906000000.0
2025-11-04,2025,10-Q,Q3,13924000000.0,,0.56,,726000000.0,2510000000.0,,1288960063.0,SHOP,6068000000.0
2026-02-11,2025,10-K,FY,13924000000.0,,0.1,,132000000.0,4933000000.0,,1281554559.0,SHOP,7060000000.0
2021-12-09,2021,10-Q,Q3,282096000.0,35627503.0,-1.54,268677000.0,-50585000.0,213492000.0,,32746492.0,UDMY,
2022-03-25,2021,10-K,FY,282096000.0,35627503.0,-2.57,268677000.0,-69703000.0,200848000.0,,27096379.0,UDMY,
2022-05-04,2022,10-Q,Q1,739851000.0,139164693.0,-0.5,350151000.0,-17989000.0,83065000.0,,36178304.0,UDMY,
2022-08-03,2022,10-Q,Q2,739851000.0,139164693.0,-0.8,350151000.0,-29380000.0,164139000.0,,36726992.0,UDMY,
2022-11-02,2022,10-Q,Q3,739851000.0,139164693.0,-1.04,350151000.0,-38642000.0,245266000.0,,37068570.0,UDMY,
2023-02-27,2022,10-K,FY,739851000.0,139164693.0,-2.33,350151000.0,-77620000.0,294026000.0,,33384438.0,UDMY,
2023-05-03,2023,10-Q,Q1,737568000.0,145013786.0,-0.18,398258000.0,-25649000.0,111101000.0,,139405294.0,UDMY,
2023-08-03,2023,10-Q,Q2,737568000.0,145013786.0,-0.39,398258000.0,-55029000.0,226928000.0,,139691508.0,UDMY,
2023-11-02,2023,10-Q,Q3,737568000.0,145013786.0,-0.73,398258000.0,-101722000.0,359531000.0,,140116156.0,UDMY,
2024-02-26,2023,10-K,FY,737568000.0,145013786.0,-1.46,398258000.0,-80026000.0,357540000.0,,54972827.0,UDMY,
2024-05-06,2024,10-Q,Q1,741196000.0,157166360.0,-0.31,384304000.0,-44544000.0,147006000.0,,145737709.0,UDMY,
2024-08-01,2024,10-Q,Q2,741196000.0,157166360.0,-0.48,384304000.0,-70279000.0,276770000.0,,146910959.0,UDMY,
2024-10-31,2024,10-Q,Q3,741196000.0,157166360.0,-0.59,384304000.0,-87046000.0,405724000.0,,148392636.0,UDMY,
2025-02-19,2024,10-K,FY,741196000.0,157166360.0,-1.09,384304000.0,-153875000.0,504967000.0,,140873504.0,UDMY,
2025-05-01,2025,10-Q,Q1,605628000.0,147484280.0,-0.12,408234000.0,-18339000.0,143293000.0,,156570426.0,UDMY,
2025-07-31,2025,10-Q,Q2,605628000.0,147484280.0,-0.32,408234000.0,-50153000.0,289955000.0,,154779176.0,UDMY,
2025-10-30,2025,10-Q,Q3,605628000.0,147484280.0,-0.49,408234000.0,-75424000.0,442469000.0,,152867160.0,UDMY,
2026-02-19,2025,10-K,FY,605628000.0,147484280.0,-0.71,408234000.0,-107294000.0,541234000.0,,150098776.0,UDMY,
2010-08-02,2010,10-Q,Q2,1146050000.0,60200000.0,1.44,786739000.0,89795000.0,,,61583000.0,HLF,
2010-11-01,2010,10-Q,Q3,1146050000.0,60200000.0,2.34,786739000.0,147690000.0,,,61467000.0,HLF,
2011-02-22,2010,10-K,FY,1146050000.0,60200000.0,3.36,786739000.0,221190000.0,,,63785000.0,HLF,
2011-05-02,2011,10-Q,Q1,1232220000.0,58900000.0,0.83,745008000.0,51871000.0,,,60160000.0,HLF,
2011-08-01,2011,10-Q,Q2,1232220000.0,117800000.0,1.06,745008000.0,134046000.0,,,119686000.0,HLF,
2011-10-31,2011,10-Q,Q3,1232220000.0,117800000.0,1.69,745008000.0,212930000.0,,,119286000.0,HLF,
2012-02-21,2011,10-K,FY,1232220000.0,120500000.0,1.61,745008000.0,203346000.0,,,122442000.0,HLF,
2012-04-30,2012,10-Q,Q1,1446209000.0,115800000.0,0.7,886021000.0,88019000.0,,,118206000.0,HLF,
2012-07-30,2012,10-Q,Q2,1446209000.0,115800000.0,1.57,886021000.0,199199000.0,,,118609000.0,HLF,
2012-10-29,2012,10-Q,Q3,1446209000.0,115800000.0,2.44,886021000.0,307221000.0,,,118059000.0,HLF,
2013-02-19,2012,10-K,FY,1446209000.0,117800000.0,2.37,886021000.0,299215000.0,,,119004000.0,HLF,
2013-04-29,2013,10-Q,Q1,1703944000.0,106900000.0,0.88,1283189000.0,108162000.0,,,116191000.0,HLF,
2013-07-29,2013,10-Q,Q2,1463075000.0,106900000.0,2.32,914931000.0,292883000.0,,,116376000.0,HLF,
2013-10-28,2013,10-Q,Q3,1463075000.0,106900000.0,2.32,914931000.0,292883000.0,,,113838000.0,HLF,
2014-02-18,2013,10-K,FY,1724143000.0,115800000.0,3.32,1328660000.0,414959000.0,,,117540000.0,HLF,
2014-04-28,2014,10-Q,Q1,2473701000.0,101100000.0,1.1,1922255000.0,118873000.0,,,104121000.0,HLF,
2014-07-28,2014,10-Q,Q2,2473701000.0,101100000.0,2.44,1922255000.0,262035000.0,,,103551000.0,HLF,
2014-11-03,2014,10-Q,Q3,2473701000.0,101100000.0,3.75,1922255000.0,403985000.0,,,103096000.0,HLF,
2015-02-26,2014,10-K,FY,2473700000.0,106900000.0,3.94,1922300000.0,464000000.0,,,112400000.0,HLF,
2015-05-05,2015,10-Q,Q1,2374900000.0,92200000.0,0.74,2709300000.0,74600000.0,,,95400000.0,HLF,
2015-08-05,2015,10-Q,Q2,2374900000.0,92200000.0,2.02,2709300000.0,194200000.0,,,90700000.0,HLF,
2015-11-03,2015,10-Q,Q3,2374900000.0,92200000.0,2.22,2709300000.0,205400000.0,,,87800000.0,HLF,
2016-02-25,2015,10-K,FY,2355000000.0,101100000.0,4.91,2689400000.0,527500000.0,,,102600000.0,HLF,
2016-05-05,2016,10-Q,Q1,2477900000.0,92700000.0,0.92,2531400000.0,78200000.0,,,82300000.0,HLF,
2016-08-03,2016,10-Q,Q2,2477900000.0,92700000.0,1.9,2531400000.0,161000000.0,,,82500000.0,HLF,
2016-11-01,2016,10-Q,Q3,2477900000.0,92700000.0,2.99,2531400000.0,254600000.0,,,82500000.0,HLF,
2017-02-23,2016,10-K,FY,2477900000.0,92200000.0,3.4,2531400000.0,308700000.0,,,86300000.0,HLF,
2017-05-04,2017,10-Q,Q1,2565400000.0,93100000.0,1.12,2369100000.0,95800000.0,,,82800000.0,HLF,
2017-08-01,2017,10-Q,Q2,2565400000.0,93100000.0,0.85,2369100000.0,72900000.0,,,82900000.0,HLF,
2017-11-02,2017,10-Q,Q3,2565400000.0,93100000.0,1.87,2369100000.0,160600000.0,,,83000000.0,HLF,
2018-02-22,2017,10-K,FY,2565400000.0,92700000.0,3.97,2369100000.0,339100000.0,,,82600000.0,HLF,
2018-05-03,2018,10-Q,Q1,2895100000.0,82300000.0,0.98,3229800000.0,85200000.0,,,83100000.0,HLF,
2018-08-01,2018,10-Q,Q2,2895100000.0,164700000.0,1.3,3229800000.0,222800000.0,,,164600000.0,HLF,
2018-10-30,2018,10-Q,Q3,2895100000.0,164700000.0,1.63,3229800000.0,277300000.0,,3334400000.0,162700000.0,HLF,
2019-02-19,2018,10-K,FY,2895100000.0,186300000.0,1.51,3229800000.0,260000000.0,,4488400000.0,166100000.0,HLF,
2019-05-02,2019,10-Q,Q1,2789800000.0,142800000.0,0.54,3513200000.0,82100000.0,,1176900000.0,145300000.0,HLF,
2019-08-01,2019,10-Q,Q2,2789800000.0,142800000.0,1.15,3513200000.0,176500000.0,,2462400000.0,144000000.0,HLF,
2019-10-29,2019,10-Q,Q3,2789800000.0,142800000.0,1.64,3513200000.0,247700000.0,,3705200000.0,141300000.0,HLF,
2020-02-18,2019,10-K,FY,2789800000.0,164700000.0,1.29,3513200000.0,213900000.0,,4427700000.0,158500000.0,HLF,
2020-05-07,2020,10-Q,Q1,2678600000.0,137400000.0,0.66,3068600000.0,96300000.0,,1172200000.0,137100000.0,HLF,
2020-08-06,2020,10-Q,Q2,2678600000.0,137400000.0,1.2,3068600000.0,172800000.0,,2412300000.0,137200000.0,HLF,
2020-11-05,2020,10-Q,Q3,2678600000.0,137400000.0,1.79,3068600000.0,254300000.0,,3656800000.0,137300000.0,HLF,
2021-02-17,2020,10-K,FY,2678600000.0,142800000.0,1.98,3068600000.0,296600000.0,,4891800000.0,140200000.0,HLF,
2021-05-04,2021,10-Q,Q1,3076100000.0,120100000.0,0.32,3932200000.0,45600000.0,,1262400000.0,137800000.0,HLF,
2021-08-03,2021,10-Q,Q2,3076100000.0,120100000.0,1.15,3932200000.0,160700000.0,,2609300000.0,137900000.0,HLF,
2021-11-02,2021,10-Q,Q3,3076100000.0,120100000.0,2.17,3932200000.0,298800000.0,,4131100000.0,135000000.0,HLF,
2022-02-23,2021,10-K,FY,3076100000.0,137400000.0,2.2,3932200000.0,311000000.0,,4877100000.0,137400000.0,HLF,
2022-05-03,2022,10-Q,Q1,2819800000.0,100800000.0,1.33,4211300000.0,147400000.0,,1501600000.0,108400000.0,HLF,
2022-08-02,2022,10-Q,Q2,2819800000.0,100800000.0,2.63,4211300000.0,291600000.0,,3053900000.0,108200000.0,HLF,
2022-10-31,2022,10-Q,Q3,2819800000.0,100800000.0,3.73,4211300000.0,409000000.0,,4484800000.0,107300000.0,HLF,
2023-02-14,2022,10-K,FY,2819800000.0,120100000.0,2.77,4211300000.0,372600000.0,,5541800000.0,131500000.0,HLF,
2023-05-02,2023,10-Q,Q1,2732000000.0,97900000.0,0.96,3997900000.0,98200000.0,,1335800000.0,99900000.0,HLF,
2023-08-02,2023,10-Q,Q2,2732000000.0,97900000.0,1.84,3997900000.0,184700000.0,,2728500000.0,99100000.0,HLF,
2023-11-01,2023,10-Q,Q3,2732000000.0,97900000.0,2.68,3997900000.0,266900000.0,,4023600000.0,98700000.0,HLF,
2024-02-14,2023,10-K,FY,2732000000.0,100800000.0,4.13,3997900000.0,447200000.0,,5802800000.0,105900000.0,HLF,
2024-05-01,2024,10-Q,Q1,2809400000.0,99200000.0,0.29,3869700000.0,29300000.0,,1252100000.0,98500000.0,HLF,
2024-07-31,2024,10-Q,Q2,2809400000.0,99200000.0,0.89,3869700000.0,89200000.0,,2566100000.0,98800000.0,HLF,
2024-10-30,2024,10-Q,Q3,2809400000.0,99200000.0,1.32,3869700000.0,132000000.0,,3847400000.0,98900000.0,HLF,
2025-02-19,2024,10-K,FY,2809400000.0,97900000.0,3.23,3869700000.0,321300000.0,,5204400000.0,98500000.0,HLF,
2025-04-30,2025,10-Q,Q1,2728100000.0,101200000.0,0.24,3529200000.0,24300000.0,,1264300000.0,99700000.0,HLF,
2025-08-06,2025,10-Q,Q2,2728100000.0,101200000.0,0.29,3529200000.0,29000000.0,,2545400000.0,100100000.0,HLF,
2025-11-05,2025,10-Q,Q3,2728100000.0,101200000.0,0.75,3529200000.0,76400000.0,,3785700000.0,100400000.0,HLF,
2026-02-18,2025,10-K,FY,2728100000.0,99200000.0,1.42,3529200000.0,142200000.0,,5062400000.0,99000000.0,HLF,
2011-08-09,2011,10-Q,Q2,9884306000.0,,2.18,8452814000.0,165294000.0,,,71844000.0,PRI,841239000.0
2011-11-08,2011,10-Q,Q3,9884306000.0,,2.7,8452814000.0,204889000.0,,,72052000.0,PRI,1082476000.0
2012-02-28,2011,10-K,FY,9884306000.0,,3.4,8452814000.0,494589000.0,,,72099000.0,PRI,2220401000.0
2012-05-08,2012,10-Q,Q1,9851820000.0,,0.62,8525170000.0,47271000.0,,,72671000.0,PRI,276352000.0
2012-08-08,2012,10-Q,Q2,9851820000.0,,1.11,8525170000.0,84891000.0,,,73067000.0,PRI,551447000.0
2012-11-08,2012,10-Q,Q3,9851820000.0,,1.57,8525170000.0,119989000.0,,,73265000.0,PRI,827238000.0
2013-02-27,2012,10-K,FY,9851820000.0,72843000.0,3.06,8525170000.0,232456000.0,,,72099000.0,PRI,1361863000.0
2013-05-08,2013,10-Q,Q1,10337877000.0,64883000.0,0.61,9062461000.0,41756000.0,,,65133000.0,PRI,286601000.0
2013-08-07,2013,10-Q,Q2,10337877000.0,64883000.0,1.33,9062461000.0,87936000.0,,,63332000.0,PRI,587126000.0
2013-11-07,2013,10-Q,Q3,10337877000.0,64883000.0,2.05,9062461000.0,133535000.0,,,62241000.0,PRI,886214000.0
2014-02-27,2013,10-K,FY,9851820000.0,72843000.0,2.08,9062461000.0,,,,72283000.0,PRI,1103093000.0
2014-05-06,2014,10-Q,Q1,10329950000.0,56374000.0,0.65,9107923000.0,,,,56598000.0,PRI,298450000.0
2014-08-07,2014,10-Q,Q2,10329950000.0,56374000.0,1.39,9107923000.0,,,,56553000.0,PRI,601940000.0
2014-11-05,2014,10-Q,Q3,10329950000.0,56374000.0,2.16,9107923000.0,,,,56019000.0,PRI,912348000.0
2015-02-26,2014,10-K,FY,10337877000.0,64883000.0,2.71,9107923000.0,,,,61059000.0,PRI,1153772000.0
2015-05-07,2015,10-Q,Q1,10738114000.0,54834000.0,0.81,9492988000.0,,,,55211000.0,PRI,324328000.0
2015-08-06,2015,10-Q,Q2,10738114000.0,54834000.0,1.69,9492988000.0,,,,55075000.0,PRI,655458000.0
2015-11-05,2015,10-Q,Q3,10737595000.0,54834000.0,2.44,9492469000.0,,,,54953000.0,PRI,993561000.0
2016-02-25,2015,10-K,FY,10329744000.0,56374000.0,2.83,9492469000.0,,,,55834000.0,PRI,1228998000.0
2016-05-05,2016,10-Q,Q1,10609290000.0,52169000.0,0.82,9463518000.0,43401000.0,,,52643000.0,PRI,344846000.0
2016-08-09,2016,10-Q,Q2,10609290000.0,52169000.0,1.76,9463518000.0,92573000.0,,,52212000.0,PRI,695363000.0
2016-11-09,2016,10-Q,Q3,10610783000.0,52169000.0,2.73,9465011000.0,141924000.0,,,51494000.0,PRI,1050752000.0
2017-02-27,2016,10-K,FY,10735929000.0,54834000.0,3.29,9465011000.0,181412000.0,,,54567000.0,PRI,1337096000.0
2017-05-10,2017,10-Q,Q1,11438943000.0,48297000.0,0.92,10217569000.0,45176000.0,,,48550000.0,PRI,362600000.0
2017-08-09,2017,10-Q,Q2,11438943000.0,48297000.0,2.15,10217569000.0,104502000.0,,,48104000.0,PRI,741593000.0
2017-11-08,2017,10-Q,Q3,11438943000.0,48297000.0,3.37,10217569000.0,162540000.0,,,47736000.0,PRI,1125221000.0
2018-02-26,2017,10-K,FY,10610783000.0,52169000.0,3.7,10217569000.0,189871000.0,,,50881000.0,PRI,1404199000.0
2018-05-09,2018,10-Q,Q1,12460703000.0,45721000.0,1.11,11041602000.0,52070000.0,,,46301000.0,PRI,405164000.0
2018-08-08,2018,10-Q,Q2,12460703000.0,45721000.0,2.47,11041602000.0,115176000.0,,,46142000.0,PRI,818860000.0
2018-11-07,2018,10-Q,Q3,12460703000.0,45721000.0,3.93,11041602000.0,181813000.0,,,45864000.0,PRI,1246161000.0
2019-02-26,2018,10-K,FY,11438943000.0,48297000.0,4.59,11041602000.0,219414000.0,,,47411000.0,PRI,1519084000.0
2019-05-08,2019,10-Q,Q1,12595048000.0,44251000.0,1.46,11133535000.0,65715000.0,,,44740000.0,PRI,459923000.0
2019-08-08,2019,10-Q,Q2,12595048000.0,44251000.0,3.4,11133535000.0,152414000.0,,,44401000.0,PRI,927737000.0
2019-11-07,2019,10-Q,Q3,12595048000.0,44251000.0,5.34,11133535000.0,237550000.0,,,44081000.0,PRI,1412518000.0
2020-02-28,2019,10-K,FY,12460703000.0,45721000.0,7.61,11133535000.0,350255000.0,,,45598000.0,PRI,1689102000.0
2020-05-01,2020,10-Q,Q1,13688531000.0,42694000.0,1.83,12036040000.0,79165000.0,,,42824000.0,PRI,494987000.0
2020-08-06,2020,10-Q,Q2,13688531000.0,42694000.0,4.11,12036040000.0,176611000.0,,,42653000.0,PRI,999890000.0
2020-11-05,2020,10-Q,Q3,13688531000.0,42694000.0,6.38,12036040000.0,272834000.0,,,42420000.0,PRI,1520545000.0
2021-03-01,2020,10-K,FY,12595048000.0,44251000.0,7.33,12036040000.0,324094000.0,,,43854000.0,PRI,1899843000.0
2021-05-06,2021,10-Q,Q1,14905285000.0,41207000.0,1.75,13069400000.0,72469000.0,,,41131000.0,PRI,524936000.0
2021-08-06,2021,10-Q,Q2,14905285000.0,41207000.0,4.25,13069400000.0,173979000.0,,,40632000.0,PRI,1050751000.0
2021-11-09,2021,10-Q,Q3,14905285000.0,41207000.0,7.05,13069400000.0,286080000.0,,,40281000.0,PRI,1619213000.0
2022-03-01,2021,10-K,FY,13688531000.0,42694000.0,8.62,13069400000.0,366391000.0,,,42181000.0,PRI,2052504000.0
2022-05-06,2022,10-Q,Q1,16123223000.0,39306000.0,2.46,14033440000.0,97872000.0,,,39456000.0,PRI,637711000.0
2022-08-09,2022,10-Q,Q2,16123223000.0,39306000.0,5.68,14033440000.0,226033000.0,,,39493000.0,PRI,1292399000.0
2022-11-09,2022,10-Q,Q3,16123223000.0,39306000.0,8.5,14033440000.0,338489000.0,,,39516000.0,PRI,1985638000.0
2023-02-28,2022,10-K,FY,14905285000.0,41207000.0,9.57,14033440000.0,386164000.0,,,40065000.0,PRI,2217541000.0
2023-05-09,2023,10-Q,Q1,14618147000.0,39368000.0,2.91,12608613000.0,115039000.0,,,39221000.0,PRI,691226000.0
2023-08-08,2023,10-Q,Q2,14641423000.0,39368000.0,6.29,12610169000.0,245785000.0,,,38801000.0,PRI,1359909000.0
2023-11-08,2023,10-Q,Q3,14641423000.0,39368000.0,8.42,12610169000.0,325347000.0,,,38342000.0,PRI,2033194000.0
2024-02-28,2023,10-K,FY,16195964000.0,39306000.0,11.99,12610169000.0,477362000.0,,,39530000.0,PRI,2709732000.0
2024-05-07,2024,10-Q,Q1,15027732000.0,36824000.0,3.46,12961765000.0,128099000.0,,,36710000.0,PRI,690036000.0
2024-08-08,2024,10-Q,Q2,15027732000.0,36824000.0,7.43,12961765000.0,272603000.0,,,36461000.0,PRI,1378422000.0
2024-11-07,2024,10-Q,Q3,15027732000.0,36824000.0,11.65,12961765000.0,,,,36225000.0,PRI,2042317000.0
2025-02-28,2024,10-K,FY,15027732000.0,39368000.0,12.33,12961765000.0,472068000.0,,,37997000.0,PRI,2657451000.0
2025-05-08,2025,10-Q,Q1,14582022000.0,34996000.0,3.93,12322981000.0,,,,34883000.0,PRI,735950000.0
2025-08-07,2025,10-Q,Q2,14582022000.0,34996000.0,3.99,12322981000.0,,,,34633000.0,PRI,1526904000.0
2025-11-06,2025,10-Q,Q3,14582022000.0,34996000.0,8.78,12322981000.0,,,,34365000.0,PRI,2301033000.0
2026-02-27,2025,10-K,FY,14582022000.0,36824000.0,15.94,12322981000.0,,,,35954000.0,PRI,2748507000.0
2010-11-08,2010,10-Q,Q3,748449000.0,,0.93,372762000.0,59526000.0,680909000.0,,63108000.0,NUS,
2011-02-23,2010,10-K,FY,748449000.0,,1.02,372762000.0,65347000.0,893621000.0,,63510000.0,NUS,
2011-05-05,2011,10-Q,Q1,892224000.0,,0.48,420975000.0,31040000.0,253174000.0,,62474000.0,NUS,
2011-08-05,2011,10-Q,Q2,892224000.0,,0.98,420975000.0,63432000.0,514438000.0,,62698000.0,NUS,
2011-11-07,2011,10-Q,Q3,892224000.0,,1.53,420975000.0,98721000.0,776341000.0,,62443.0,NUS,
2012-02-28,2011,10-K,FY,892224000.0,,1.4,420975000.0,89845000.0,939697000.0,,63333000.0,NUS,1331058000.0
2012-05-10,2012,10-Q,Q1,990956000.0,,0.24,416720000.0,15308000.0,270284000.0,,61888.0,NUS,
2012-08-07,2012,10-Q,Q2,990956000.0,,0.89,416720000.0,57009000.0,557496000.0,,61817000.0,NUS,
2012-11-02,2012,10-Q,Q3,990956000.0,,1.61,416720000.0,103807000.0,848068000.0,,61998000.0,NUS,
2013-02-27,2012,10-K,FY,990956000.0,,2.11,416720000.0,136051000.0,1047766000.0,,62370000.0,NUS,1537259000.0
2013-05-03,2013,10-Q,Q1,1152907000.0,,0.74,562295000.0,47829000.0,314583000.0,,62230000.0,NUS,
2013-08-05,2013,10-Q,Q2,1152907000.0,,1.67,562295000.0,108236000.0,714322000.0,,62016000000.0,NUS,
2013-11-06,2013,10-Q,Q3,1152907000.0,,2.55,562295000.0,162412000.0,1071369000.0,,61265000000.0,NUS,
2014-03-18,2013,10-K,FY,1124807000.0,,2.38,534195000.0,153330000.0,1163222000.0,,62066000.0,NUS,1719588000.0
2014-05-08,2014,10-Q,Q1,1821062000.0,,0.9,962443000.0,54282000.0,368601000.0,,58352000000.0,NUS,
2014-08-12,2014,10-Q,Q1,1821062000.0,,0.9,962443000.0,54282000.0,368601000.0,,58352000000.0,NUS,
2014-08-12,2014,10-Q,Q2,1821062000.0,,2.11,962443000.0,128717000.0,814073000.0,,58487000000.0,NUS,
2014-11-10,2014,10-Q,Q3,1821062000.0,,3.91,962443000.0,239617000.0,1414281000.0,,58544000.0,NUS,
2015-03-02,2014,10-K,FY,1821062000.0,,3.52,962443000.0,221645000.0,1438261000.0,,60600000.0,NUS,
2015-05-06,2015,10-Q,Q1,1614434000.0,,0.9,671996000.0,54854000.0,463220000.0,,58869000.0,NUS,
2015-08-07,2015,10-Q,Q2,1614434000.0,,1.22,671996000.0,74361000.0,902500000.0,,58961000.0,NUS,
2015-11-03,2015,10-Q,Q3,1614434000.0,,2.34,671996000.0,142669000.0,1327069000.0,,59058000.0,NUS,
2016-02-18,2015,10-K,FY,1614434000.0,,5.94,671996000.0,364888000.0,2116800000.0,,58606000.0,NUS,
2016-04-29,2016,10-Q,Q1,1505843000.0,,0.6,680222000.0,36282000.0,369631000.0,,58991000.0,NUS,
2016-08-05,2016,10-Q,Q2,1505843000.0,,1.35,680222000.0,80939000.0,747776000.0,,58747000.0,NUS,
2016-11-04,2016,10-Q,Q3,1505843000.0,,1.63,680222000.0,97206000.0,1123788000.0,,58403000.0,NUS,
2017-02-27,2016,10-K,FY,1505843000.0,,3.11,680222000.0,189176000.0,1738873000.0,,59073000.0,NUS,
2017-05-04,2017,10-Q,Q1,1474045000.0,,0.06,809975000.0,3316000.0,325813000.0,,55955000.0,NUS,
2017-08-03,2017,10-Q,Q2,1474045000.0,,0.85,809975000.0,48029000.0,718285000.0,,55953000.0,NUS,
2017-11-02,2017,10-Q,Q3,1474045000.0,,1.85,809975000.0,104901000.0,1114210000.0,,55963000.0,NUS,
2018-02-16,2017,10-K,FY,1474045000.0,,2.25,809975000.0,133046000.0,1512835000.0,,57997000.0,NUS,
2018-04-27,2018,10-Q,Q1,1589872000.0,,0.51,885276000.0,27489000.0,341571000.0,499099000.0,52678000.0,NUS,
2018-08-03,2018,10-Q,Q2,1589872000.0,,1.28,885276000.0,69530000.0,705412000.0,1049200000.0,52804000.0,NUS,
2018-11-08,2018,10-Q,Q3,1589872000.0,,2.04,885276000.0,111202000.0,1083916000.0,1612898000.0,52834000.0,NUS,
2019-02-14,2018,10-K,FY,1589872000.0,,2.55,885276000.0,143086000.0,1476236000.0,2207797000.0,55412000.0,NUS,
2019-05-01,2019,10-Q,Q1,1694446000.0,,0.64,912579000.0,35539000.0,410948000.0,616219000.0,53997000.0,NUS,
2019-08-07,2019,10-Q,Q2,1694446000.0,,1.53,912579000.0,86500000.0,863825000.0,1320409000.0,54807000.0,NUS,
2019-11-06,2019,10-Q,Q3,1694446000.0,,2.47,912579000.0,139646000.0,1301005000.0,1995721000.0,55075000.0,NUS,
2020-02-13,2019,10-K,FY,1694446000.0,,2.36,912579000.0,129437000.0,1502538000.0,2279099000.0,52806000.0,NUS,
2020-05-07,2020,10-Q,Q1,1769006000.0,,0.77,893717000.0,43002000.0,408306000.0,623623000.0,55436000.0,NUS,
2020-08-06,2020,10-Q,Q2,1769006000.0,,1.59,893717000.0,89351000.0,803576000.0,1247123000.0,55486000.0,NUS,
2020-11-05,2020,10-Q,Q3,1769006000.0,,2.39,893717000.0,133441000.0,1183456000.0,1837057000.0,55507000.0,NUS,
2021-02-11,2020,10-K,FY,1769006000.0,,2.16,893717000.0,121887000.0,1804008000.0,2679008000.0,55170000.0,NUS,
2021-05-05,2021,10-Q,Q1,1957076000.0,,0.36,1062805000.0,19730000.0,355670000.0,518028000.0,55059000.0,NUS,
2021-08-05,2021,10-Q,Q2,1957076000.0,,1.15,1062805000.0,61581000.0,755852000.0,1130394000.0,53466000.0,NUS,
2021-11-04,2021,10-Q,Q3,1957076000.0,,2.23,1062805000.0,117888000.0,1201597000.0,1833741000.0,52741000.0,NUS,
2022-02-16,2021,10-K,FY,1957076000.0,,3.1,1062805000.0,173553000.0,1571570000.0,2420416000.0,55518000.0,NUS,
2022-05-05,2022,10-Q,Q1,1906480000.0,,0.91,993708000.0,47430000.0,443547000.0,677026000.0,50706000.0,NUS,
2022-08-05,2022,10-Q,Q2,1906480000.0,,2.06,993708000.0,106768000.0,890251000.0,1381081000.0,50409000.0,NUS,
2022-11-03,2022,10-Q,Q3,1906480000.0,,3.03,993708000.0,156497000.0,1307112000.0,2022233000.0,50304000.0,NUS,
2023-02-16,2022,10-K,FY,1906480000.0,,3.63,993708000.0,191355000.0,1666342000.0,2581934000.0,52296000.0,NUS,
2023-05-04,2023,10-Q,Q1,1820970000.0,,0.76,923674000.0,38716000.0,391255000.0,604899000.0,49991000.0,NUS,
2023-08-02,2023,10-Q,Q2,1820970000.0,,1.43,923674000.0,72953000.0,752243000.0,1165514000.0,50181000.0,NUS,
2023-11-02,2023,10-Q,Q3,1820970000.0,,0.94,923674000.0,47563000.0,1136832000.0,1703319000.0,50187000.0,NUS,
2024-02-15,2023,10-K,FY,1820970000.0,,2.86,923674000.0,147266000.0,1786454000.0,2695669000.0,50193000.0,NUS,
2024-05-09,2024,10-Q,Q1,1806463000.0,,0.23,984495000.0,11376000.0,331810000.0,481462000.0,49644000.0,NUS,
2024-08-09,2024,10-Q,Q2,1806463000.0,,0.76,984495000.0,38268000.0,654019000.0,981719000.0,49789000.0,NUS,
2024-11-08,2024,10-Q,Q3,1806463000.0,,0.03,984495000.0,1313000.0,972651000.0,1480491000.0,49812000.0,NUS,
2025-02-14,2024,10-K,FY,1808626000.0,,2.07,986658000.0,104778000.0,1483897000.0,2225659000.0,50002000.0,NUS,
2025-05-09,2025,10-Q,Q1,1468914000.0,,-0.01,817459000.0,-533000.0,285242000.0,417306000.0,49538000.0,NUS,
2025-08-08,2025,10-Q,Q2,1468914000.0,,-2.39,817459000.0,-118791000.0,717976000.0,856387000.0,49613000.0,NUS,
2025-11-07,2025,10-Q,Q3,1468914000.0,,-2.23,817459000.0,-110489000.0,1001208000.0,1286532000.0,49645000.0,NUS,
2026-02-13,2025,10-K,FY,1468914000.0,,0.17,817459000.0,8595000.0,1309013000.0,1969131000.0,49711000.0,NUS,
2011-08-10,2011,10-Q,Q2,203802000.0,15985000.0,1.31,,20411000.0,167790000.0,,15315000.0,USNA,
2011-11-09,2011,10-Q,Q3,216636000.0,15985000.0,2.11,,33260000.0,259101000.0,,15397000.0,USNA,
2012-03-14,2011,10-K,FY,216636000.0,15985000.0,2.17,,33556000.0,296346000.0,,15340000.0,USNA,
2012-05-10,2012,10-Q,Q1,244496000.0,14940000.0,0.7,,11350000.0,100677000.0,,15911000.0,USNA,
2012-08-08,2012,10-Q,Q2,244496000.0,15985000.0,1.58,,25206000.0,202240000.0,,15720000.0,USNA,
2012-11-07,2012,10-Q,Q3,244496000.0,15985000.0,2.39,,37591000.0,301763000.0,,15495000.0,USNA,
2013-03-11,2012,10-K,FY,244496000.0,15309000.0,2.86,,45651000.0,353946000.0,,15528000.0,USNA,
2013-05-07,2013,10-Q,Q1,267355000.0,14940000.0,0.9,,13751000.0,106041000.0,,14964000.0,USNA,
2013-08-08,2013,10-Q,Q2,267355000.0,14940000.0,2.01,,30496000.0,213718000.0,,14827000.0,USNA,
2013-11-07,2013,10-Q,Q3,267355000.0,14940000.0,3.19,,47986000.0,324466000.0,,14673000.0,USNA,
2014-03-13,2013,10-K,FY,267355000.0,15985000.0,3.26,,50752000.0,402991000.0,,15361000.0,USNA,
2014-05-07,2014,10-Q,Q1,368470000.0,13821000.0,1.28,,17779000.0,112259000.0,,13643000.0,USNA,
2014-08-05,2014,10-Q,Q2,368470000.0,13821000.0,2.99,,41989000.0,233038000.0,,13578000.0,USNA,
2014-11-06,2014,10-Q,Q3,368470000.0,13886000.0,4.16,,58742000.0,350544000.0,,13636000.0,USNA,
2015-03-17,2014,10-K,FY,368470000.0,13886000.0,4.45,,66433000.0,434743000.0,,14547000.0,USNA,
2015-05-13,2015,10-Q,Q1,350584000.0,12633000.0,1.15,,16537000.0,123451000.0,,13919000.0,USNA,
2015-08-12,2015,10-Q,Q2,350584000.0,12633000.0,2.5,,35838000.0,247755000.0,,13843000.0,USNA,
2015-11-12,2015,10-Q,Q3,350584000.0,12633000.0,3.96,,55336000.0,375859000.0,,13520000.0,USNA,
2016-03-01,2015,10-K,FY,350584000.0,12633000.0,5.56,,79024000.0,474028000.0,,13695000.0,USNA,
2016-05-11,2016,10-Q,Q1,423237000.0,12488000.0,1.5,,19680000.0,151228000.0,,12648000.0,USNA,
2016-08-09,2016,10-Q,Q2,423237000.0,12488000.0,3.43,,45096000.0,305610000.0,,12694000.0,USNA,
2016-11-09,2016,10-Q,Q3,423237000.0,12488000.0,5.35,,70705000.0,459888000.0,,12747000.0,USNA,
2017-03-01,2016,10-K,FY,423237000.0,24976000.0,2.8,,76636000.0,533575000.0,,26443000.0,USNA,
2017-05-10,2017,10-Q,Q1,470642000.0,24485000.0,0.89,,22299000.0,164025000.0,,24204000.0,USNA,
2017-08-09,2017,10-Q,Q2,470642000.0,24485000.0,1.92,,48061000.0,339120000.0,,24080000.0,USNA,
2017-11-08,2017,10-Q,Q3,470642000.0,24485000.0,3.12,,78159000.0,512527000.0,,24112000.0,USNA,
2018-02-28,2017,10-K,FY,470642000.0,24485000.0,3.59,,94672000.0,617155000.0,,25460000.0,USNA,
2018-05-09,2018,10-Q,Q1,519269000.0,24024000.0,0.86,,21358000.0,179782000.0,,24499000.0,USNA,
2018-08-08,2018,10-Q,Q2,519269000.0,24024000.0,1.78,,44617000.0,360575000.0,,24537000.0,USNA,512386000.0
2018-11-07,2018,10-Q,Q3,519269000.0,24024000.0,2.75,,68386000.0,543848000.0,,24462000.0,USNA,774151000.0
2019-02-26,2018,10-K,FY,519269000.0,24024000.0,3.99,,100041000.0,687271000.0,,24185000.0,USNA,1006083000.0
2019-05-07,2019,10-Q,Q1,554463000.0,23567000.0,1.19,,28946000.0,199494000.0,,24074000.0,USNA,291998000.0
2019-08-06,2019,10-Q,Q2,554463000.0,23567000.0,2.56,,62853000.0,399821000.0,,24134000.0,USNA,593458000.0
2019-11-05,2019,10-Q,Q3,554463000.0,23567000.0,3.8,,93893000.0,599197000.0,,24179000.0,USNA,890225000.0
2020-02-25,2019,10-K,FY,554463000.0,23567000.0,2.53,,62535000.0,735357000.0,,24349000.0,USNA,1047265000.0
2020-05-05,2020,10-Q,Q1,516934000.0,21655000.0,1.01,,24172000.0,192085000.0,,23484000.0,USNA,272990000.0
2020-08-04,2020,10-Q,Q2,516934000.0,21655000.0,1.93,,45550000.0,370450000.0,,23364000.0,USNA,529006000.0
2020-11-03,2020,10-Q,Q3,516934000.0,21655000.0,3.01,,69772000.0,547771000.0,,22969000.0,USNA,789604000.0
2021-03-02,2020,10-K,FY,516934000.0,21655000.0,5.12,,126224000.0,800185000.0,1189248000.0,24105000.0,USNA,
2021-05-11,2021,10-Q,Q1,640887000.0,21038000.0,1.23,,26552000.0,181548000.0,266619000.0,21497000.0,USNA,
2021-08-11,2022,10-Q,Q2,640887000.0,21038000.0,2.56,,54529000.0,353279000.0,525610000.0,21265000.0,USNA,
2021-11-10,2022,10-Q,Q3,640887000.0,21038000.0,4.0,,85035000.0,550079000.0,824123000.0,21191000.0,USNA,
2022-03-01,2022,10-K,FY,640887000.0,21038000.0,4.41,,100526000.0,727209000.0,1060902000.0,22644000.0,USNA,
2022-05-11,2022,10-Q,Q1,577740000.0,19393000.0,1.45,,30621000.0,206128000.0,307976000.0,20892000.0,USNA,
2022-08-09,2022,10-Q,Q2,577740000.0,19393000.0,3.31,,68855000.0,432231000.0,644813000.0,20570000.0,USNA,
2022-11-08,2022,10-Q,Q3,577740000.0,19393000.0,4.68,,96185000.0,615098000.0,919165000.0,20367000.0,USNA,
2023-02-28,2022,10-K,FY,577740000.0,19393000.0,5.86,,124664000.0,749042000.0,1134644000.0,21156000.0,USNA,
2023-05-09,2023,10-Q,Q1,596549000.0,19206000.0,1.15,,22469000.0,188417000.0,272867000.0,19351000.0,USNA,
2023-08-08,2023,10-Q,Q2,596549000.0,19206000.0,2.15,,41626000.0,374008000.0,537341000.0,19283000.0,USNA,
2023-11-07,2023,10-Q,Q3,596549000.0,19206000.0,2.93,,56555000.0,538118000.0,770641000.0,19263000.0,USNA,
2024-02-27,2023,10-K,FY,596549000.0,19206000.0,5.73,,116505000.0,798374000.0,1186464000.0,20146000.0,USNA,
2024-05-07,2024,10-Q,Q1,632757000.0,19130000.0,0.95,,18383000.0,172996000.0,248360000.0,19283000.0,USNA,
2024-08-06,2024,10-Q,Q2,632757000.0,19130000.0,1.84,,35675000.0,343472000.0,486562000.0,19302000.0,USNA,
2024-11-05,2024,10-Q,Q3,632757000.0,19130000.0,2.43,,47022000.0,496701000.0,699927000.0,19283000.0,USNA,
2025-03-12,2023,10-K,FY,632757000.0,19130000.0,3.59,135555000.0,69350000.0,697097000.0,998601000.0,19254000.0,USNA,
2025-05-06,2025,10-Q,Q1,748193000.0,19064000.0,0.86,161861000.0,16537000.0,160058000.0,227800000.0,19174000.0,USNA,
2025-08-05,2025,10-Q,Q2,748193000.0,19064000.0,1.4,161861000.0,26969000.0,314754000.0,440669000.0,19123000.0,USNA,
2025-11-05,2025,10-Q,Q3,748193000.0,19064000.0,1.96,161861000.0,37576000.0,460117000.0,640890000.0,19108000.0,USNA,
2026-03-16,2025,10-K,FY,748193000.0,19064000.0,3.3,161861000.0,63788000.0,651246000.0,921010000.0,19250000.0,USNA,
2014-05-15,2014,10-Q,Q1,762812000.0,53757437.0,0.03,,1256000.0,,,31364000.0,GRUB,
2014-08-07,2014,10-Q,Q2,762812000.0,53757437.0,0.07,,3079000.0,,,31368000.0,GRUB,
2014-11-06,2014,10-Q,Q3,762812000.0,53757437.0,0.1,,5133000.0,,,35936000.0,GRUB,
2015-03-05,2014,10-K,FY,762812000.0,53757437.0,0.19,,7919000.0,,,31320000.0,GRUB,
2015-05-07,2015,10-Q,Q1,979702000.0,81905325.0,0.06,,4353000.0,,,55210000.0,GRUB,
2015-08-06,2015,10-Q,Q2,979702000.0,81905325.0,0.09,,7045000.0,,,66626000.0,GRUB,
2015-11-12,2015,10-Q,Q3,979702000.0,81905325.0,0.17,,13498000.0,,,70893000.0,GRUB,
2016-02-26,2015,10-K,FY,978877000.0,81905325.0,0.12,,6747000.0,,,40681000.0,GRUB,
2016-05-09,2016,10-Q,Q1,1060248000.0,84979869.0,0.12,,10570000.0,,,82783000.0,GRUB,
2016-08-08,2016,10-Q,Q2,1060248000.0,84979869.0,0.23,,19922000.0,,,83449000.0,GRUB,
2016-11-08,2016,10-Q,Q3,1060248000.0,84979869.0,0.31,,26789000.0,,,83827000.0,GRUB,
2017-02-28,2016,10-K,FY,1060248000.0,84979869.0,0.3,,24263000.0,,,73571000.0,GRUB,
2017-05-09,2017,10-Q,Q1,1197507000.0,85692333.0,0.12,,9933000.0,,,84710000.0,GRUB,
2017-08-08,2017,10-Q,Q2,1197507000.0,85692333.0,0.27,,22738000.0,,,84725000.0,GRUB,
2017-11-08,2017,10-Q,Q3,1197507000.0,85692333.0,0.42,,35920000.0,,,84889000.0,GRUB,
2018-02-28,2017,10-K,FY,1197507000.0,85692333.0,0.44,,38077000.0,,,84076000.0,GRUB,
2018-05-08,2018,10-Q,Q1,1543769000.0,86790624.0,0.2,,17715000.0,,,85874000.0,GRUB,
2018-08-06,2018,10-Q,Q2,1543769000.0,86790624.0,0.37,,32469000.0,,314928000.0,86018000.0,GRUB,
2018-11-06,2018,10-Q,Q3,1543769000.0,86790624.0,0.52,,45457000.0,,477987000.0,86162000.0,GRUB,
2019-02-28,2018,10-K,FY,1543769000.0,86790624.0,0.58,,49557000.0,,493331000.0,85069000.0,GRUB,
2019-05-10,2019,10-Q,Q1,2065708000.0,90756548.0,0.34,,30766000.0,,232570000.0,87085000.0,GRUB,
2019-08-06,2019,10-Q,Q2,2065708000.0,90756548.0,0.67,,60886000.0,,472311000.0,88294000.0,GRUB,
2019-11-07,2019,10-Q,Q3,2065708000.0,90756548.0,0.91,,83631000.0,,719536000.0,89027000.0,GRUB,
2020-02-28,2019,10-K,FY,2065708000.0,90756548.0,1.12,,98983000.0,,683067000.0,86297000.0,GRUB,
2020-05-11,2020,10-Q,Q1,2374978000.0,91576060.0,0.07,,6890000.0,,323770000.0,90951000.0,GRUB,
2020-08-10,2020,10-Q,Q2,2374978000.0,91576060.0,0.09,,8142000.0,,648828000.0,91064000.0,GRUB,
2020-11-06,2020,10-Q,Q3,2374978000.0,91576060.0,0.1,,9152000.0,,970881000.0,91159000.0,GRUB,
2021-03-01,2020,10-K,FY,2374978000.0,91576060.0,0.85,,78481000.0,,1007257000.0,89447000.0,GRUB,
2021-05-06,2021,10-Q,Q1,2388919000.0,93046676.0,-0.36,,-33427000.0,,362980000.0,91793000.0,GRUB,
2010-08-04,2010,10-Q,Q2,1795300000.0,,0.93,,58600000.0,,,62100000.0,TUP,
2010-11-02,2010,10-Q,Q3,1795300000.0,,1.44,,90900000.0,,,62200000.0,TUP,
2011-02-22,2010,10-K,FY,1818800000.0,,2.55,,161400000.0,,,,TUP,
2011-05-10,2011,10-Q,Q1,2015800000.0,,0.73,,47100000.0,,,62500000.0,TUP,
2011-08-09,2011,10-Q,Q2,2015800000.0,,1.64,,105000000.0,,,62500000.0,TUP,
2011-11-08,2011,10-Q,Q3,2015800000.0,,2.26,,144900000.0,,,62600000.0,TUP,
2012-02-28,2011,10-K,FY,1818800000.0,,2.75,,175100000.0,,,62400000.0,TUP,
2012-05-08,2012,10-Q,Q1,1844200000.0,,0.88,,55800000.0,,,62300000.0,TUP,
2012-08-07,2012,10-Q,Q2,1844200000.0,,1.91,,120900000.0,,,62000000.0,TUP,
2012-11-06,2012,10-Q,Q3,1844200000.0,,2.1,,131400000.0,,,61100000.0,TUP,
2013-02-26,2012,10-K,FY,1991700000.0,,3.53,,225600000.0,,,62600000.0,TUP,
2013-05-07,2013,10-Q,Q1,1821800000.0,,1.02,,58300000.0,,,55900000.0,TUP,
2013-08-06,2013,10-Q,Q2,1821800000.0,,1.25,,71000000.0,,,55700000.0,TUP,
2013-11-07,2013,10-Q,Q3,1821800000.0,,2.09,,118500000.0,,,55500000.0,TUP,
2014-02-25,2013,10-K,FY,1822600000.0,,3.55,,218300000.0,,,60000000.0,TUP,0.0
2014-05-06,2014,10-Q,Q1,1843900000.0,,1.06,,58200000.0,,,53600000.0,TUP,
2014-08-05,2014,10-Q,Q2,1843900000.0,,2.49,,134500000.0,,,53000000.0,TUP,
2014-11-04,2014,10-Q,Q3,1843900000.0,,3.44,,184500000.0,,,52400000.0,TUP,
2015-02-24,2014,10-K,FY,1821800000.0,,3.42,,193000000.0,,,55300000.0,TUP,0.0
2015-05-05,2015,10-Q,Q1,1777900000.0,,1.02,,52200000.0,,,50200000.0,TUP,
2015-08-04,2015,10-Q,Q2,1780000000.0,,1.95,,99800000.0,,,50200000.0,TUP,
2015-11-03,2015,10-Q,Q3,1780000000.0,,2.59,,132100000.0,,,50200000.0,TUP,
2016-03-04,2015,10-K,FY,1843900000.0,,5.17,,274200000.0,,,51900000.0,TUP,0.0
2016-05-02,2016,10-Q,Q1,1598200000.0,,0.59,,29500000.0,,,49700000.0,TUP,
2016-07-29,2016,10-Q,Q2,1598200000.0,,1.82,,91500000.0,,,49800000.0,TUP,
2016-10-25,2016,10-Q,Q3,1598200000.0,,2.54,,127700000.0,,,49800000.0,TUP,
2017-02-28,2016,10-K,FY,1769800000.0,,4.2,,214400000.0,,,50100000.0,TUP,0.0
2017-05-02,2017,10-Q,Q1,1587800000.0,,0.86,,43400000.0,,,50400000.0,TUP,
2017-08-01,2017,10-Q,Q2,1587800000.0,,1.89,,95800000.0,,,50500000.0,TUP,
2017-10-31,2017,10-Q,Q3,1587800000.0,,2.85,,144600000.0,,,50500000.0,TUP,
2018-02-27,2017,10-K,FY,1973400000.0,,3.69,,185800000.0,,,49900000.0,TUP,
2018-05-01,2018,10-Q,Q1,1388000000.0,,0.93,,47400000.0,,,50700000.0,TUP,
2018-07-31,2018,10-Q,Q2,1388000000.0,,0.58,,29700000.0,,,50700000.0,TUP,
2018-11-02,2018,10-Q,Q3,1388000000.0,,1.19,,61100000.0,,,50800000.0,TUP,
2019-02-26,2018,10-K,FY,1587800000.0,,4.41,,223600000.0,,2213100000.0,50500000.0,TUP,
2019-05-02,2019,10-Q,Q1,1308800000.0,,0.7,,35700000.0,,542600000.0,51100000.0,TUP,
2019-08-01,2019,10-Q,Q2,1308800000.0,,1.95,,35700000.0,,1078000000.0,50800000.0,TUP,
2019-11-06,2019,10-Q,Q3,1308800000.0,,2.74,,35700000.0,,1563800000.0,50300000.0,TUP,
2020-03-12,2019,10-K,FY,1388000000.0,,-5.22,,-265400000.0,,2255800000.0,50800000.0,TUP,
2020-04-29,2020,10-Q,Q1,1262400000.0,,0.76,,36900000.0,,487300000.0,48700000.0,TUP,
2020-07-29,2020,10-Q,Q2,1262400000.0,,1.56,1539400000.0,36900000.0,,962600000.0,48700000.0,TUP,
2020-10-29,2020,10-Q,Q3,1262400000.0,,1.72,1539400000.0,36900000.0,,1380700000.0,48700000.0,TUP,
2021-03-10,2020,10-K,FY,1262400000.0,,3.11,1539400000.0,155900000.0,,2069700000.0,49900000.0,TUP,
2021-05-05,2021,10-Q,Q1,1219900000.0,,-0.16,1424600000.0,-7800000.0,,375900000.0,48900000.0,TUP,
2021-08-05,2021,10-Q,Q2,1219900000.0,,1.14,1424600000.0,-7800000.0,,773300000.0,49000000.0,TUP,
2021-11-04,2021,10-Q,Q3,1219900000.0,,1.76,1424600000.0,-7800000.0,,1109500000.0,49000000.0,TUP,
2022-02-23,2021,10-K,FY,1219900000.0,,0.25,1424600000.0,12400000.0,,1614100000.0,48800000.0,TUP,
2022-05-05,2022,10-Q,Q1,1255400000.0,,0.85,1462500000.0,45300000.0,,413900000.0,49400000.0,TUP,
2022-08-04,2022,10-Q,Q1,1255400000.0,,1.53,1462500000.0,45300000.0,,830500000.0,49600000.0,TUP,
2022-11-02,2022,10-Q,Q3,1255400000.0,,-0.1,1462500000.0,45300000.0,,1207400000.0,49500000.0,TUP,
2023-10-13,2022,10-K,FY,1194900000.0,,2.36,1362300000.0,123500000.0,,1559000000.0,49100000.0,TUP,
2024-03-29,2023,10-Q,Q1,743600000.0,,0.08,1173400000.0,3900000.0,,347100000.0,48000000.0,TUP,
2024-03-29,2023,10-Q,Q2,743600000.0,,0.24,1173400000.0,3900000.0,,686800000.0,46700000.0,TUP,
2024-03-29,2023,10-Q,Q3,743600000.0,,0.25,1173400000.0,3900000.0,,990400000.0,46000000.0,TUP,
2009-07-30,2009,10-Q,Q2,6074000000.0,,0.97,5361700000.0,420300000.0,,,,AVON,5237800000.0
2009-10-29,2009,10-Q,Q3,6074000000.0,,1.49,5361700000.0,642900000.0,,,,AVON,7882500000.0
2010-02-25,2009,10-K,FY,6074000000.0,,1.21,5361700000.0,530700000.0,,,433470000.0,AVON,9938700000.0
2010-04-30,2010,10-Q,Q1,6832700000.0,,0.27,5520100000.0,117300000.0,,,,AVON,2186900000.0
2010-07-29,2010,10-Q,Q2,6832700000.0,,0.46,5520100000.0,200200000.0,,,426640000.0,AVON,4665200000.0
2010-10-28,2010,10-Q,Q3,6832700000.0,,0.83,5520100000.0,356400000.0,,,426760000.0,AVON,7224200000.0
2011-02-24,2010,10-K,FY,6074000000.0,,2.03,5510800000.0,875300000.0,,,426360000.0,AVON,10507500000.0
2011-05-03,2011,10-Q,Q1,7873700000.0,,0.1,6201100000.0,42500000.0,,,427720000.0,AVON,2446300000.0
2011-07-28,2011,10-Q,Q2,7873700000.0,,0.48,6201100000.0,210100000.0,,,428.3,AVON,5074800000.0
2011-10-27,2011,10-Q,Q3,7873700000.0,,0.87,6201100000.0,376800000.0,,,428.53,AVON,7687200000.0
2012-02-29,2011,10-K,FY,6823400000.0,,1.45,6201100000.0,625800000.0,,,426900000.0,AVON,10205200000.0
2012-05-01,2012,10-Q,Q1,7735000000.0,,0.33,6149800000.0,143600000.0,,,429800000.0,AVON,2629100000.0
2012-08-01,2012,10-Q,Q2,7735000000.0,,0.8,6149800000.0,349800000.0,,,430200000.0,AVON,5485500000.0
2012-11-01,2012,10-Q,Q3,7735000000.0,,1.18,6149800000.0,514000000.0,,,430300000.0,AVON,8247900000.0
2013-02-28,2012,10-K,FY,7873700000.0,,1.39,6149800000.0,606300000.0,,,428800000.0,AVON,10862800000.0
2013-04-30,2013,10-Q,Q1,7382500000.0,,0.06,6149200000.0,26500000.0,,,431300000.0,AVON,2575400000.0
2013-08-01,2013,10-Q,Q2,7382500000.0,,0.2,6149200000.0,88100000.0,,,431600000.0,AVON,5098600000.0
2013-10-31,2013,10-Q,Q3,7382500000.0,,0.27,6149200000.0,119700000.0,,,431800000.0,AVON,7609200000.0
2014-02-26,2013,10-K,FY,7735000000.0,,1.18,6149200000.0,513600000.0,,,430500000.0,AVON,11099500000.0
2014-05-01,2014,10-Q,Q1,6492300000.0,,-0.03,5364800000.0,-13700000.0,,,432500000.0,AVON,2456000000.0
2014-07-31,2014,10-Q,Q2,6492300000.0,,0.04,5364800000.0,18200000.0,,,433000000.0,AVON,4964900000.0
2014-10-30,2014,10-Q,Q3,6492300000.0,,0.03,5364800000.0,12700000.0,,,433300000.0,AVON,7287800000.0
2015-02-24,2014,10-K,FY,7382500000.0,,-0.1,5364800000.0,-42500000.0,,,431900000.0,AVON,10561400000.0
2015-04-30,2015,10-Q,Q1,5496800000.0,,-0.38,5191500000.0,-168300000.0,,,434100000.0,AVON,2183600000.0
2015-07-30,2015,10-Q,Q2,5496800000.0,,-0.34,5191500000.0,-149300000.0,,,434400000.0,AVON,4372200000.0
2015-11-04,2015,10-Q,Q3,5496800000.0,,-0.13,5191500000.0,-57900000.0,,,434400000.0,AVON,6510400000.0
2016-02-23,2015,10-K,FY,5596800000.0,,-0.13,5291500000.0,-56400000.0,,,433400000.0,AVON,8496800000.0
2016-05-05,2015,10-Q,Q1,3870400000.0,,-0.33,4926800000.0,-147300000.0,,,434900000.0,AVON,1552100000.0
2016-08-02,2016,10-Q,Q2,3870400000.0,,-0.27,4926800000.0,-118500000.0,,,435000000.0,AVON,3117000000.0
2016-11-03,2016,10-Q,Q3,3870400000.0,,-1.84,4926800000.0,-815500000.0,,,435100000.0,AVON,4553200000.0
2017-02-22,2016,10-K,FY,3870400000.0,,-0.88,4926800000.0,-388600000.0,,,434500000.0,AVON,7648000000.0
2017-05-04,2017,10-Q,Q1,3418900000.0,,-0.38,3810400000.0,-165900000.0,,,435900000.0,AVON,1306500000.0
2017-08-03,2017,10-Q,Q2,3418900000.0,,-0.32,3810400000.0,-132900000.0,,,436400000.0,AVON,2740800000.0
2017-11-02,2017,10-Q,Q3,3418900000.0,,-0.25,3810400000.0,-96900000.0,,,436700000.0,AVON,4149600000.0
2018-02-22,2017,10-K,FY,3418900000.0,,-2.6,3810400000.0,-1148900000.0,,,435200000.0,AVON,6160500000.0
2018-05-03,2018,10-Q,Q1,3697900000.0,,-0.1,3944800000.0,-36500000.0,,1393500000.0,438600000.0,AVON,1333100000.0
2018-08-03,2018,10-Q,Q2,3697900000.0,,-0.21,3944800000.0,-82000000.0,,2729000000.0,439300000.0,AVON,2729000000.0
2018-11-02,2018,10-Q,Q3,3697900000.0,,-0.2,3944800000.0,-69500000.0,,4146800000.0,439500000.0,AVON,4146800000.0
2019-02-21,2018,10-K,FY,3418900000.0,,-0.29,3944800000.0,-107600000.0,,5717700000.0,437000000.0,AVON,
2019-05-03,2019,10-Q,Q1,3010000000.0,,-0.06,3414700000.0,-20300000.0,,1393500000.0,440900000.0,AVON,1393500000.0
2019-08-01,2019,10-Q,Q2,3010000000.0,,-0.15,3414700000.0,-56400000.0,,2745400000.0,441500000.0,AVON,2745400000.0
2019-10-31,2019,10-Q,Q3,3010000000.0,,0.09,3414700000.0,58100000.0,,4169600000.0,441800000.0,AVON,4169600000.0
2020-03-05,2019,10-K,FY,3697900000.0,,,3414700000.0,22000000.0,,5715600000.0,,AVON,
2020-05-14,2020,10-Q,Q1,3086300000.0,101.34,,3491600000.0,-32700000.0,,1186900000.0,,AVON,5500000.0
2020-08-14,2020,10-Q,Q2,3086300000.0,101.34,,3491600000.0,-52200000.0,,2361700000.0,,AVON,2361700000.0
2020-11-13,2020,10-Q,Q3,3086300000.0,101.34,,3491600000.0,54700000.0,,3549700000.0,,AVON,3549700000.0
2021-03-05,2020,10-K,FY,3010000000.0,101.34,,3491600000.0,-19500000.0,,5571300000.0,,AVON,5571300000.0
2021-05-13,2021,10-Q,Q1,2564300000.0,101.34,,3431500000.0,-171000000.0,,,,AVON,957300000.0
2021-08-13,2021,10-Q,Q2,2564300000.0,101.34,,3431500000.0,-263800000.0,,,,AVON,1563800000.0
2021-11-12,2021,10-Q,Q3,2564300000.0,101.34,,3431500000.0,-296600000.0,,2423000000.0,,AVON,2561800000.0
2022-03-10,2021,10-K,FY,3086300000.0,101.34,,3431500000.0,-300000.0,,4494100000.0,,AVON,4763200000.0
2022-05-06,2022,10-Q,Q1,2307800000.0,101.34,,3162500000.0,-63600000.0,,850400000.0,,AVON,904400000.0
2022-08-12,2022,10-Q,Q2,2307800000.0,101.34,,3162500000.0,-125200000.0,,1715200000.0,,AVON,1821400000.0
2022-11-10,2022,10-Q,Q3,2307800000.0,101.34,,3162500000.0,-167700000.0,,2443900000.0,,AVON,2589700000.0
2023-03-14,2022,10-K,FY,2564300000.0,101.34,,3162500000.0,-362800000.0,,3431200000.0,,AVON,3625200000.0
2023-05-15,2023,10-Q,Q1,2161700000.0,101.34,,3402900000.0,-97200000.0,,631400000.0,,AVON,663300000.0
