ticker,date,filed_date,fiscal_year,form,fiscal_period,Assets,CommonStockSharesOutstanding,GrossProfit,IncomeTaxExpenseBenefit,Liabilities,NetIncomeLoss,OperatingExpenses,OperatingIncomeLoss,WeightedAverageNumberOfSharesOutstandingBasic,company,Revenue,has_gross_profit,has_operating_income,has_operating_expenses,has_liabilities,has_revenue,has_common_stock_outstanding,has_weighted_avg_shares
AVON,2009-06-30,2009-07-30,2009,10-Q,Q2,5237800000.0,5237800000.0,5237800000.0,5237800000.0,5237800000.0,5237800000.0,,5237800000.0,5237800000.0,AVON,5237800000.0,1,1,0,1,1,1,1
AVON,2009-09-30,2009-10-29,2009,10-Q,Q3,7882500000.0,7882500000.0,7882500000.0,7882500000.0,7882500000.0,7882500000.0,,7882500000.0,7882500000.0,AVON,7882500000.0,1,1,0,1,1,1,1
AVON,2009-12-31,2010-02-25,2009,10-K,FY,9938700000.0,9938700000.0,9938700000.0,9938700000.0,9938700000.0,9938700000.0,,9938700000.0,9938700000.0,AVON,9938700000.0,1,1,0,1,1,1,1
AVON,2010-03-31,2010-04-30,2010,10-Q,Q1,2186900000.0,2186900000.0,2186900000.0,2186900000.0,2186900000.0,2186900000.0,,2186900000.0,2186900000.0,AVON,2186900000.0,1,1,0,1,1,1,1
AVON,2010-06-30,2010-07-29,2010,10-Q,Q2,4665200000.0,4665200000.0,4665200000.0,4665200000.0,4665200000.0,4665200000.0,,4665200000.0,4665200000.0,AVON,4665200000.0,1,1,0,1,1,1,1
AVON,2010-09-30,2010-10-28,2010,10-Q,Q3,7224200000.0,7224200000.0,7224200000.0,7224200000.0,7224200000.0,7224200000.0,,7224200000.0,7224200000.0,AVON,7224200000.0,1,1,0,1,1,1,1
AVON,2010-12-31,2011-02-24,2010,10-K,FY,10507500000.0,10507500000.0,10507500000.0,10507500000.0,10507500000.0,10507500000.0,,10507500000.0,10507500000.0,AVON,10507500000.0,1,1,0,1,1,1,1
AVON,2011-03-31,2011-05-03,2011,10-Q,Q1,2446300000.0,2446300000.0,2446300000.0,2446300000.0,2446300000.0,2446300000.0,,2446300000.0,2446300000.0,AVON,2446300000.0,1,1,0,1,1,1,1
AVON,2011-06-30,2011-07-28,2011,10-Q,Q2,5074800000.0,5074800000.0,5074800000.0,5074800000.0,5074800000.0,5074800000.0,,5074800000.0,5074800000.0,AVON,5074800000.0,1,1,0,1,1,1,1
AVON,2011-09-30,2011-10-27,2011,10-Q,Q3,7687200000.0,7687200000.0,7687200000.0,7687200000.0,7687200000.0,7687200000.0,,7687200000.0,7687200000.0,AVON,7687200000.0,1,1,0,1,1,1,1
AVON,2011-12-31,2012-02-29,2011,10-K,FY,10205200000.0,10205200000.0,10205200000.0,10205200000.0,10205200000.0,10205200000.0,,10205200000.0,10205200000.0,AVON,10205200000.0,1,1,0,1,1,1,1
AVON,2012-03-31,2012-05-01,2012,10-Q,Q1,2629100000.0,2629100000.0,2629100000.0,2629100000.0,2629100000.0,2629100000.0,,2629100000.0,2629100000.0,AVON,2629100000.0,1,1,0,1,1,1,1
AVON,2012-06-30,2012-08-01,2012,10-Q,Q2,5485500000.0,5485500000.0,5485500000.0,5485500000.0,5485500000.0,5485500000.0,,5485500000.0,5485500000.0,AVON,5485500000.0,1,1,0,1,1,1,1
AVON,2012-09-30,2012-11-01,2012,10-Q,Q3,8247900000.0,8247900000.0,8247900000.0,8247900000.0,8247900000.0,8247900000.0,,8247900000.0,8247900000.0,AVON,8247900000.0,1,1,0,1,1,1,1
AVON,2012-12-31,2013-02-28,2012,10-K,FY,10862800000.0,10862800000.0,10862800000.0,10862800000.0,10862800000.0,10862800000.0,,10862800000.0,10862800000.0,AVON,10862800000.0,1,1,0,1,1,1,1
AVON,2013-03-31,2013-04-30,2013,10-Q,Q1,2575400000.0,2575400000.0,2575400000.0,2575400000.0,2575400000.0,2575400000.0,,2575400000.0,2575400000.0,AVON,2575400000.0,1,1,0,1,1,1,1
AVON,2013-06-30,2013-08-01,2013,10-Q,Q2,5098600000.0,5098600000.0,5098600000.0,5098600000.0,5098600000.0,5098600000.0,,5098600000.0,5098600000.0,AVON,5098600000.0,1,1,0,1,1,1,1
AVON,2013-09-30,2013-10-31,2013,10-Q,Q3,7609200000.0,7609200000.0,7609200000.0,7609200000.0,7609200000.0,7609200000.0,,7609200000.0,7609200000.0,AVON,7609200000.0,1,1,0,1,1,1,1
AVON,2013-12-31,2014-02-26,2013,10-K,FY,11099500000.0,11099500000.0,11099500000.0,11099500000.0,11099500000.0,11099500000.0,,11099500000.0,11099500000.0,AVON,11099500000.0,1,1,0,1,1,1,1
AVON,2014-03-31,2014-05-01,2014,10-Q,Q1,2456000000.0,2456000000.0,2456000000.0,2456000000.0,2456000000.0,2456000000.0,,2456000000.0,2456000000.0,AVON,2456000000.0,1,1,0,1,1,1,1
AVON,2014-06-30,2014-07-31,2014,10-Q,Q2,4964900000.0,4964900000.0,4964900000.0,4964900000.0,4964900000.0,4964900000.0,,4964900000.0,4964900000.0,AVON,4964900000.0,1,1,0,1,1,1,1
AVON,2014-09-30,2014-10-30,2014,10-Q,Q3,7287800000.0,7287800000.0,7287800000.0,7287800000.0,7287800000.0,7287800000.0,,7287800000.0,7287800000.0,AVON,7287800000.0,1,1,0,1,1,1,1
AVON,2014-12-31,2015-02-24,2014,10-K,FY,10561400000.0,10561400000.0,10561400000.0,10561400000.0,10561400000.0,10561400000.0,,10561400000.0,10561400000.0,AVON,10561400000.0,1,1,0,1,1,1,1
AVON,2015-03-31,2015-04-30,2015,10-Q,Q1,2183600000.0,2183600000.0,2183600000.0,2183600000.0,2183600000.0,2183600000.0,,2183600000.0,2183600000.0,AVON,2183600000.0,1,1,0,1,1,1,1
AVON,2015-03-31,2016-05-05,2015,10-Q,Q1,1552100000.0,1552100000.0,1552100000.0,1552100000.0,1552100000.0,1552100000.0,,1552100000.0,1552100000.0,AVON,1552100000.0,1,1,0,1,1,1,1
AVON,2015-06-30,2015-07-30,2015,10-Q,Q2,4372200000.0,4372200000.0,4372200000.0,4372200000.0,4372200000.0,4372200000.0,,4372200000.0,4372200000.0,AVON,4372200000.0,1,1,0,1,1,1,1
AVON,2015-09-30,2015-11-04,2015,10-Q,Q3,6510400000.0,6510400000.0,6510400000.0,6510400000.0,6510400000.0,6510400000.0,,6510400000.0,6510400000.0,AVON,6510400000.0,1,1,0,1,1,1,1
AVON,2015-12-31,2016-02-23,2015,10-K,FY,8496800000.0,8496800000.0,8496800000.0,8496800000.0,8496800000.0,8496800000.0,,8496800000.0,8496800000.0,AVON,8496800000.0,1,1,0,1,1,1,1
AVON,2016-06-30,2016-08-02,2016,10-Q,Q2,3117000000.0,3117000000.0,3117000000.0,3117000000.0,3117000000.0,3117000000.0,,3117000000.0,3117000000.0,AVON,3117000000.0,1,1,0,1,1,1,1
AVON,2016-09-30,2016-11-03,2016,10-Q,Q3,4553200000.0,4553200000.0,4553200000.0,4553200000.0,4553200000.0,4553200000.0,,4553200000.0,4553200000.0,AVON,4553200000.0,1,1,0,1,1,1,1
AVON,2016-12-31,2017-02-22,2016,10-K,FY,7648000000.0,7648000000.0,7648000000.0,7648000000.0,7648000000.0,7648000000.0,,7648000000.0,7648000000.0,AVON,7648000000.0,1,1,0,1,1,1,1
AVON,2017-03-31,2017-05-04,2017,10-Q,Q1,1306500000.0,1306500000.0,1306500000.0,1306500000.0,1306500000.0,1306500000.0,,1306500000.0,1306500000.0,AVON,1306500000.0,1,1,0,1,1,1,1
AVON,2017-06-30,2017-08-03,2017,10-Q,Q2,2740800000.0,2740800000.0,2740800000.0,2740800000.0,2740800000.0,2740800000.0,,2740800000.0,2740800000.0,AVON,2740800000.0,1,1,0,1,1,1,1
AVON,2017-09-30,2017-11-02,2017,10-Q,Q3,4149600000.0,4149600000.0,4149600000.0,4149600000.0,4149600000.0,4149600000.0,,4149600000.0,4149600000.0,AVON,4149600000.0,1,1,0,1,1,1,1
AVON,2017-12-31,2018-02-22,2017,10-K,FY,6160500000.0,6160500000.0,6160500000.0,6160500000.0,6160500000.0,6160500000.0,,6160500000.0,6160500000.0,AVON,6160500000.0,1,1,0,1,1,1,1
AVON,2018-03-31,2018-05-03,2018,10-Q,Q1,1333100000.0,1333100000.0,1333100000.0,1333100000.0,1333100000.0,1333100000.0,,1333100000.0,1333100000.0,AVON,1333100000.0,1,1,0,1,1,1,1
AVON,2018-06-30,2018-08-03,2018,10-Q,Q2,2729000000.0,2729000000.0,2729000000.0,2729000000.0,2729000000.0,2729000000.0,,2729000000.0,2729000000.0,AVON,2729000000.0,1,1,0,1,1,1,1
AVON,2018-09-30,2018-11-02,2018,10-Q,Q3,4146800000.0,4146800000.0,4146800000.0,4146800000.0,4146800000.0,4146800000.0,,4146800000.0,4146800000.0,AVON,4146800000.0,1,1,0,1,1,1,1
AVON,2018-12-31,2019-02-21,2018,10-K,FY,816000000.0,816000000.0,816000000.0,816000000.0,816000000.0,816000000.0,,816000000.0,816000000.0,AVON,816000000.0,1,1,0,1,1,1,1
AVON,2019-03-31,2019-05-03,2019,10-Q,Q1,1393500000.0,1393500000.0,1393500000.0,1393500000.0,1393500000.0,1393500000.0,,1393500000.0,1393500000.0,AVON,1393500000.0,1,1,0,1,1,1,1
AVON,2019-06-30,2019-08-01,2019,10-Q,Q2,2745400000.0,2745400000.0,2745400000.0,2745400000.0,2745400000.0,2745400000.0,,2745400000.0,2745400000.0,AVON,2745400000.0,1,1,0,1,1,1,1
AVON,2019-09-30,2019-10-31,2019,10-Q,Q3,4169600000.0,4169600000.0,4169600000.0,4169600000.0,4169600000.0,4169600000.0,,4169600000.0,4169600000.0,AVON,4169600000.0,1,1,0,1,1,1,1
AVON,2019-12-31,2020-03-05,2019,10-K,FY,813800000.0,813800000.0,813800000.0,813800000.0,813800000.0,813800000.0,,813800000.0,813800000.0,AVON,813800000.0,1,1,0,1,1,1,1
AVON,2020-03-31,2020-05-14,2020,10-Q,Q1,5500000.0,5500000.0,5500000.0,5500000.0,5500000.0,5500000.0,,5500000.0,5500000.0,AVON,5500000.0,1,1,0,1,1,1,1
AVON,2020-06-30,2020-08-14,2020,10-Q,Q2,2361700000.0,2361700000.0,2361700000.0,2361700000.0,2361700000.0,2361700000.0,,2361700000.0,2361700000.0,AVON,2361700000.0,1,1,0,1,1,1,1
AVON,2020-09-30,2020-11-13,2020,10-Q,Q3,3549700000.0,3549700000.0,3549700000.0,3549700000.0,3549700000.0,3549700000.0,,3549700000.0,3549700000.0,AVON,3549700000.0,1,1,0,1,1,1,1
AVON,2020-12-31,2021-03-05,2020,10-K,FY,5571300000.0,5571300000.0,5571300000.0,5571300000.0,5571300000.0,5571300000.0,,5571300000.0,5571300000.0,AVON,5571300000.0,1,1,0,1,1,1,1
AVON,2021-03-31,2021-05-13,2021,10-Q,Q1,957300000.0,957300000.0,957300000.0,957300000.0,957300000.0,957300000.0,,957300000.0,957300000.0,AVON,957300000.0,1,1,0,1,1,1,1
AVON,2021-06-30,2021-08-13,2021,10-Q,Q2,1563800000.0,1563800000.0,1563800000.0,1563800000.0,1563800000.0,1563800000.0,,1563800000.0,1563800000.0,AVON,1563800000.0,1,1,0,1,1,1,1
AVON,2021-09-30,2021-11-12,2021,10-Q,Q3,2561800000.0,2561800000.0,2561800000.0,2561800000.0,2561800000.0,2561800000.0,,2561800000.0,2561800000.0,AVON,2561800000.0,1,1,0,1,1,1,1
AVON,2021-12-31,2022-03-10,2021,10-K,FY,4763200000.0,4763200000.0,4763200000.0,4763200000.0,4763200000.0,4763200000.0,,4763200000.0,4763200000.0,AVON,4763200000.0,1,1,0,1,1,1,1
AVON,2022-03-31,2022-05-06,2022,10-Q,Q1,904400000.0,904400000.0,904400000.0,904400000.0,904400000.0,904400000.0,,904400000.0,904400000.0,AVON,904400000.0,1,1,0,1,1,1,1
AVON,2022-06-30,2022-08-12,2022,10-Q,Q2,1821400000.0,1821400000.0,1821400000.0,1821400000.0,1821400000.0,1821400000.0,,1821400000.0,1821400000.0,AVON,1821400000.0,1,1,0,1,1,1,1
AVON,2022-09-30,2022-11-10,2022,10-Q,Q3,2589700000.0,2589700000.0,2589700000.0,2589700000.0,2589700000.0,2589700000.0,,2589700000.0,2589700000.0,AVON,2589700000.0,1,1,0,1,1,1,1
AVON,2022-12-31,2023-03-14,2022,10-K,FY,3625200000.0,3625200000.0,3625200000.0,3625200000.0,3625200000.0,3625200000.0,,3625200000.0,3625200000.0,AVON,3625200000.0,1,1,0,1,1,1,1
AVON,2023-03-31,2023-05-15,2023,10-Q,Q1,663300000.0,663300000.0,663300000.0,663300000.0,663300000.0,663300000.0,,663300000.0,663300000.0,AVON,663300000.0,1,1,0,1,1,1,1
CART,2023-09-30,2023-11-13,2023,10-Q,Q3,1254000000.0,1254000000.0,1254000000.0,1254000000.0,1254000000.0,1254000000.0,1254000000.0,1254000000.0,1254000000.0,CART,1254000000.0,1,1,1,1,1,1,1
CART,2023-12-31,2024-03-05,2023,10-K,FY,1226000000.0,1226000000.0,1226000000.0,1226000000.0,1226000000.0,1226000000.0,1226000000.0,1226000000.0,1226000000.0,CART,1226000000.0,1,1,1,1,1,1,1
CART,2024-03-31,2024-05-10,2024,10-Q,Q1,582000000.0,582000000.0,582000000.0,582000000.0,582000000.0,582000000.0,582000000.0,582000000.0,582000000.0,CART,582000000.0,1,1,1,1,1,1,1
CART,2024-06-30,2024-08-09,2024,10-Q,Q2,1109000000.0,1109000000.0,1109000000.0,1109000000.0,1109000000.0,1109000000.0,1109000000.0,1109000000.0,1109000000.0,CART,1109000000.0,1,1,1,1,1,1,1
CART,2024-09-30,2024-11-13,2024,10-Q,Q3,1670000000.0,1670000000.0,1670000000.0,1670000000.0,1670000000.0,1670000000.0,1670000000.0,1670000000.0,1670000000.0,CART,1670000000.0,1,1,1,1,1,1,1
CART,2024-12-31,2025-02-28,2024,10-K,FY,1831000000.0,1831000000.0,1831000000.0,1831000000.0,1831000000.0,1831000000.0,1831000000.0,1831000000.0,1831000000.0,CART,1831000000.0,1,1,1,1,1,1,1
CART,2025-03-31,2025-05-08,2025,10-Q,Q1,614000000.0,614000000.0,614000000.0,614000000.0,614000000.0,614000000.0,614000000.0,614000000.0,614000000.0,CART,614000000.0,1,1,1,1,1,1,1
CART,2025-06-30,2025-08-08,2025,10-Q,Q2,1237000000.0,1237000000.0,1237000000.0,1237000000.0,1237000000.0,1237000000.0,1237000000.0,1237000000.0,1237000000.0,CART,1237000000.0,1,1,1,1,1,1,1
CART,2025-09-30,2025-11-10,2025,10-Q,Q3,1878000000.0,1878000000.0,1878000000.0,1878000000.0,1878000000.0,1878000000.0,1878000000.0,1878000000.0,1878000000.0,CART,1878000000.0,1,1,1,1,1,1,1
CART,2025-12-31,2026-02-26,2025,10-K,FY,2278000000.0,2278000000.0,2278000000.0,2278000000.0,2278000000.0,2278000000.0,2278000000.0,2278000000.0,2278000000.0,CART,2278000000.0,1,1,1,1,1,1,1
DASH,2020-12-31,2021-03-05,2020,10-K,FY,-210000000.0,,,-210000000.0,-210000000.0,-210000000.0,,-210000000.0,-210000000.0,DASH,-210000000.0,0,1,0,1,1,0,1
DASH,2021-03-31,2021-05-14,2021,10-Q,Q1,-123000000.0,,,-123000000.0,-123000000.0,-123000000.0,,-123000000.0,-123000000.0,DASH,-123000000.0,0,1,0,1,1,0,1
DASH,2021-06-30,2021-08-13,2021,10-Q,Q2,-96000000.0,,,-96000000.0,-96000000.0,-96000000.0,,-96000000.0,-96000000.0,DASH,-96000000.0,0,1,0,1,1,0,1
DASH,2021-09-30,2021-11-10,2021,10-Q,Q3,-131000000.0,,,-131000000.0,-131000000.0,-131000000.0,,-131000000.0,-131000000.0,DASH,-131000000.0,0,1,0,1,1,0,1
DASH,2021-12-31,2022-03-01,2021,10-K,FY,-616000000.0,,,-616000000.0,-616000000.0,-616000000.0,,-616000000.0,-616000000.0,DASH,-616000000.0,0,1,0,1,1,0,1
DASH,2022-03-31,2022-05-06,2022,10-Q,Q1,-99000000.0,,,-99000000.0,-99000000.0,-99000000.0,,-99000000.0,-99000000.0,DASH,-99000000.0,0,1,0,1,1,0,1
DASH,2022-06-30,2022-08-05,2022,10-Q,Q2,-198000000.0,,,-198000000.0,-198000000.0,-198000000.0,,-198000000.0,-198000000.0,DASH,-198000000.0,0,1,0,1,1,0,1
DASH,2022-09-30,2022-11-04,2022,10-Q,Q3,-298000000.0,,,-298000000.0,-298000000.0,-298000000.0,,-298000000.0,-298000000.0,DASH,-298000000.0,0,1,0,1,1,0,1
DASH,2022-12-31,2023-02-27,2022,10-K,FY,-436000000.0,,,-436000000.0,-436000000.0,-436000000.0,,-436000000.0,-436000000.0,DASH,-436000000.0,0,1,0,1,1,0,1
DASH,2023-03-31,2023-05-05,2023,10-Q,Q1,-173000000.0,,,-173000000.0,-173000000.0,-173000000.0,,-173000000.0,-173000000.0,DASH,-173000000.0,0,1,0,1,1,0,1
DASH,2023-06-30,2023-08-02,2023,10-Q,Q2,-446000000.0,,,-446000000.0,-446000000.0,-446000000.0,,-446000000.0,-446000000.0,DASH,-446000000.0,0,1,0,1,1,0,1
DASH,2023-09-30,2023-11-01,2023,10-Q,Q3,-754000000.0,,,-754000000.0,-754000000.0,-754000000.0,,-754000000.0,-754000000.0,DASH,-754000000.0,0,1,0,1,1,0,1
DASH,2023-12-31,2024-02-20,2023,10-K,FY,-452000000.0,,,-452000000.0,-452000000.0,-452000000.0,,-452000000.0,-452000000.0,DASH,-452000000.0,0,1,0,1,1,0,1
DASH,2024-03-31,2024-05-01,2024,10-Q,Q1,-171000000.0,,,-171000000.0,-171000000.0,-171000000.0,,-171000000.0,-171000000.0,DASH,-171000000.0,0,1,0,1,1,0,1
DASH,2024-06-30,2024-08-01,2024,10-Q,Q2,-382000000.0,,,-382000000.0,-382000000.0,-382000000.0,,-382000000.0,-382000000.0,DASH,-382000000.0,0,1,0,1,1,0,1
DASH,2024-09-30,2024-10-30,2024,10-Q,Q3,-490000000.0,,,-490000000.0,-490000000.0,-490000000.0,,-490000000.0,-490000000.0,DASH,-490000000.0,0,1,0,1,1,0,1
DASH,2024-12-31,2025-02-14,2024,10-K,FY,-1124000000.0,,,-1124000000.0,-1124000000.0,-1124000000.0,,-1124000000.0,-1124000000.0,DASH,-1124000000.0,0,1,0,1,1,0,1
DASH,2025-03-31,2025-05-07,2025,10-Q,Q1,-61000000.0,,,-61000000.0,-61000000.0,-61000000.0,,-61000000.0,-61000000.0,DASH,-61000000.0,0,1,0,1,1,0,1
DASH,2025-06-30,2025-08-06,2025,10-Q,Q2,-262000000.0,,,-262000000.0,-262000000.0,-262000000.0,,-262000000.0,-262000000.0,DASH,-262000000.0,0,1,0,1,1,0,1
DASH,2025-09-30,2025-11-06,2025,10-Q,Q3,-155000000.0,,,-155000000.0,-155000000.0,-155000000.0,,-155000000.0,-155000000.0,DASH,-155000000.0,0,1,0,1,1,0,1
DASH,2025-12-31,2026-02-18,2025,10-K,FY,-579000000.0,,,-579000000.0,-579000000.0,-579000000.0,,-579000000.0,-579000000.0,DASH,-579000000.0,0,1,0,1,1,0,1
ETSY,2015-03-31,2015-05-22,2015,10-Q,Q1,40536000.0,40536000.0,40536000.0,40536000.0,40536000.0,40536000.0,40536000.0,40536000.0,40536000.0,ETSY,40536000.0,1,1,1,1,1,1,1
ETSY,2015-06-30,2015-08-06,2015,10-Q,Q2,83045000.0,83045000.0,83045000.0,83045000.0,83045000.0,83045000.0,83045000.0,83045000.0,83045000.0,ETSY,83045000.0,1,1,1,1,1,1,1
ETSY,2015-09-30,2015-11-05,2015,10-Q,Q3,130679000.0,130679000.0,130679000.0,130679000.0,130679000.0,130679000.0,130679000.0,130679000.0,130679000.0,ETSY,130679000.0,1,1,1,1,1,1,1
ETSY,2015-12-31,2016-03-01,2015,10-K,FY,125022000.0,125022000.0,125022000.0,125022000.0,125022000.0,125022000.0,125022000.0,125022000.0,125022000.0,ETSY,125022000.0,1,1,1,1,1,1,1
ETSY,2016-03-31,2016-05-05,2016,10-Q,Q1,58543000.0,58543000.0,58543000.0,58543000.0,58543000.0,58543000.0,58543000.0,58543000.0,58543000.0,ETSY,58543000.0,1,1,1,1,1,1,1
ETSY,2016-06-30,2016-08-04,2016,10-Q,Q2,119908000.0,119908000.0,119908000.0,119908000.0,119908000.0,119908000.0,119908000.0,119908000.0,119908000.0,ETSY,119908000.0,1,1,1,1,1,1,1
ETSY,2016-09-30,2016-11-03,2016,10-Q,Q3,185604000.0,185604000.0,185604000.0,185604000.0,185604000.0,185604000.0,185604000.0,185604000.0,185604000.0,ETSY,185604000.0,1,1,1,1,1,1,1
ETSY,2016-12-31,2017-02-28,2016,10-K,FY,195591000.0,195591000.0,195591000.0,195591000.0,195591000.0,195591000.0,195591000.0,195591000.0,195591000.0,ETSY,195591000.0,1,1,1,1,1,1,1
ETSY,2017-03-31,2017-05-02,2017,10-Q,Q1,81847000.0,81847000.0,81847000.0,81847000.0,81847000.0,81847000.0,81847000.0,81847000.0,81847000.0,ETSY,81847000.0,1,1,1,1,1,1,1
ETSY,2017-06-30,2017-08-07,2017,10-Q,Q2,167196000.0,167196000.0,167196000.0,167196000.0,167196000.0,167196000.0,167196000.0,167196000.0,167196000.0,ETSY,167196000.0,1,1,1,1,1,1,1
ETSY,2017-09-30,2017-11-08,2017,10-Q,Q3,254758000.0,254758000.0,254758000.0,254758000.0,254758000.0,254758000.0,254758000.0,254758000.0,254758000.0,ETSY,254758000.0,1,1,1,1,1,1,1
ETSY,2017-12-31,2018-03-01,2017,10-K,FY,273499000.0,273499000.0,273499000.0,273499000.0,273499000.0,273499000.0,273499000.0,273499000.0,273499000.0,ETSY,273499000.0,1,1,1,1,1,1,1
ETSY,2018-03-31,2018-05-09,2018,10-Q,Q1,96891000.0,96891000.0,96891000.0,96891000.0,96891000.0,96891000.0,96891000.0,96891000.0,96891000.0,ETSY,96891000.0,1,1,1,1,1,1,1
ETSY,2018-06-30,2018-08-07,2018,10-Q,Q2,128200000.0,128200000.0,128200000.0,128200000.0,128200000.0,128200000.0,128200000.0,128200000.0,128200000.0,ETSY,128200000.0,1,1,1,1,1,1,1
ETSY,2018-09-30,2018-11-07,2018,10-Q,Q3,198197000.0,198197000.0,198197000.0,198197000.0,198197000.0,198197000.0,198197000.0,198197000.0,198197000.0,ETSY,198197000.0,1,1,1,1,1,1,1
ETSY,2018-12-31,2019-02-28,2018,10-K,FY,241639000.0,241639000.0,241639000.0,241639000.0,241639000.0,241639000.0,241639000.0,241639000.0,241639000.0,ETSY,241639000.0,1,1,1,1,1,1,1
ETSY,2019-03-31,2019-05-09,2019,10-Q,Q1,79617000.0,79617000.0,79617000.0,79617000.0,79617000.0,79617000.0,79617000.0,79617000.0,79617000.0,ETSY,79617000.0,1,1,1,1,1,1,1
ETSY,2019-06-30,2019-08-02,2019,10-Q,Q2,166595000.0,166595000.0,166595000.0,166595000.0,166595000.0,166595000.0,166595000.0,166595000.0,166595000.0,ETSY,166595000.0,1,1,1,1,1,1,1
ETSY,2019-09-30,2019-10-31,2019,10-Q,Q3,270014000.0,270014000.0,270014000.0,270014000.0,270014000.0,270014000.0,270014000.0,270014000.0,270014000.0,ETSY,270014000.0,1,1,1,1,1,1,1
ETSY,2019-12-31,2020-02-27,2019,10-K,FY,290245000.0,290245000.0,290245000.0,290245000.0,290245000.0,290245000.0,290245000.0,290245000.0,290245000.0,ETSY,290245000.0,1,1,1,1,1,1,1
ETSY,2020-03-31,2020-05-07,2020,10-Q,Q1,116681000.0,116681000.0,116681000.0,116681000.0,116681000.0,116681000.0,116681000.0,116681000.0,116681000.0,ETSY,116681000.0,1,1,1,1,1,1,1
ETSY,2020-06-30,2020-08-06,2020,10-Q,Q2,239171000.0,239171000.0,239171000.0,239171000.0,239171000.0,239171000.0,239171000.0,239171000.0,239171000.0,ETSY,239171000.0,1,1,1,1,1,1,1
ETSY,2020-09-30,2020-10-29,2020,10-Q,Q3,368169000.0,368169000.0,368169000.0,368169000.0,368169000.0,368169000.0,368169000.0,368169000.0,368169000.0,ETSY,368169000.0,1,1,1,1,1,1,1
ETSY,2020-12-31,2021-02-26,2020,10-K,FY,412931000.0,412931000.0,412931000.0,412931000.0,412931000.0,412931000.0,412931000.0,412931000.0,412931000.0,ETSY,412931000.0,1,1,1,1,1,1,1
ETSY,2021-03-31,2021-05-06,2021,10-Q,Q1,145639000.0,145639000.0,145639000.0,145639000.0,145639000.0,145639000.0,145639000.0,145639000.0,145639000.0,ETSY,145639000.0,1,1,1,1,1,1,1
ETSY,2021-06-30,2021-08-05,2021,10-Q,Q2,462995000.0,462995000.0,462995000.0,462995000.0,462995000.0,462995000.0,462995000.0,462995000.0,462995000.0,ETSY,462995000.0,1,1,1,1,1,1,1
ETSY,2021-09-30,2021-11-04,2021,10-Q,Q3,794305000.0,794305000.0,794305000.0,794305000.0,794305000.0,794305000.0,794305000.0,794305000.0,794305000.0,ETSY,794305000.0,1,1,1,1,1,1,1
ETSY,2021-12-31,2022-02-25,2021,10-K,FY,547343000.0,547343000.0,547343000.0,547343000.0,547343000.0,547343000.0,547343000.0,547343000.0,547343000.0,ETSY,547343000.0,1,1,1,1,1,1,1
ETSY,2022-03-31,2022-05-05,2022,10-Q,Q1,407729000.0,407729000.0,407729000.0,407729000.0,407729000.0,407729000.0,407729000.0,407729000.0,407729000.0,ETSY,407729000.0,1,1,1,1,1,1,1
ETSY,2022-06-30,2022-07-28,2022,10-Q,Q2,787660000.0,787660000.0,787660000.0,787660000.0,787660000.0,787660000.0,787660000.0,787660000.0,787660000.0,ETSY,787660000.0,1,1,1,1,1,1,1
ETSY,2022-09-30,2022-11-03,2022,10-Q,Q3,1166429000.0,1166429000.0,1166429000.0,1166429000.0,1166429000.0,1166429000.0,1166429000.0,1166429000.0,1166429000.0,ETSY,1166429000.0,1,1,1,1,1,1,1
ETSY,2022-12-31,2023-02-23,2022,10-K,FY,1260880000.0,1260880000.0,1260880000.0,1260880000.0,1260880000.0,1260880000.0,1260880000.0,1260880000.0,1260880000.0,ETSY,1260880000.0,1,1,1,1,1,1,1
ETSY,2023-03-31,2023-05-04,2023,10-Q,Q1,406271000.0,406271000.0,406271000.0,406271000.0,406271000.0,406271000.0,406271000.0,406271000.0,406271000.0,ETSY,406271000.0,1,1,1,1,1,1,1
ETSY,2023-06-30,2023-08-03,2023,10-Q,Q2,819985000.0,819985000.0,819985000.0,819985000.0,819985000.0,819985000.0,819985000.0,819985000.0,819985000.0,ETSY,819985000.0,1,1,1,1,1,1,1
ETSY,2023-09-30,2023-11-02,2023,10-Q,Q3,1240053000.0,1240053000.0,1240053000.0,1240053000.0,1240053000.0,1240053000.0,1240053000.0,1240053000.0,1240053000.0,ETSY,1240053000.0,1,1,1,1,1,1,1
ETSY,2023-12-31,2024-02-22,2023,10-K,FY,1674602000.0,1674602000.0,1674602000.0,1674602000.0,1674602000.0,1674602000.0,1674602000.0,1674602000.0,1674602000.0,ETSY,1674602000.0,1,1,1,1,1,1,1
ETSY,2024-03-31,2024-05-02,2024,10-Q,Q1,445424000.0,445424000.0,445424000.0,445424000.0,445424000.0,445424000.0,445424000.0,445424000.0,445424000.0,ETSY,445424000.0,1,1,1,1,1,1,1
ETSY,2024-06-30,2024-08-01,2024,10-Q,Q2,885662000.0,885662000.0,885662000.0,885662000.0,885662000.0,885662000.0,885662000.0,885662000.0,885662000.0,ETSY,885662000.0,1,1,1,1,1,1,1
ETSY,2024-09-30,2024-10-31,2024,10-Q,Q3,1333137000.0,1333137000.0,1333137000.0,1333137000.0,1333137000.0,1333137000.0,1333137000.0,1333137000.0,1333137000.0,ETSY,1333137000.0,1,1,1,1,1,1,1
ETSY,2024-12-31,2025-02-19,2024,10-K,FY,1821519000.0,1821519000.0,1821519000.0,1821519000.0,1821519000.0,1821519000.0,1821519000.0,1821519000.0,1821519000.0,ETSY,1821519000.0,1,1,1,1,1,1,1
ETSY,2025-03-31,2025-04-30,2025,10-Q,Q1,458821000.0,458821000.0,458821000.0,458821000.0,458821000.0,458821000.0,458821000.0,458821000.0,458821000.0,ETSY,458821000.0,1,1,1,1,1,1,1
ETSY,2025-06-30,2025-07-30,2025,10-Q,Q2,922537000.0,922537000.0,922537000.0,922537000.0,922537000.0,922537000.0,922537000.0,922537000.0,922537000.0,ETSY,922537000.0,1,1,1,1,1,1,1
ETSY,2025-09-30,2025-10-29,2025,10-Q,Q3,1399307000.0,1399307000.0,1399307000.0,1399307000.0,1399307000.0,1399307000.0,1399307000.0,1399307000.0,1399307000.0,ETSY,1399307000.0,1,1,1,1,1,1,1
ETSY,2025-12-31,2026-02-19,2025,10-K,FY,1919702000.0,1919702000.0,1919702000.0,1919702000.0,1919702000.0,1919702000.0,1919702000.0,1919702000.0,1919702000.0,ETSY,1919702000.0,1,1,1,1,1,1,1
FVRR,2019-12-31,2020-03-31,2019,20-F,FY,52112000.0,52112000.0,52112000.0,52112000.0,52112000.0,52112000.0,52112000.0,52112000.0,52112000.0,FVRR,52112000.0,1,1,1,1,1,1,1
FVRR,2020-12-31,2021-02-18,2020,20-F,FY,75503000.0,75503000.0,75503000.0,75503000.0,75503000.0,75503000.0,75503000.0,75503000.0,75503000.0,FVRR,75503000.0,1,1,1,1,1,1,1
FVRR,2021-12-31,2022-02-17,2021,20-F,FY,107073000.0,107073000.0,107073000.0,107073000.0,107073000.0,107073000.0,107073000.0,107073000.0,107073000.0,FVRR,107073000.0,1,1,1,1,1,1,1
FVRR,2022-12-31,2023-03-30,2022,20-F,FY,189510000.0,189510000.0,189510000.0,189510000.0,189510000.0,189510000.0,189510000.0,189510000.0,189510000.0,FVRR,189510000.0,1,1,1,1,1,1,1
FVRR,2023-12-31,2024-02-22,2023,20-F,FY,297662000.0,297662000.0,297662000.0,297662000.0,297662000.0,297662000.0,297662000.0,297662000.0,297662000.0,FVRR,297662000.0,1,1,1,1,1,1,1
FVRR,2024-12-31,2025-02-19,2024,20-F,FY,337366000.0,337366000.0,337366000.0,337366000.0,337366000.0,337366000.0,337366000.0,337366000.0,337366000.0,FVRR,337366000.0,1,1,1,1,1,1,1
FVRR,2025-06-30,2025-07-30,2025,6-K,Q2,188187000.0,188187000.0,188187000.0,188187000.0,188187000.0,188187000.0,188187000.0,188187000.0,188187000.0,FVRR,188187000.0,1,1,1,1,1,1,1
FVRR,2025-12-31,2026-03-12,2025,20-F,FY,361375000.0,361375000.0,361375000.0,361375000.0,361375000.0,361375000.0,361375000.0,361375000.0,361375000.0,FVRR,361375000.0,1,1,1,1,1,1,1
GRUB,2014-03-31,2014-05-15,2014,10-Q,Q1,1256000.0,1256000.0,,1256000.0,,1256000.0,,,1256000.0,GRUB,1256000.0,0,0,0,0,1,1,1
GRUB,2014-06-30,2014-08-07,2014,10-Q,Q2,3079000.0,3079000.0,,3079000.0,,3079000.0,,,3079000.0,GRUB,3079000.0,0,0,0,0,1,1,1
GRUB,2014-09-30,2014-11-06,2014,10-Q,Q3,5133000.0,5133000.0,,5133000.0,,5133000.0,,,5133000.0,GRUB,5133000.0,0,0,0,0,1,1,1
GRUB,2014-12-31,2015-03-05,2014,10-K,FY,7919000.0,7919000.0,,7919000.0,,7919000.0,,,7919000.0,GRUB,7919000.0,0,0,0,0,1,1,1
GRUB,2015-03-31,2015-05-07,2015,10-Q,Q1,4353000.0,4353000.0,,4353000.0,,4353000.0,,,4353000.0,GRUB,4353000.0,0,0,0,0,1,1,1
GRUB,2015-06-30,2015-08-06,2015,10-Q,Q2,7045000.0,7045000.0,,7045000.0,,7045000.0,,,7045000.0,GRUB,7045000.0,0,0,0,0,1,1,1
GRUB,2015-09-30,2015-11-12,2015,10-Q,Q3,13498000.0,13498000.0,,13498000.0,,13498000.0,,,13498000.0,GRUB,13498000.0,0,0,0,0,1,1,1
GRUB,2015-12-31,2016-02-26,2015,10-K,FY,6747000.0,6747000.0,,6747000.0,,6747000.0,,,6747000.0,GRUB,6747000.0,0,0,0,0,1,1,1
GRUB,2016-03-31,2016-05-09,2016,10-Q,Q1,10570000.0,10570000.0,,10570000.0,,10570000.0,,,10570000.0,GRUB,10570000.0,0,0,0,0,1,1,1
GRUB,2016-06-30,2016-08-08,2016,10-Q,Q2,19922000.0,19922000.0,,19922000.0,,19922000.0,,,19922000.0,GRUB,19922000.0,0,0,0,0,1,1,1
GRUB,2016-09-30,2016-11-08,2016,10-Q,Q3,26789000.0,26789000.0,,26789000.0,,26789000.0,,,26789000.0,GRUB,26789000.0,0,0,0,0,1,1,1
GRUB,2016-12-31,2017-02-28,2016,10-K,FY,24263000.0,24263000.0,,24263000.0,,24263000.0,,,24263000.0,GRUB,24263000.0,0,0,0,0,1,1,1
GRUB,2017-03-31,2017-05-09,2017,10-Q,Q1,9933000.0,9933000.0,,9933000.0,,9933000.0,,,9933000.0,GRUB,9933000.0,0,0,0,0,1,1,1
GRUB,2017-06-30,2017-08-08,2017,10-Q,Q2,22738000.0,22738000.0,,22738000.0,,22738000.0,,,22738000.0,GRUB,22738000.0,0,0,0,0,1,1,1
GRUB,2017-09-30,2017-11-08,2017,10-Q,Q3,35920000.0,35920000.0,,35920000.0,,35920000.0,,,35920000.0,GRUB,35920000.0,0,0,0,0,1,1,1
GRUB,2017-12-31,2018-02-28,2017,10-K,FY,61422000.0,61422000.0,,61422000.0,,61422000.0,,61422000.0,61422000.0,GRUB,61422000.0,0,1,0,0,1,1,1
GRUB,2018-03-31,2018-05-08,2018,10-Q,Q1,24764000.0,24764000.0,,24764000.0,,24764000.0,,24764000.0,24764000.0,GRUB,24764000.0,0,1,0,0,1,1,1
GRUB,2018-06-30,2018-08-06,2018,10-Q,Q2,46545000.0,46545000.0,,46545000.0,,46545000.0,,46545000.0,46545000.0,GRUB,46545000.0,0,1,0,0,1,1,1
GRUB,2018-09-30,2018-11-06,2018,10-Q,Q3,63592000.0,63592000.0,,63592000.0,,63592000.0,,63592000.0,63592000.0,GRUB,63592000.0,0,1,0,0,1,1,1
GRUB,2018-12-31,2019-02-28,2018,10-K,FY,83123000.0,83123000.0,,83123000.0,,83123000.0,,83123000.0,83123000.0,GRUB,83123000.0,0,1,0,0,1,1,1
GRUB,2019-03-31,2019-05-10,2019,10-Q,Q1,31552000.0,31552000.0,,31552000.0,,31552000.0,,31552000.0,31552000.0,GRUB,31552000.0,0,1,0,0,1,1,1
GRUB,2019-06-30,2019-08-06,2019,10-Q,Q2,65871000.0,65871000.0,,65871000.0,,65871000.0,,65871000.0,65871000.0,GRUB,65871000.0,0,1,0,0,1,1,1
GRUB,2019-09-30,2019-11-07,2019,10-Q,Q3,87719000.0,87719000.0,,87719000.0,,87719000.0,,87719000.0,87719000.0,GRUB,87719000.0,0,1,0,0,1,1,1
GRUB,2019-12-31,2020-02-28,2019,10-K,FY,89750000.0,89750000.0,,89750000.0,,89750000.0,,89750000.0,89750000.0,GRUB,89750000.0,0,1,0,0,1,1,1
GRUB,2020-03-31,2020-05-11,2020,10-Q,Q1,8840000.0,8840000.0,,8840000.0,,8840000.0,,8840000.0,8840000.0,GRUB,8840000.0,0,1,0,0,1,1,1
GRUB,2020-06-30,2020-08-10,2020,10-Q,Q2,14957000.0,14957000.0,,14957000.0,,14957000.0,,14957000.0,14957000.0,GRUB,14957000.0,0,1,0,0,1,1,1
GRUB,2020-09-30,2020-11-06,2020,10-Q,Q3,18545000.0,18545000.0,,18545000.0,,18545000.0,,18545000.0,18545000.0,GRUB,18545000.0,0,1,0,0,1,1,1
GRUB,2020-12-31,2021-03-01,2020,10-K,FY,84963000.0,84963000.0,,84963000.0,,84963000.0,,84963000.0,84963000.0,GRUB,84963000.0,0,1,0,0,1,1,1
GRUB,2021-03-31,2021-05-06,2021,10-Q,Q1,-45908000.0,-45908000.0,,-45908000.0,,-45908000.0,,-45908000.0,-45908000.0,GRUB,-45908000.0,0,1,0,0,1,1,1
HLF,2010-06-30,2010-08-02,2010,10-Q,Q2,868646000.0,868646000.0,868646000.0,868646000.0,868646000.0,868646000.0,,868646000.0,868646000.0,HLF,868646000.0,1,1,0,1,1,1,1
HLF,2010-09-30,2010-11-01,2010,10-Q,Q3,1337087000.0,1337087000.0,1337087000.0,1337087000.0,1337087000.0,1337087000.0,,1337087000.0,1337087000.0,HLF,1337087000.0,1,1,0,1,1,1,1
HLF,2010-12-31,2011-02-22,2010,10-K,FY,1900817000.0,1900817000.0,1900817000.0,1900817000.0,1900817000.0,1900817000.0,,1900817000.0,1900817000.0,HLF,1900817000.0,1,1,0,1,1,1,1
HLF,2011-03-31,2011-05-02,2011,10-Q,Q1,478161000.0,478161000.0,478161000.0,478161000.0,478161000.0,478161000.0,,478161000.0,478161000.0,HLF,478161000.0,1,1,0,1,1,1,1
HLF,2011-06-30,2011-08-01,2011,10-Q,Q2,1030406000.0,1030406000.0,1030406000.0,1030406000.0,1030406000.0,1030406000.0,,1030406000.0,1030406000.0,HLF,1030406000.0,1,1,0,1,1,1,1
HLF,2011-09-30,2011-10-31,2011,10-Q,Q3,1585572000.0,1585572000.0,1585572000.0,1585572000.0,1585572000.0,1585572000.0,,1585572000.0,1585572000.0,HLF,1585572000.0,1,1,0,1,1,1,1
HLF,2011-12-31,2012-02-21,2011,10-K,FY,1831443000.0,1831443000.0,1831443000.0,1831443000.0,1831443000.0,1831443000.0,,1831443000.0,1831443000.0,HLF,1831443000.0,1,1,0,1,1,1,1
HLF,2012-03-31,2012-04-30,2012,10-Q,Q1,632303000.0,632303000.0,632303000.0,632303000.0,632303000.0,632303000.0,,632303000.0,632303000.0,HLF,632303000.0,1,1,0,1,1,1,1
HLF,2012-06-30,2012-07-30,2012,10-Q,Q2,1340934000.0,1340934000.0,1340934000.0,1340934000.0,1340934000.0,1340934000.0,,1340934000.0,1340934000.0,HLF,1340934000.0,1,1,0,1,1,1,1
HLF,2012-09-30,2012-10-29,2012,10-Q,Q3,2060844000.0,2060844000.0,2060844000.0,2060844000.0,2060844000.0,2060844000.0,,2060844000.0,2060844000.0,HLF,2060844000.0,1,1,0,1,1,1,1
HLF,2012-12-31,2013-02-19,2012,10-K,FY,2175415000.0,2175415000.0,2175415000.0,2175415000.0,2175415000.0,2175415000.0,,2175415000.0,2175415000.0,HLF,2175415000.0,1,1,0,1,1,1,1
HLF,2013-03-31,2013-04-29,2013,10-Q,Q1,768031000.0,768031000.0,768031000.0,768031000.0,768031000.0,768031000.0,,768031000.0,768031000.0,HLF,768031000.0,1,1,0,1,1,1,1
HLF,2013-06-30,2013-07-29,2013,10-Q,Q2,1596242000.0,1596242000.0,1596242000.0,1596242000.0,1596242000.0,1596242000.0,,1596242000.0,1596242000.0,HLF,1596242000.0,1,1,0,1,1,1,1
HLF,2013-09-30,2013-10-28,2013,10-Q,Q3,2411532000.0,2411532000.0,2411532000.0,2411532000.0,2411532000.0,2411532000.0,,2411532000.0,2411532000.0,HLF,2411532000.0,1,1,0,1,1,1,1
HLF,2013-12-31,2014-02-18,2013,10-K,FY,2774453000.0,2774453000.0,2774453000.0,2774453000.0,2774453000.0,2774453000.0,,2774453000.0,2774453000.0,HLF,2774453000.0,1,1,0,1,1,1,1
HLF,2014-03-31,2014-04-28,2014,10-Q,Q1,897670000.0,897670000.0,897670000.0,897670000.0,897670000.0,897670000.0,,897670000.0,897670000.0,HLF,897670000.0,1,1,0,1,1,1,1
HLF,2014-06-30,2014-07-28,2014,10-Q,Q2,1869685000.0,1869685000.0,1869685000.0,1869685000.0,1869685000.0,1869685000.0,,1869685000.0,1869685000.0,HLF,1869685000.0,1,1,0,1,1,1,1
HLF,2014-09-30,2014-11-03,2014,10-Q,Q3,2844813000.0,2844813000.0,2844813000.0,2844813000.0,2844813000.0,2844813000.0,,2844813000.0,2844813000.0,HLF,2844813000.0,1,1,0,1,1,1,1
HLF,2014-12-31,2015-02-26,2014,10-K,FY,3259700000.0,3259700000.0,3259700000.0,3259700000.0,3259700000.0,3259700000.0,,3259700000.0,3259700000.0,HLF,3259700000.0,1,1,0,1,1,1,1
HLF,2015-03-31,2015-05-05,2015,10-Q,Q1,1011400000.0,1011400000.0,1011400000.0,1011400000.0,1011400000.0,1011400000.0,,1011400000.0,1011400000.0,HLF,1011400000.0,1,1,0,1,1,1,1
HLF,2015-06-30,2015-08-05,2015,10-Q,Q2,2060500000.0,2060500000.0,2060500000.0,2060500000.0,2060500000.0,2060500000.0,,2060500000.0,2060500000.0,HLF,2060500000.0,1,1,0,1,1,1,1
HLF,2015-09-30,2015-11-03,2015,10-Q,Q3,3061700000.0,3061700000.0,3061700000.0,3061700000.0,3061700000.0,3061700000.0,,3061700000.0,3061700000.0,HLF,3061700000.0,1,1,0,1,1,1,1
HLF,2015-12-31,2016-02-25,2015,10-K,FY,3861900000.0,3861900000.0,3861900000.0,3861900000.0,3861900000.0,3861900000.0,,3861900000.0,3861900000.0,HLF,3861900000.0,1,1,0,1,1,1,1
HLF,2016-03-31,2016-05-05,2016,10-Q,Q1,890000000.0,890000000.0,890000000.0,890000000.0,890000000.0,890000000.0,,890000000.0,890000000.0,HLF,890000000.0,1,1,0,1,1,1,1
HLF,2016-06-30,2016-08-03,2016,10-Q,Q2,1823000000.0,1823000000.0,1823000000.0,1823000000.0,1823000000.0,1823000000.0,,1823000000.0,1823000000.0,HLF,1823000000.0,1,1,0,1,1,1,1
HLF,2016-09-30,2016-11-01,2016,10-Q,Q3,2719000000.0,2719000000.0,2719000000.0,2719000000.0,2719000000.0,2719000000.0,,2719000000.0,2719000000.0,HLF,2719000000.0,1,1,0,1,1,1,1
HLF,2016-12-31,2017-02-23,2016,10-K,FY,3975700000.0,3975700000.0,3975700000.0,3975700000.0,3975700000.0,3975700000.0,,3975700000.0,3975700000.0,HLF,3975700000.0,1,1,0,1,1,1,1
HLF,2017-03-31,2017-05-04,2017,10-Q,Q1,906500000.0,906500000.0,906500000.0,906500000.0,906500000.0,906500000.0,,906500000.0,906500000.0,HLF,906500000.0,1,1,0,1,1,1,1
HLF,2017-06-30,2017-08-01,2017,10-Q,Q2,1872000000.0,1872000000.0,1872000000.0,1872000000.0,1872000000.0,1872000000.0,,1872000000.0,1872000000.0,HLF,1872000000.0,1,1,0,1,1,1,1
HLF,2017-09-30,2017-11-02,2017,10-Q,Q3,2784900000.0,2784900000.0,2784900000.0,2784900000.0,2784900000.0,2784900000.0,,2784900000.0,2784900000.0,HLF,2784900000.0,1,1,0,1,1,1,1
HLF,2017-12-31,2018-02-22,2017,10-K,FY,3613000000.0,3613000000.0,3613000000.0,3613000000.0,3613000000.0,3613000000.0,,3613000000.0,3613000000.0,HLF,3613000000.0,1,1,0,1,1,1,1
HLF,2018-03-31,2018-05-03,2018,10-Q,Q1,897500000.0,897500000.0,897500000.0,897500000.0,897500000.0,897500000.0,,897500000.0,897500000.0,HLF,897500000.0,1,1,0,1,1,1,1
HLF,2018-06-30,2018-08-01,2018,10-Q,Q2,1825600000.0,1825600000.0,1825600000.0,1825600000.0,1825600000.0,1825600000.0,,1825600000.0,1825600000.0,HLF,1825600000.0,1,1,0,1,1,1,1
HLF,2018-09-30,2018-10-30,2018,10-Q,Q3,2695600000.0,2695600000.0,2695600000.0,2695600000.0,2695600000.0,2695600000.0,,2695600000.0,2695600000.0,HLF,2695600000.0,1,1,0,1,1,1,1
HLF,2018-12-31,2019-02-19,2018,10-K,FY,3633800000.0,3633800000.0,3633800000.0,3633800000.0,3633800000.0,3633800000.0,,3633800000.0,3633800000.0,HLF,3633800000.0,1,1,0,1,1,1,1
HLF,2019-03-31,2019-05-02,2019,10-Q,Q1,937000000.0,937000000.0,937000000.0,937000000.0,937000000.0,937000000.0,,937000000.0,937000000.0,HLF,937000000.0,1,1,0,1,1,1,1
HLF,2019-06-30,2019-08-01,2019,10-Q,Q2,1987100000.0,1987100000.0,1987100000.0,1987100000.0,1987100000.0,1987100000.0,,1987100000.0,1987100000.0,HLF,1987100000.0,1,1,0,1,1,1,1
HLF,2019-09-30,2019-10-29,2019,10-Q,Q3,3011800000.0,3011800000.0,3011800000.0,3011800000.0,3011800000.0,3011800000.0,,3011800000.0,3011800000.0,HLF,3011800000.0,1,1,0,1,1,1,1
HLF,2019-12-31,2020-02-18,2019,10-K,FY,3579100000.0,3579100000.0,3579100000.0,3579100000.0,3579100000.0,3579100000.0,,3579100000.0,3579100000.0,HLF,3579100000.0,1,1,0,1,1,1,1
HLF,2020-03-31,2020-05-07,2020,10-Q,Q1,930600000.0,930600000.0,930600000.0,930600000.0,930600000.0,930600000.0,,930600000.0,930600000.0,HLF,930600000.0,1,1,0,1,1,1,1
HLF,2020-06-30,2020-08-06,2020,10-Q,Q2,1927500000.0,1927500000.0,1927500000.0,1927500000.0,1927500000.0,1927500000.0,,1927500000.0,1927500000.0,HLF,1927500000.0,1,1,0,1,1,1,1
HLF,2020-09-30,2020-11-05,2020,10-Q,Q3,2928600000.0,2928600000.0,2928600000.0,2928600000.0,2928600000.0,2928600000.0,,2928600000.0,2928600000.0,HLF,2928600000.0,1,1,0,1,1,1,1
HLF,2020-12-31,2021-02-17,2020,10-K,FY,3972500000.0,3972500000.0,3972500000.0,3972500000.0,3972500000.0,3972500000.0,,3972500000.0,3972500000.0,HLF,3972500000.0,1,1,0,1,1,1,1
HLF,2021-03-31,2021-05-04,2021,10-Q,Q1,1016700000.0,1016700000.0,1016700000.0,1016700000.0,1016700000.0,1016700000.0,,1016700000.0,1016700000.0,HLF,1016700000.0,1,1,0,1,1,1,1
HLF,2021-06-30,2021-08-03,2021,10-Q,Q2,2090800000.0,2090800000.0,2090800000.0,2090800000.0,2090800000.0,2090800000.0,,2090800000.0,2090800000.0,HLF,2090800000.0,1,1,0,1,1,1,1
HLF,2021-09-30,2021-11-02,2021,10-Q,Q3,3289900000.0,3289900000.0,3289900000.0,3289900000.0,3289900000.0,3289900000.0,,3289900000.0,3289900000.0,HLF,3289900000.0,1,1,0,1,1,1,1
HLF,2021-12-31,2022-02-23,2021,10-K,FY,3919100000.0,3919100000.0,3919100000.0,3919100000.0,3919100000.0,3919100000.0,,3919100000.0,3919100000.0,HLF,3919100000.0,1,1,0,1,1,1,1
HLF,2022-03-31,2022-05-03,2022,10-Q,Q1,1187300000.0,1187300000.0,1187300000.0,1187300000.0,1187300000.0,1187300000.0,,1187300000.0,1187300000.0,HLF,1187300000.0,1,1,0,1,1,1,1
HLF,2022-06-30,2022-08-02,2022,10-Q,Q2,2416400000.0,2416400000.0,2416400000.0,2416400000.0,2416400000.0,2416400000.0,,2416400000.0,2416400000.0,HLF,2416400000.0,1,1,0,1,1,1,1
HLF,2022-09-30,2022-10-31,2022,10-Q,Q3,3542100000.0,3542100000.0,3542100000.0,3542100000.0,3542100000.0,3542100000.0,,3542100000.0,3542100000.0,HLF,3542100000.0,1,1,0,1,1,1,1
HLF,2022-12-31,2023-02-14,2022,10-K,FY,4391200000.0,4391200000.0,4391200000.0,4391200000.0,4391200000.0,4391200000.0,,4391200000.0,4391200000.0,HLF,4391200000.0,1,1,0,1,1,1,1
HLF,2023-03-31,2023-05-02,2023,10-Q,Q1,1028700000.0,1028700000.0,1028700000.0,1028700000.0,1028700000.0,1028700000.0,,1028700000.0,1028700000.0,HLF,1028700000.0,1,1,0,1,1,1,1
HLF,2023-06-30,2023-08-02,2023,10-Q,Q2,2105600000.0,2105600000.0,2105600000.0,2105600000.0,2105600000.0,2105600000.0,,2105600000.0,2105600000.0,HLF,2105600000.0,1,1,0,1,1,1,1
HLF,2023-09-30,2023-11-01,2023,10-Q,Q3,3115600000.0,3115600000.0,3115600000.0,3115600000.0,3115600000.0,3115600000.0,,3115600000.0,3115600000.0,HLF,3115600000.0,1,1,0,1,1,1,1
HLF,2023-12-31,2024-02-14,2023,10-K,FY,4563500000.0,4563500000.0,4563500000.0,4563500000.0,4563500000.0,4563500000.0,,4563500000.0,4563500000.0,HLF,4563500000.0,1,1,0,1,1,1,1
HLF,2024-03-31,2024-05-01,2024,10-Q,Q1,953500000.0,953500000.0,953500000.0,953500000.0,953500000.0,953500000.0,,953500000.0,953500000.0,HLF,953500000.0,1,1,0,1,1,1,1
HLF,2024-06-30,2024-07-31,2024,10-Q,Q2,1965900000.0,1965900000.0,1965900000.0,1965900000.0,1965900000.0,1965900000.0,,1965900000.0,1965900000.0,HLF,1965900000.0,1,1,0,1,1,1,1
HLF,2024-09-30,2024-10-30,2024,10-Q,Q3,2944000000.0,2944000000.0,2944000000.0,2944000000.0,2944000000.0,2944000000.0,,2944000000.0,2944000000.0,HLF,2944000000.0,1,1,0,1,1,1,1
HLF,2024-12-31,2025-02-19,2024,10-K,FY,4030800000.0,4030800000.0,4030800000.0,4030800000.0,4030800000.0,4030800000.0,,4030800000.0,4030800000.0,HLF,4030800000.0,1,1,0,1,1,1,1
HLF,2025-03-31,2025-04-30,2025,10-Q,Q1,979300000.0,979300000.0,979300000.0,979300000.0,979300000.0,979300000.0,,979300000.0,979300000.0,HLF,979300000.0,1,1,0,1,1,1,1
HLF,2025-06-30,2025-08-06,2025,10-Q,Q2,1977300000.0,1977300000.0,1977300000.0,1977300000.0,1977300000.0,1977300000.0,,1977300000.0,1977300000.0,HLF,1977300000.0,1,1,0,1,1,1,1
HLF,2025-09-30,2025-11-05,2025,10-Q,Q3,2948900000.0,2948900000.0,2948900000.0,2948900000.0,2948900000.0,2948900000.0,,2948900000.0,2948900000.0,HLF,2948900000.0,1,1,0,1,1,1,1
HLF,2025-12-31,2026-02-18,2025,10-K,FY,3871400000.0,3871400000.0,3871400000.0,3871400000.0,3871400000.0,3871400000.0,,3871400000.0,3871400000.0,HLF,3871400000.0,1,1,0,1,1,1,1
LYFT,2019-03-31,2019-05-14,2019,10-Q,Q1,-245379000.0,-245379000.0,,-245379000.0,-245379000.0,-245379000.0,,-245379000.0,-245379000.0,LYFT,-245379000.0,0,1,0,1,1,1,1
LYFT,2019-06-30,2019-08-13,2019,10-Q,Q2,-439013000.0,-439013000.0,,-439013000.0,-439013000.0,-439013000.0,,-439013000.0,-439013000.0,LYFT,-439013000.0,0,1,0,1,1,1,1
LYFT,2019-09-30,2019-11-04,2019,10-Q,Q3,-707688000.0,-707688000.0,,-707688000.0,-707688000.0,-707688000.0,,-707688000.0,-707688000.0,LYFT,-707688000.0,0,1,0,1,1,1,1
LYFT,2019-12-31,2020-02-28,2019,10-K,FY,-708272000.0,-708272000.0,,-708272000.0,-708272000.0,-708272000.0,,-708272000.0,-708272000.0,LYFT,-708272000.0,0,1,0,1,1,1,1
LYFT,2020-03-31,2020-05-08,2020,10-Q,Q1,776027000.0,776027000.0,,776027000.0,776027000.0,776027000.0,,776027000.0,776027000.0,LYFT,776027000.0,0,1,0,1,1,1,1
LYFT,2020-06-30,2020-08-13,2020,10-Q,Q2,1643292000.0,1643292000.0,,1643292000.0,1643292000.0,1643292000.0,,1643292000.0,1643292000.0,LYFT,1643292000.0,0,1,0,1,1,1,1
LYFT,2020-09-30,2020-11-12,2020,10-Q,Q3,2598890000.0,2598890000.0,,2598890000.0,2598890000.0,2598890000.0,,2598890000.0,2598890000.0,LYFT,2598890000.0,0,1,0,1,1,1,1
LYFT,2020-12-31,2021-03-01,2020,10-K,FY,2156616000.0,2156616000.0,,2156616000.0,2156616000.0,2156616000.0,,2156616000.0,2156616000.0,LYFT,2156616000.0,0,1,0,1,1,1,1
LYFT,2021-03-31,2021-05-06,2021,10-Q,Q1,955712000.0,955712000.0,,955712000.0,955712000.0,955712000.0,,955712000.0,955712000.0,LYFT,955712000.0,0,1,0,1,1,1,1
LYFT,2021-06-30,2021-08-05,2021,10-Q,Q2,1295057000.0,1295057000.0,,1295057000.0,1295057000.0,1295057000.0,,1295057000.0,1295057000.0,LYFT,1295057000.0,0,1,0,1,1,1,1
LYFT,2021-09-30,2021-11-04,2021,10-Q,Q3,1794801000.0,1794801000.0,,1794801000.0,1794801000.0,1794801000.0,,1794801000.0,1794801000.0,LYFT,1794801000.0,0,1,0,1,1,1,1
LYFT,2021-12-31,2022-02-28,2021,10-K,FY,3615960000.0,3615960000.0,,3615960000.0,3615960000.0,3615960000.0,,3615960000.0,3615960000.0,LYFT,3615960000.0,0,1,0,1,1,1,1
LYFT,2022-03-31,2022-05-10,2022,10-Q,Q1,608960000.0,608960000.0,,608960000.0,608960000.0,608960000.0,,608960000.0,608960000.0,LYFT,608960000.0,0,1,0,1,1,1,1
LYFT,2022-06-30,2022-08-05,2022,10-Q,Q2,1373985000.0,1373985000.0,,1373985000.0,1373985000.0,1373985000.0,,1373985000.0,1373985000.0,LYFT,1373985000.0,0,1,0,1,1,1,1
LYFT,2022-09-30,2022-11-08,2022,10-Q,Q3,2238390000.0,2238390000.0,,2238390000.0,2238390000.0,2238390000.0,,2238390000.0,2238390000.0,LYFT,2238390000.0,0,1,0,1,1,1,1
LYFT,2022-12-31,2023-02-27,2022,10-K,FY,2364681000.0,2364681000.0,,2364681000.0,2364681000.0,2364681000.0,,2364681000.0,2364681000.0,LYFT,2364681000.0,0,1,0,1,1,1,1
LYFT,2023-03-31,2023-05-08,2023,10-Q,Q1,875575000.0,875575000.0,,875575000.0,875575000.0,875575000.0,,875575000.0,875575000.0,LYFT,875575000.0,0,1,0,1,1,1,1
LYFT,2023-06-30,2023-08-09,2023,10-Q,Q2,1866323000.0,1866323000.0,,1866323000.0,1866323000.0,1866323000.0,,1866323000.0,1866323000.0,LYFT,1866323000.0,0,1,0,1,1,1,1
LYFT,2023-09-30,2023-11-09,2023,10-Q,Q3,2920143000.0,2920143000.0,,2920143000.0,2920143000.0,2920143000.0,,2920143000.0,2920143000.0,LYFT,2920143000.0,0,1,0,1,1,1,1
LYFT,2023-12-31,2024-02-20,2023,10-K,FY,3208323000.0,3208323000.0,,3208323000.0,3208323000.0,3208323000.0,,3208323000.0,3208323000.0,LYFT,3208323000.0,0,1,0,1,1,1,1
LYFT,2024-03-31,2024-05-09,2024,10-Q,Q1,1000548000.0,1000548000.0,,1000548000.0,1000548000.0,1000548000.0,,1000548000.0,1000548000.0,LYFT,1000548000.0,0,1,0,1,1,1,1
LYFT,2024-06-30,2024-08-07,2024,10-Q,Q2,2021454000.0,2021454000.0,,2021454000.0,2021454000.0,2021454000.0,,2021454000.0,2021454000.0,LYFT,2021454000.0,0,1,0,1,1,1,1
LYFT,2024-09-30,2024-11-07,2024,10-Q,Q3,3179004000.0,3179004000.0,,3179004000.0,3179004000.0,3179004000.0,,3179004000.0,3179004000.0,LYFT,3179004000.0,0,1,0,1,1,1,1
LYFT,2024-12-31,2025-02-14,2024,10-K,FY,4095135000.0,4095135000.0,,4095135000.0,4095135000.0,4095135000.0,,4095135000.0,4095135000.0,LYFT,4095135000.0,0,1,0,1,1,1,1
LYFT,2025-03-31,2025-05-09,2025,10-Q,Q1,1277201000.0,1277201000.0,,1277201000.0,1277201000.0,1277201000.0,,1277201000.0,1277201000.0,LYFT,1277201000.0,0,1,0,1,1,1,1
LYFT,2025-06-30,2025-08-07,2025,10-Q,Q2,2713047000.0,2713047000.0,,2713047000.0,2713047000.0,2713047000.0,,2713047000.0,2713047000.0,LYFT,2713047000.0,0,1,0,1,1,1,1
LYFT,2025-09-30,2025-11-05,2025,10-Q,Q3,4235739000.0,4235739000.0,,4235739000.0,4235739000.0,4235739000.0,,4235739000.0,4235739000.0,LYFT,4235739000.0,0,1,0,1,1,1,1
LYFT,2025-12-31,2026-02-11,2025,10-K,FY,4403589000.0,4403589000.0,,4403589000.0,4403589000.0,4403589000.0,,4403589000.0,4403589000.0,LYFT,4403589000.0,0,1,0,1,1,1,1
PRI,2011-06-30,2011-08-09,2011,10-Q,Q2,841239000.0,841239000.0,,841239000.0,841239000.0,841239000.0,,,841239000.0,PRI,841239000.0,0,0,0,1,1,1,1
PRI,2011-09-30,2011-11-08,2011,10-Q,Q3,1082476000.0,1082476000.0,,1082476000.0,1082476000.0,1082476000.0,,,1082476000.0,PRI,1082476000.0,0,0,0,1,1,1,1
PRI,2011-12-31,2012-02-28,2011,10-K,FY,2220401000.0,2220401000.0,,2220401000.0,2220401000.0,2220401000.0,,,2220401000.0,PRI,2220401000.0,0,0,0,1,1,1,1
PRI,2012-03-31,2012-05-08,2012,10-Q,Q1,276352000.0,276352000.0,,276352000.0,276352000.0,276352000.0,,,276352000.0,PRI,276352000.0,0,0,0,1,1,1,1
PRI,2012-06-30,2012-08-08,2012,10-Q,Q2,551447000.0,551447000.0,,551447000.0,551447000.0,551447000.0,,,551447000.0,PRI,551447000.0,0,0,0,1,1,1,1
PRI,2012-09-30,2012-11-08,2012,10-Q,Q3,827238000.0,827238000.0,,827238000.0,827238000.0,827238000.0,,,827238000.0,PRI,827238000.0,0,0,0,1,1,1,1
PRI,2012-12-31,2013-02-27,2012,10-K,FY,1361863000.0,1361863000.0,,1361863000.0,1361863000.0,1361863000.0,,,1361863000.0,PRI,1361863000.0,0,0,0,1,1,1,1
PRI,2013-03-31,2013-05-08,2013,10-Q,Q1,286601000.0,286601000.0,,286601000.0,286601000.0,286601000.0,,,286601000.0,PRI,286601000.0,0,0,0,1,1,1,1
PRI,2013-06-30,2013-08-07,2013,10-Q,Q2,587126000.0,587126000.0,,587126000.0,587126000.0,587126000.0,,,587126000.0,PRI,587126000.0,0,0,0,1,1,1,1
PRI,2013-09-30,2013-11-07,2013,10-Q,Q3,886214000.0,886214000.0,,886214000.0,886214000.0,886214000.0,,,886214000.0,PRI,886214000.0,0,0,0,1,1,1,1
PRI,2013-12-31,2014-02-27,2013,10-K,FY,1103093000.0,1103093000.0,,1103093000.0,1103093000.0,1103093000.0,,,1103093000.0,PRI,1103093000.0,0,0,0,1,1,1,1
PRI,2014-03-31,2014-05-06,2014,10-Q,Q1,298450000.0,298450000.0,,298450000.0,298450000.0,298450000.0,,,298450000.0,PRI,298450000.0,0,0,0,1,1,1,1
PRI,2014-06-30,2014-08-07,2014,10-Q,Q2,601940000.0,601940000.0,,601940000.0,601940000.0,601940000.0,,,601940000.0,PRI,601940000.0,0,0,0,1,1,1,1
PRI,2014-09-30,2014-11-05,2014,10-Q,Q3,912348000.0,912348000.0,,912348000.0,912348000.0,912348000.0,,,912348000.0,PRI,912348000.0,0,0,0,1,1,1,1
PRI,2014-12-31,2015-02-26,2014,10-K,FY,1153772000.0,1153772000.0,,1153772000.0,1153772000.0,1153772000.0,,,1153772000.0,PRI,1153772000.0,0,0,0,1,1,1,1
PRI,2015-03-31,2015-05-07,2015,10-Q,Q1,324328000.0,324328000.0,,324328000.0,324328000.0,324328000.0,,,324328000.0,PRI,324328000.0,0,0,0,1,1,1,1
PRI,2015-06-30,2015-08-06,2015,10-Q,Q2,655458000.0,655458000.0,,655458000.0,655458000.0,655458000.0,,,655458000.0,PRI,655458000.0,0,0,0,1,1,1,1
PRI,2015-09-30,2015-11-05,2015,10-Q,Q3,993561000.0,993561000.0,,993561000.0,993561000.0,993561000.0,,,993561000.0,PRI,993561000.0,0,0,0,1,1,1,1
PRI,2015-12-31,2016-02-25,2015,10-K,FY,1228998000.0,1228998000.0,,1228998000.0,1228998000.0,1228998000.0,,,1228998000.0,PRI,1228998000.0,0,0,0,1,1,1,1
PRI,2016-03-31,2016-05-05,2016,10-Q,Q1,344846000.0,344846000.0,,344846000.0,344846000.0,344846000.0,,,344846000.0,PRI,344846000.0,0,0,0,1,1,1,1
PRI,2016-06-30,2016-08-09,2016,10-Q,Q2,695363000.0,695363000.0,,695363000.0,695363000.0,695363000.0,,,695363000.0,PRI,695363000.0,0,0,0,1,1,1,1
PRI,2016-09-30,2016-11-09,2016,10-Q,Q3,1050752000.0,1050752000.0,,1050752000.0,1050752000.0,1050752000.0,,,1050752000.0,PRI,1050752000.0,0,0,0,1,1,1,1
PRI,2016-12-31,2017-02-27,2016,10-K,FY,1337096000.0,1337096000.0,,1337096000.0,1337096000.0,1337096000.0,,,1337096000.0,PRI,1337096000.0,0,0,0,1,1,1,1
PRI,2017-03-31,2017-05-10,2017,10-Q,Q1,362600000.0,362600000.0,,362600000.0,362600000.0,362600000.0,,,362600000.0,PRI,362600000.0,0,0,0,1,1,1,1
PRI,2017-06-30,2017-08-09,2017,10-Q,Q2,741593000.0,741593000.0,,741593000.0,741593000.0,741593000.0,,,741593000.0,PRI,741593000.0,0,0,0,1,1,1,1
PRI,2017-09-30,2017-11-08,2017,10-Q,Q3,1125221000.0,1125221000.0,,1125221000.0,1125221000.0,1125221000.0,,,1125221000.0,PRI,1125221000.0,0,0,0,1,1,1,1
PRI,2017-12-31,2018-02-26,2017,10-K,FY,1404199000.0,1404199000.0,,1404199000.0,1404199000.0,1404199000.0,,,1404199000.0,PRI,1404199000.0,0,0,0,1,1,1,1
PRI,2018-03-31,2018-05-09,2018,10-Q,Q1,405164000.0,405164000.0,,405164000.0,405164000.0,405164000.0,,,405164000.0,PRI,405164000.0,0,0,0,1,1,1,1
PRI,2018-06-30,2018-08-08,2018,10-Q,Q2,818860000.0,818860000.0,,818860000.0,818860000.0,818860000.0,,,818860000.0,PRI,818860000.0,0,0,0,1,1,1,1
PRI,2018-09-30,2018-11-07,2018,10-Q,Q3,1246161000.0,1246161000.0,,1246161000.0,1246161000.0,1246161000.0,,,1246161000.0,PRI,1246161000.0,0,0,0,1,1,1,1
PRI,2018-12-31,2019-02-26,2018,10-K,FY,1519084000.0,1519084000.0,,1519084000.0,1519084000.0,1519084000.0,,,1519084000.0,PRI,1519084000.0,0,0,0,1,1,1,1
PRI,2019-03-31,2019-05-08,2019,10-Q,Q1,459923000.0,459923000.0,,459923000.0,459923000.0,459923000.0,,,459923000.0,PRI,459923000.0,0,0,0,1,1,1,1
PRI,2019-06-30,2019-08-08,2019,10-Q,Q2,927737000.0,927737000.0,,927737000.0,927737000.0,927737000.0,,,927737000.0,PRI,927737000.0,0,0,0,1,1,1,1
PRI,2019-09-30,2019-11-07,2019,10-Q,Q3,1412518000.0,1412518000.0,,1412518000.0,1412518000.0,1412518000.0,,,1412518000.0,PRI,1412518000.0,0,0,0,1,1,1,1
PRI,2019-12-31,2020-02-28,2019,10-K,FY,1689102000.0,1689102000.0,,1689102000.0,1689102000.0,1689102000.0,,,1689102000.0,PRI,1689102000.0,0,0,0,1,1,1,1
PRI,2020-03-31,2020-05-01,2020,10-Q,Q1,494987000.0,494987000.0,,494987000.0,494987000.0,494987000.0,,,494987000.0,PRI,494987000.0,0,0,0,1,1,1,1
PRI,2020-06-30,2020-08-06,2020,10-Q,Q2,999890000.0,999890000.0,,999890000.0,999890000.0,999890000.0,,,999890000.0,PRI,999890000.0,0,0,0,1,1,1,1
PRI,2020-09-30,2020-11-05,2020,10-Q,Q3,1520545000.0,1520545000.0,,1520545000.0,1520545000.0,1520545000.0,,,1520545000.0,PRI,1520545000.0,0,0,0,1,1,1,1
PRI,2020-12-31,2021-03-01,2020,10-K,FY,1899843000.0,1899843000.0,,1899843000.0,1899843000.0,1899843000.0,,,1899843000.0,PRI,1899843000.0,0,0,0,1,1,1,1
PRI,2021-03-31,2021-05-06,2021,10-Q,Q1,524936000.0,524936000.0,,524936000.0,524936000.0,524936000.0,,,524936000.0,PRI,524936000.0,0,0,0,1,1,1,1
PRI,2021-06-30,2021-08-06,2021,10-Q,Q2,1050751000.0,1050751000.0,,1050751000.0,1050751000.0,1050751000.0,,,1050751000.0,PRI,1050751000.0,0,0,0,1,1,1,1
PRI,2021-09-30,2021-11-09,2021,10-Q,Q3,1619213000.0,1619213000.0,,1619213000.0,1619213000.0,1619213000.0,,,1619213000.0,PRI,1619213000.0,0,0,0,1,1,1,1
PRI,2021-12-31,2022-03-01,2021,10-K,FY,2052504000.0,2052504000.0,,2052504000.0,2052504000.0,2052504000.0,,,2052504000.0,PRI,2052504000.0,0,0,0,1,1,1,1
PRI,2022-03-31,2022-05-06,2022,10-Q,Q1,637711000.0,637711000.0,,637711000.0,637711000.0,637711000.0,,,637711000.0,PRI,637711000.0,0,0,0,1,1,1,1
PRI,2022-06-30,2022-08-09,2022,10-Q,Q2,1292399000.0,1292399000.0,,1292399000.0,1292399000.0,1292399000.0,,,1292399000.0,PRI,1292399000.0,0,0,0,1,1,1,1
PRI,2022-09-30,2022-11-09,2022,10-Q,Q3,1985638000.0,1985638000.0,,1985638000.0,1985638000.0,1985638000.0,,,1985638000.0,PRI,1985638000.0,0,0,0,1,1,1,1
PRI,2022-12-31,2023-02-28,2022,10-K,FY,2217541000.0,2217541000.0,,2217541000.0,2217541000.0,2217541000.0,,,2217541000.0,PRI,2217541000.0,0,0,0,1,1,1,1
PRI,2023-03-31,2023-05-09,2023,10-Q,Q1,691226000.0,691226000.0,,691226000.0,691226000.0,691226000.0,,,691226000.0,PRI,691226000.0,0,0,0,1,1,1,1
PRI,2023-06-30,2023-08-08,2023,10-Q,Q2,1359909000.0,1359909000.0,,1359909000.0,1359909000.0,1359909000.0,,,1359909000.0,PRI,1359909000.0,0,0,0,1,1,1,1
PRI,2023-09-30,2023-11-08,2023,10-Q,Q3,2033194000.0,2033194000.0,,2033194000.0,2033194000.0,2033194000.0,,,2033194000.0,PRI,2033194000.0,0,0,0,1,1,1,1
PRI,2023-12-31,2024-02-28,2023,10-K,FY,2709732000.0,2709732000.0,,2709732000.0,2709732000.0,2709732000.0,,,2709732000.0,PRI,2709732000.0,0,0,0,1,1,1,1
PRI,2024-03-31,2024-05-07,2024,10-Q,Q1,690036000.0,690036000.0,,690036000.0,690036000.0,690036000.0,,,690036000.0,PRI,690036000.0,0,0,0,1,1,1,1
PRI,2024-06-30,2024-08-08,2024,10-Q,Q2,1378422000.0,1378422000.0,,1378422000.0,1378422000.0,1378422000.0,,,1378422000.0,PRI,1378422000.0,0,0,0,1,1,1,1
PRI,2024-09-30,2024-11-07,2024,10-Q,Q3,2042317000.0,2042317000.0,,2042317000.0,2042317000.0,2042317000.0,,,2042317000.0,PRI,2042317000.0,0,0,0,1,1,1,1
PRI,2024-12-31,2025-02-28,2024,10-K,FY,2657451000.0,2657451000.0,,2657451000.0,2657451000.0,2657451000.0,,,2657451000.0,PRI,2657451000.0,0,0,0,1,1,1,1
PRI,2025-03-31,2025-05-08,2025,10-Q,Q1,735950000.0,735950000.0,,735950000.0,735950000.0,735950000.0,,,735950000.0,PRI,735950000.0,0,0,0,1,1,1,1
PRI,2025-06-30,2025-08-07,2025,10-Q,Q2,1526904000.0,1526904000.0,,1526904000.0,1526904000.0,1526904000.0,,,1526904000.0,PRI,1526904000.0,0,0,0,1,1,1,1
PRI,2025-09-30,2025-11-06,2025,10-Q,Q3,2301033000.0,2301033000.0,,2301033000.0,2301033000.0,2301033000.0,,,2301033000.0,PRI,2301033000.0,0,0,0,1,1,1,1
PRI,2025-12-31,2026-02-27,2025,10-K,FY,2748507000.0,2748507000.0,,2748507000.0,2748507000.0,2748507000.0,,,2748507000.0,PRI,2748507000.0,0,0,0,1,1,1,1
SHOP,2015-12-31,2016-02-17,2015,20-F,FY,36739000.0,36739000.0,36739000.0,36739000.0,,36739000.0,36739000.0,36739000.0,36739000.0,SHOP,36739000.0,1,1,1,0,1,1,1
SHOP,2024-12-31,2025-02-11,2024,10-K,FY,5600000000.0,5600000000.0,5600000000.0,5600000000.0,,5600000000.0,5600000000.0,5600000000.0,5600000000.0,SHOP,5600000000.0,1,1,1,0,1,1,1
SHOP,2025-03-31,2025-05-08,2025,10-Q,Q1,1861000000.0,1861000000.0,1861000000.0,1861000000.0,,1861000000.0,1861000000.0,1861000000.0,1861000000.0,SHOP,1861000000.0,1,1,1,0,1,1,1
SHOP,2025-06-30,2025-08-06,2025,10-Q,Q2,3906000000.0,3906000000.0,3906000000.0,3906000000.0,,3906000000.0,3906000000.0,3906000000.0,3906000000.0,SHOP,3906000000.0,1,1,1,0,1,1,1
SHOP,2025-09-30,2025-11-04,2025,10-Q,Q3,6068000000.0,6068000000.0,6068000000.0,6068000000.0,,6068000000.0,6068000000.0,6068000000.0,6068000000.0,SHOP,6068000000.0,1,1,1,0,1,1,1
SHOP,2025-12-31,2026-02-11,2025,10-K,FY,7060000000.0,7060000000.0,7060000000.0,7060000000.0,,7060000000.0,7060000000.0,7060000000.0,7060000000.0,SHOP,7060000000.0,1,1,1,0,1,1,1
TUP,2010-06-30,2010-08-04,2010,10-Q,Q2,651500000.0,,651500000.0,651500000.0,651500000.0,651500000.0,,651500000.0,651500000.0,TUP,651500000.0,1,1,0,1,1,0,1
TUP,2010-09-30,2010-11-02,2010,10-Q,Q3,993100000.0,,993100000.0,993100000.0,993100000.0,993100000.0,,993100000.0,993100000.0,TUP,993100000.0,1,1,0,1,1,0,1
TUP,2010-12-31,2011-02-22,2010,10-K,FY,1397700000.0,,1397700000.0,1397700000.0,1397700000.0,1397700000.0,,1397700000.0,1397700000.0,TUP,1397700000.0,1,1,0,1,1,0,1
TUP,2011-03-31,2011-05-10,2011,10-Q,Q1,372900000.0,,372900000.0,372900000.0,372900000.0,372900000.0,,372900000.0,372900000.0,TUP,372900000.0,1,1,0,1,1,0,1
TUP,2011-06-30,2011-08-09,2011,10-Q,Q2,756400000.0,,756400000.0,756400000.0,756400000.0,756400000.0,,756400000.0,756400000.0,TUP,756400000.0,1,1,0,1,1,0,1
TUP,2011-09-30,2011-11-08,2011,10-Q,Q3,1102800000.0,,1102800000.0,1102800000.0,1102800000.0,1102800000.0,,1102800000.0,1102800000.0,TUP,1102800000.0,1,1,0,1,1,0,1
TUP,2011-12-31,2012-02-28,2011,10-K,FY,1409000000.0,,1409000000.0,1409000000.0,1409000000.0,1409000000.0,,1409000000.0,1409000000.0,TUP,1409000000.0,1,1,0,1,1,0,1
TUP,2012-03-31,2012-05-08,2012,10-Q,Q1,421500000.0,,421500000.0,421500000.0,421500000.0,421500000.0,,421500000.0,421500000.0,TUP,421500000.0,1,1,0,1,1,0,1
TUP,2012-06-30,2012-08-07,2012,10-Q,Q2,871800000.0,,871800000.0,871800000.0,871800000.0,871800000.0,,871800000.0,871800000.0,TUP,871800000.0,1,1,0,1,1,0,1
TUP,2012-09-30,2012-11-06,2012,10-Q,Q3,1272700000.0,,1272700000.0,1272700000.0,1272700000.0,1272700000.0,,1272700000.0,1272700000.0,TUP,1272700000.0,1,1,0,1,1,0,1
TUP,2012-12-31,2013-02-26,2012,10-K,FY,1534200000.0,,1534200000.0,1534200000.0,1534200000.0,1534200000.0,,1534200000.0,1534200000.0,TUP,1534200000.0,1,1,0,1,1,0,1
TUP,2013-03-31,2013-05-07,2013,10-Q,Q1,426400000.0,,426400000.0,426400000.0,426400000.0,426400000.0,,426400000.0,426400000.0,TUP,426400000.0,1,1,0,1,1,0,1
TUP,2013-06-30,2013-08-06,2013,10-Q,Q2,858600000.0,,858600000.0,858600000.0,858600000.0,858600000.0,,858600000.0,858600000.0,TUP,858600000.0,1,1,0,1,1,0,1
TUP,2013-09-30,2013-11-07,2013,10-Q,Q3,1253500000.0,,1253500000.0,1253500000.0,1253500000.0,1253500000.0,,1253500000.0,1253500000.0,TUP,1253500000.0,1,1,0,1,1,0,1
TUP,2013-12-31,2014-02-25,2013,10-K,FY,0.0,,0.0,0.0,0.0,0.0,,0.0,0.0,TUP,0.0,1,1,0,1,1,0,1
TUP,2014-03-31,2014-05-06,2014,10-Q,Q1,440100000.0,,440100000.0,440100000.0,440100000.0,440100000.0,,440100000.0,440100000.0,TUP,440100000.0,1,1,0,1,1,0,1
TUP,2014-06-30,2014-08-05,2014,10-Q,Q2,902500000.0,,902500000.0,902500000.0,902500000.0,902500000.0,,902500000.0,902500000.0,TUP,902500000.0,1,1,0,1,1,0,1
TUP,2014-09-30,2014-11-04,2014,10-Q,Q3,1306100000.0,,1306100000.0,1306100000.0,1306100000.0,1306100000.0,,1306100000.0,1306100000.0,TUP,1306100000.0,1,1,0,1,1,0,1
TUP,2014-12-31,2015-02-24,2014,10-K,FY,0.0,,0.0,0.0,0.0,0.0,,0.0,0.0,TUP,0.0,1,1,0,1,1,0,1
TUP,2015-03-31,2015-05-05,2015,10-Q,Q1,441600000.0,,441600000.0,441600000.0,441600000.0,441600000.0,,441600000.0,441600000.0,TUP,441600000.0,1,1,0,1,1,0,1
TUP,2015-06-30,2015-08-04,2015,10-Q,Q2,890200000.0,,890200000.0,890200000.0,890200000.0,890200000.0,,890200000.0,890200000.0,TUP,890200000.0,1,1,0,1,1,0,1
TUP,2015-09-30,2015-11-03,2015,10-Q,Q3,1269700000.0,,1269700000.0,1269700000.0,1269700000.0,1269700000.0,,1269700000.0,1269700000.0,TUP,1269700000.0,1,1,0,1,1,0,1
TUP,2015-12-31,2016-03-04,2015,10-K,FY,0.0,,0.0,0.0,0.0,0.0,,0.0,0.0,TUP,0.0,1,1,0,1,1,0,1
TUP,2016-03-31,2016-05-02,2016,10-Q,Q1,390200000.0,,390200000.0,390200000.0,390200000.0,390200000.0,,390200000.0,390200000.0,TUP,390200000.0,1,1,0,1,1,0,1
TUP,2016-06-30,2016-07-29,2016,10-Q,Q2,790000000.0,,790000000.0,790000000.0,790000000.0,790000000.0,,790000000.0,790000000.0,TUP,790000000.0,1,1,0,1,1,0,1
TUP,2016-09-30,2016-10-25,2016,10-Q,Q3,1138500000.0,,1138500000.0,1138500000.0,1138500000.0,1138500000.0,,1138500000.0,1138500000.0,TUP,1138500000.0,1,1,0,1,1,0,1
TUP,2016-12-31,2017-02-28,2016,10-K,FY,0.0,,0.0,0.0,0.0,0.0,,0.0,0.0,TUP,0.0,1,1,0,1,1,0,1
TUP,2017-03-31,2017-05-02,2017,10-Q,Q1,359700000.0,,359700000.0,359700000.0,359700000.0,359700000.0,,359700000.0,359700000.0,TUP,359700000.0,1,1,0,1,1,0,1
TUP,2017-06-30,2017-08-01,2017,10-Q,Q2,740500000.0,,740500000.0,740500000.0,740500000.0,740500000.0,,740500000.0,740500000.0,TUP,740500000.0,1,1,0,1,1,0,1
TUP,2017-09-30,2017-10-31,2017,10-Q,Q3,1093900000.0,,1093900000.0,1093900000.0,1093900000.0,1093900000.0,,1093900000.0,1093900000.0,TUP,1093900000.0,1,1,0,1,1,0,1
TUP,2017-12-31,2018-02-27,2017,10-K,FY,1539400000.0,,1539400000.0,1539400000.0,1539400000.0,1539400000.0,,1539400000.0,1539400000.0,TUP,1539400000.0,1,1,0,1,1,0,1
TUP,2018-03-31,2018-05-01,2018,10-Q,Q1,377100000.0,,377100000.0,377100000.0,377100000.0,377100000.0,,377100000.0,377100000.0,TUP,377100000.0,1,1,0,1,1,0,1
TUP,2018-06-30,2018-07-31,2018,10-Q,Q2,767400000.0,,767400000.0,767400000.0,767400000.0,767400000.0,,767400000.0,767400000.0,TUP,767400000.0,1,1,0,1,1,0,1
TUP,2018-09-30,2018-11-02,2018,10-Q,Q3,1124200000.0,,1124200000.0,1124200000.0,1124200000.0,1124200000.0,,1124200000.0,1124200000.0,TUP,1124200000.0,1,1,0,1,1,0,1
TUP,2018-12-31,2019-02-26,2018,10-K,FY,1498400000.0,,1498400000.0,1498400000.0,1498400000.0,1498400000.0,,1498400000.0,1498400000.0,TUP,1498400000.0,1,1,0,1,1,0,1
TUP,2019-03-31,2019-05-02,2019,10-Q,Q1,363600000.0,,363600000.0,363600000.0,363600000.0,363600000.0,,363600000.0,363600000.0,TUP,363600000.0,1,1,0,1,1,0,1
TUP,2019-06-30,2019-08-01,2019,10-Q,Q2,725500000.0,,725500000.0,725500000.0,725500000.0,725500000.0,,725500000.0,725500000.0,TUP,725500000.0,1,1,0,1,1,0,1
TUP,2019-09-30,2019-11-06,2019,10-Q,Q3,1047200000.0,,1047200000.0,1047200000.0,1047200000.0,1047200000.0,,1047200000.0,1047200000.0,TUP,1047200000.0,1,1,0,1,1,0,1
TUP,2019-12-31,2020-03-12,2019,10-K,FY,1511500000.0,,1511500000.0,1511500000.0,1511500000.0,1511500000.0,,1511500000.0,1511500000.0,TUP,1511500000.0,1,1,0,1,1,0,1
TUP,2020-03-31,2020-04-29,2020,10-Q,Q1,326100000.0,,326100000.0,326100000.0,326100000.0,326100000.0,,326100000.0,326100000.0,TUP,326100000.0,1,1,0,1,1,0,1
TUP,2020-06-30,2020-07-29,2020,10-Q,Q2,646800000.0,,646800000.0,646800000.0,646800000.0,646800000.0,,646800000.0,646800000.0,TUP,646800000.0,1,1,0,1,1,0,1
TUP,2020-09-30,2020-10-29,2020,10-Q,Q3,923400000.0,,923400000.0,923400000.0,923400000.0,923400000.0,,923400000.0,923400000.0,TUP,923400000.0,1,1,0,1,1,0,1
TUP,2020-12-31,2021-03-10,2020,10-K,FY,1377500000.0,,1377500000.0,1377500000.0,1377500000.0,1377500000.0,,1377500000.0,1377500000.0,TUP,1377500000.0,1,1,0,1,1,0,1
TUP,2021-03-31,2021-05-05,2021,10-Q,Q1,246200000.0,,246200000.0,246200000.0,246200000.0,246200000.0,,246200000.0,246200000.0,TUP,246200000.0,1,1,0,1,1,0,1
TUP,2021-06-30,2021-08-05,2021,10-Q,Q2,510100000.0,,510100000.0,510100000.0,510100000.0,510100000.0,,510100000.0,510100000.0,TUP,510100000.0,1,1,0,1,1,0,1
TUP,2021-09-30,2021-11-04,2021,10-Q,Q3,747400000.0,,747400000.0,747400000.0,747400000.0,747400000.0,,747400000.0,747400000.0,TUP,747400000.0,1,1,0,1,1,0,1
TUP,2021-12-31,2022-02-23,2021,10-K,FY,1069800000.0,,1069800000.0,1069800000.0,1069800000.0,1069800000.0,,1069800000.0,1069800000.0,TUP,1069800000.0,1,1,0,1,1,0,1
TUP,2022-03-31,2022-05-05,2022,10-Q,Q1,293600000.0,,293600000.0,293600000.0,293600000.0,293600000.0,,293600000.0,293600000.0,TUP,293600000.0,1,1,0,1,1,0,1
TUP,2022-03-31,2022-08-04,2022,10-Q,Q1,579500000.0,,579500000.0,579500000.0,579500000.0,579500000.0,,579500000.0,579500000.0,TUP,579500000.0,1,1,0,1,1,0,1
TUP,2022-09-30,2022-11-02,2022,10-Q,Q3,827400000.0,,827400000.0,827400000.0,827400000.0,827400000.0,,827400000.0,827400000.0,TUP,827400000.0,1,1,0,1,1,0,1
TUP,2022-12-31,2023-10-13,2022,10-K,FY,1057100000.0,,1057100000.0,1057100000.0,1057100000.0,1057100000.0,,1057100000.0,1057100000.0,TUP,1057100000.0,1,1,0,1,1,0,1
TUP,2023-03-31,2024-03-29,2023,10-Q,Q1,222000000.0,,222000000.0,222000000.0,222000000.0,222000000.0,,222000000.0,222000000.0,TUP,222000000.0,1,1,0,1,1,0,1
TUP,2023-06-30,2024-03-29,2023,10-Q,Q2,440100000.0,,440100000.0,440100000.0,440100000.0,440100000.0,,440100000.0,440100000.0,TUP,440100000.0,1,1,0,1,1,0,1
TUP,2023-09-30,2024-03-29,2023,10-Q,Q3,636300000.0,,636300000.0,636300000.0,636300000.0,636300000.0,,636300000.0,636300000.0,TUP,636300000.0,1,1,0,1,1,0,1
UBER,2019-03-31,2019-06-04,2019,10-Q,Q1,2584000000.0,2584000000.0,,2584000000.0,2584000000.0,2584000000.0,,2584000000.0,2584000000.0,UBER,2584000000.0,0,1,0,1,1,1,1
UBER,2019-06-30,2019-08-09,2019,10-Q,Q2,5352000000.0,5352000000.0,,5352000000.0,5352000000.0,5352000000.0,,5352000000.0,5352000000.0,UBER,5352000000.0,0,1,0,1,1,1,1
UBER,2019-09-30,2019-11-05,2019,10-Q,Q3,8296000000.0,8296000000.0,,8296000000.0,8296000000.0,8296000000.0,,8296000000.0,8296000000.0,UBER,8296000000.0,0,1,0,1,1,1,1
UBER,2019-12-31,2020-03-02,2019,10-K,FY,7932000000.0,7932000000.0,,7932000000.0,7932000000.0,7932000000.0,,7932000000.0,7932000000.0,UBER,7932000000.0,0,1,0,1,1,1,1
UBER,2020-03-31,2020-05-08,2020,10-Q,Q1,3099000000.0,3099000000.0,,3099000000.0,3099000000.0,3099000000.0,,3099000000.0,3099000000.0,UBER,3099000000.0,0,1,0,1,1,1,1
UBER,2020-06-30,2020-08-07,2020,10-Q,Q2,6265000000.0,6265000000.0,,6265000000.0,6265000000.0,6265000000.0,,6265000000.0,6265000000.0,UBER,6265000000.0,0,1,0,1,1,1,1
UBER,2020-09-30,2020-11-06,2020,10-Q,Q3,10078000000.0,10078000000.0,,10078000000.0,10078000000.0,10078000000.0,,10078000000.0,10078000000.0,UBER,10078000000.0,0,1,0,1,1,1,1
UBER,2020-12-31,2021-03-01,2020,10-K,FY,10433000000.0,10433000000.0,,10433000000.0,10433000000.0,10433000000.0,,10433000000.0,10433000000.0,UBER,10433000000.0,0,1,0,1,1,1,1
UBER,2021-03-31,2021-05-06,2021,10-Q,Q1,3248000000.0,3248000000.0,,3248000000.0,3248000000.0,3248000000.0,,3248000000.0,3248000000.0,UBER,3248000000.0,0,1,0,1,1,1,1
UBER,2021-06-30,2021-08-05,2021,10-Q,Q2,5161000000.0,5161000000.0,,5161000000.0,5161000000.0,5161000000.0,,5161000000.0,5161000000.0,UBER,5161000000.0,0,1,0,1,1,1,1
UBER,2021-09-30,2021-11-09,2021,10-Q,Q3,7974000000.0,7974000000.0,,7974000000.0,7974000000.0,7974000000.0,,7974000000.0,7974000000.0,UBER,7974000000.0,0,1,0,1,1,1,1
UBER,2021-12-31,2022-02-24,2021,10-K,FY,13000000000.0,13000000000.0,,13000000000.0,13000000000.0,13000000000.0,,13000000000.0,13000000000.0,UBER,13000000000.0,0,1,0,1,1,1,1
UBER,2022-03-31,2022-05-05,2022,10-Q,Q1,2903000000.0,2903000000.0,,2903000000.0,2903000000.0,2903000000.0,,2903000000.0,2903000000.0,UBER,2903000000.0,0,1,0,1,1,1,1
UBER,2022-06-30,2022-08-04,2022,10-Q,Q2,6832000000.0,6832000000.0,,6832000000.0,6832000000.0,6832000000.0,,6832000000.0,6832000000.0,UBER,6832000000.0,0,1,0,1,1,1,1
UBER,2022-09-30,2022-11-02,2022,10-Q,Q3,11677000000.0,11677000000.0,,11677000000.0,11677000000.0,11677000000.0,,11677000000.0,11677000000.0,UBER,11677000000.0,0,1,0,1,1,1,1
UBER,2022-12-31,2023-02-21,2022,10-K,FY,11139000000.0,11139000000.0,,11139000000.0,11139000000.0,11139000000.0,,11139000000.0,11139000000.0,UBER,11139000000.0,0,1,0,1,1,1,1
UBER,2023-03-31,2023-05-03,2023,10-Q,Q1,6854000000.0,6854000000.0,,6854000000.0,6854000000.0,6854000000.0,,6854000000.0,6854000000.0,UBER,6854000000.0,0,1,0,1,1,1,1
UBER,2023-06-30,2023-08-02,2023,10-Q,Q2,14927000000.0,14927000000.0,,14927000000.0,14927000000.0,14927000000.0,,14927000000.0,14927000000.0,UBER,14927000000.0,0,1,0,1,1,1,1
UBER,2023-09-30,2023-11-07,2023,10-Q,Q3,23270000000.0,23270000000.0,,23270000000.0,23270000000.0,23270000000.0,,23270000000.0,23270000000.0,UBER,23270000000.0,0,1,0,1,1,1,1
UBER,2023-12-31,2024-02-15,2023,10-K,FY,17455000000.0,17455000000.0,,17455000000.0,17455000000.0,17455000000.0,,17455000000.0,17455000000.0,UBER,17455000000.0,0,1,0,1,1,1,1
UBER,2024-03-31,2024-05-08,2024,10-Q,Q1,8823000000.0,8823000000.0,,8823000000.0,8823000000.0,8823000000.0,,8823000000.0,8823000000.0,UBER,8823000000.0,0,1,0,1,1,1,1
UBER,2024-06-30,2024-08-06,2024,10-Q,Q2,18053000000.0,18053000000.0,,18053000000.0,18053000000.0,18053000000.0,,18053000000.0,18053000000.0,UBER,18053000000.0,0,1,0,1,1,1,1
UBER,2024-09-30,2024-10-31,2024,10-Q,Q3,27345000000.0,27345000000.0,,27345000000.0,27345000000.0,27345000000.0,,27345000000.0,27345000000.0,UBER,27345000000.0,0,1,0,1,1,1,1
UBER,2024-12-31,2025-02-14,2024,10-K,FY,31877000000.0,31877000000.0,,31877000000.0,31877000000.0,31877000000.0,,31877000000.0,31877000000.0,UBER,31877000000.0,0,1,0,1,1,1,1
UBER,2025-03-31,2025-05-07,2025,10-Q,Q1,10131000000.0,10131000000.0,,10131000000.0,10131000000.0,10131000000.0,,10131000000.0,10131000000.0,UBER,10131000000.0,0,1,0,1,1,1,1
UBER,2025-06-30,2025-08-06,2025,10-Q,Q2,20831000000.0,20831000000.0,,20831000000.0,20831000000.0,20831000000.0,,20831000000.0,20831000000.0,UBER,20831000000.0,0,1,0,1,1,1,1
UBER,2025-09-30,2025-11-04,2025,10-Q,Q3,32019000000.0,32019000000.0,,32019000000.0,32019000000.0,32019000000.0,,32019000000.0,32019000000.0,UBER,32019000000.0,0,1,0,1,1,1,1
UBER,2025-12-31,2026-02-13,2025,10-K,FY,37281000000.0,37281000000.0,,37281000000.0,37281000000.0,37281000000.0,,37281000000.0,37281000000.0,UBER,37281000000.0,0,1,0,1,1,1,1
UDMY,2021-09-30,2021-12-09,2021,10-Q,Q3,166208000.0,166208000.0,166208000.0,166208000.0,166208000.0,166208000.0,166208000.0,166208000.0,166208000.0,UDMY,,1,1,1,1,0,1,1
UDMY,2021-12-31,2022-03-25,2021,10-K,FY,132817000.0,132817000.0,132817000.0,132817000.0,132817000.0,132817000.0,132817000.0,132817000.0,132817000.0,UDMY,,1,1,1,1,0,1,1
UDMY,2022-03-31,2022-05-04,2022,10-Q,Q1,66627000.0,66627000.0,66627000.0,66627000.0,66627000.0,66627000.0,66627000.0,66627000.0,66627000.0,UDMY,,1,1,1,1,0,1,1
UDMY,2022-06-30,2022-08-03,2022,10-Q,Q2,136727000.0,136727000.0,136727000.0,136727000.0,136727000.0,136727000.0,136727000.0,136727000.0,136727000.0,UDMY,,1,1,1,1,0,1,1
UDMY,2022-09-30,2022-11-02,2022,10-Q,Q3,208304000.0,208304000.0,208304000.0,208304000.0,208304000.0,208304000.0,208304000.0,208304000.0,208304000.0,UDMY,,1,1,1,1,0,1,1
UDMY,2022-12-31,2023-02-27,2022,10-K,FY,220646000.0,220646000.0,220646000.0,220646000.0,220646000.0,220646000.0,220646000.0,220646000.0,220646000.0,UDMY,,1,1,1,1,0,1,1
UDMY,2023-03-31,2023-05-03,2023,10-Q,Q1,85785000.0,85785000.0,85785000.0,85785000.0,85785000.0,85785000.0,85785000.0,85785000.0,85785000.0,UDMY,,1,1,1,1,0,1,1
UDMY,2023-06-30,2023-08-03,2023,10-Q,Q2,173085000.0,173085000.0,173085000.0,173085000.0,173085000.0,173085000.0,173085000.0,173085000.0,173085000.0,UDMY,,1,1,1,1,0,1,1
UDMY,2023-09-30,2023-11-02,2023,10-Q,Q3,262437000.0,262437000.0,262437000.0,262437000.0,262437000.0,262437000.0,262437000.0,262437000.0,262437000.0,UDMY,,1,1,1,1,0,1,1
UDMY,2023-12-31,2024-02-26,2023,10-K,FY,279633000.0,279633000.0,279633000.0,279633000.0,279633000.0,279633000.0,279633000.0,279633000.0,279633000.0,UDMY,,1,1,1,1,0,1,1
UDMY,2024-03-31,2024-05-06,2024,10-Q,Q1,99729000.0,99729000.0,99729000.0,99729000.0,99729000.0,99729000.0,99729000.0,99729000.0,99729000.0,UDMY,,1,1,1,1,0,1,1
UDMY,2024-06-30,2024-08-01,2024,10-Q,Q2,202031000.0,202031000.0,202031000.0,202031000.0,202031000.0,202031000.0,202031000.0,202031000.0,202031000.0,UDMY,,1,1,1,1,0,1,1
UDMY,2024-09-30,2024-10-31,2024,10-Q,Q3,309489000.0,309489000.0,309489000.0,309489000.0,309489000.0,309489000.0,309489000.0,309489000.0,309489000.0,UDMY,,1,1,1,1,0,1,1
UDMY,2024-12-31,2025-02-19,2024,10-K,FY,353777000.0,353777000.0,353777000.0,353777000.0,353777000.0,353777000.0,353777000.0,353777000.0,353777000.0,UDMY,,1,1,1,1,0,1,1
UDMY,2025-03-31,2025-05-01,2025,10-Q,Q1,120564000.0,120564000.0,120564000.0,120564000.0,120564000.0,120564000.0,120564000.0,120564000.0,120564000.0,UDMY,,1,1,1,1,0,1,1
UDMY,2025-06-30,2025-07-31,2025,10-Q,Q2,241680000.0,241680000.0,241680000.0,241680000.0,241680000.0,241680000.0,241680000.0,241680000.0,241680000.0,UDMY,,1,1,1,1,0,1,1
UDMY,2025-09-30,2025-10-30,2025,10-Q,Q3,364735000.0,364735000.0,364735000.0,364735000.0,364735000.0,364735000.0,364735000.0,364735000.0,364735000.0,UDMY,,1,1,1,1,0,1,1
UDMY,2025-12-31,2026-02-19,2025,10-K,FY,419339000.0,419339000.0,419339000.0,419339000.0,419339000.0,419339000.0,419339000.0,419339000.0,419339000.0,UDMY,,1,1,1,1,0,1,1
UPWK,2018-09-30,2018-11-08,2018,10-Q,Q3,99946000.0,99946000.0,99946000.0,99946000.0,99946000.0,99946000.0,99946000.0,99946000.0,99946000.0,UPWK,99946000.0,1,1,1,1,1,1,1
UPWK,2018-12-31,2019-03-07,2018,10-K,FY,101867000.0,101867000.0,101867000.0,101867000.0,101867000.0,101867000.0,101867000.0,101867000.0,101867000.0,UPWK,101867000.0,1,1,1,1,1,1,1
UPWK,2019-03-31,2019-05-08,2019,10-Q,Q1,39601000.0,39601000.0,39601000.0,39601000.0,39601000.0,39601000.0,39601000.0,39601000.0,39601000.0,UPWK,39601000.0,1,1,1,1,1,1,1
UPWK,2019-06-30,2019-08-07,2019,10-Q,Q2,81825000.0,81825000.0,81825000.0,81825000.0,81825000.0,81825000.0,81825000.0,81825000.0,81825000.0,UPWK,81825000.0,1,1,1,1,1,1,1
UPWK,2019-09-30,2019-11-06,2019,10-Q,Q3,125434000.0,125434000.0,125434000.0,125434000.0,125434000.0,125434000.0,125434000.0,125434000.0,125434000.0,UPWK,125434000.0,1,1,1,1,1,1,1
UPWK,2019-12-31,2020-03-02,2019,10-K,FY,137109000.0,137109000.0,137109000.0,137109000.0,137109000.0,137109000.0,137109000.0,137109000.0,137109000.0,UPWK,137109000.0,1,1,1,1,1,1,1
UPWK,2020-03-31,2020-05-06,2020,10-Q,Q1,47351000.0,47351000.0,47351000.0,47351000.0,47351000.0,47351000.0,47351000.0,47351000.0,47351000.0,UPWK,47351000.0,1,1,1,1,1,1,1
UPWK,2020-06-30,2020-08-04,2020,10-Q,Q2,99546000.0,99546000.0,99546000.0,99546000.0,99546000.0,99546000.0,99546000.0,99546000.0,99546000.0,UPWK,99546000.0,1,1,1,1,1,1,1
UPWK,2020-09-30,2020-11-04,2020,10-Q,Q3,155067000.0,155067000.0,155067000.0,155067000.0,155067000.0,155067000.0,155067000.0,155067000.0,155067000.0,UPWK,155067000.0,1,1,1,1,1,1,1
UPWK,2020-12-31,2021-02-24,2020,10-K,FY,171896000.0,171896000.0,171896000.0,171896000.0,171896000.0,171896000.0,171896000.0,171896000.0,171896000.0,UPWK,171896000.0,1,1,1,1,1,1,1
UPWK,2021-03-31,2021-05-04,2021,10-Q,Q1,59711000.0,59711000.0,59711000.0,59711000.0,59711000.0,59711000.0,59711000.0,59711000.0,59711000.0,UPWK,59711000.0,1,1,1,1,1,1,1
UPWK,2021-06-30,2021-07-29,2021,10-Q,Q2,121834000.0,121834000.0,121834000.0,121834000.0,121834000.0,121834000.0,121834000.0,121834000.0,121834000.0,UPWK,121834000.0,1,1,1,1,1,1,1
UPWK,2021-09-30,2021-10-27,2021,10-Q,Q3,191986000.0,191986000.0,191986000.0,191986000.0,191986000.0,191986000.0,191986000.0,191986000.0,191986000.0,UPWK,191986000.0,1,1,1,1,1,1,1
UPWK,2021-12-31,2022-02-15,2021,10-K,FY,212418000.0,212418000.0,212418000.0,212418000.0,212418000.0,212418000.0,212418000.0,212418000.0,212418000.0,UPWK,212418000.0,1,1,1,1,1,1,1
UPWK,2022-03-31,2022-04-27,2022,10-Q,Q1,83178000.0,83178000.0,83178000.0,83178000.0,83178000.0,83178000.0,83178000.0,83178000.0,83178000.0,UPWK,83178000.0,1,1,1,1,1,1,1
UPWK,2022-06-30,2022-07-27,2022,10-Q,Q2,174276000.0,174276000.0,174276000.0,174276000.0,174276000.0,174276000.0,174276000.0,174276000.0,174276000.0,UPWK,174276000.0,1,1,1,1,1,1,1
UPWK,2022-09-30,2022-10-26,2022,10-Q,Q3,267484000.0,267484000.0,267484000.0,267484000.0,267484000.0,267484000.0,267484000.0,267484000.0,267484000.0,UPWK,267484000.0,1,1,1,1,1,1,1
UPWK,2022-12-31,2023-02-16,2022,10-K,FY,269361000.0,269361000.0,269361000.0,269361000.0,269361000.0,269361000.0,269361000.0,269361000.0,269361000.0,UPWK,269361000.0,1,1,1,1,1,1,1
UPWK,2023-03-31,2023-05-03,2023,10-Q,Q1,103421000.0,103421000.0,103421000.0,103421000.0,103421000.0,103421000.0,103421000.0,103421000.0,103421000.0,UPWK,103421000.0,1,1,1,1,1,1,1
UPWK,2023-06-30,2023-08-02,2023,10-Q,Q2,219462000.0,219462000.0,219462000.0,219462000.0,219462000.0,219462000.0,219462000.0,219462000.0,219462000.0,UPWK,219462000.0,1,1,1,1,1,1,1
UPWK,2023-09-30,2023-11-07,2023,10-Q,Q3,337633000.0,337633000.0,337633000.0,337633000.0,337633000.0,337633000.0,337633000.0,337633000.0,337633000.0,UPWK,337633000.0,1,1,1,1,1,1,1
UPWK,2023-12-31,2024-02-15,2023,10-K,FY,367289000.0,367289000.0,367289000.0,367289000.0,367289000.0,367289000.0,367289000.0,367289000.0,367289000.0,UPWK,367289000.0,1,1,1,1,1,1,1
UPWK,2024-03-31,2024-05-01,2024,10-Q,Q1,120431000.0,120431000.0,120431000.0,120431000.0,120431000.0,120431000.0,120431000.0,120431000.0,120431000.0,UPWK,120431000.0,1,1,1,1,1,1,1
UPWK,2024-06-30,2024-08-07,2024,10-Q,Q2,248160000.0,248160000.0,248160000.0,248160000.0,248160000.0,248160000.0,248160000.0,248160000.0,248160000.0,UPWK,248160000.0,1,1,1,1,1,1,1
UPWK,2024-09-30,2024-11-06,2024,10-Q,Q3,380620000.0,380620000.0,380620000.0,380620000.0,380620000.0,380620000.0,380620000.0,380620000.0,380620000.0,UPWK,380620000.0,1,1,1,1,1,1,1
UPWK,2024-12-31,2025-02-13,2024,10-K,FY,457916000.0,457916000.0,457916000.0,457916000.0,457916000.0,457916000.0,457916000.0,457916000.0,457916000.0,UPWK,457916000.0,1,1,1,1,1,1,1
UPWK,2025-03-31,2025-05-05,2025,10-Q,Q1,146744000.0,146744000.0,146744000.0,146744000.0,146744000.0,146744000.0,146744000.0,146744000.0,146744000.0,UPWK,146744000.0,1,1,1,1,1,1,1
UPWK,2025-06-30,2025-08-06,2025,10-Q,Q2,296021000.0,296021000.0,296021000.0,296021000.0,296021000.0,296021000.0,296021000.0,296021000.0,296021000.0,UPWK,296021000.0,1,1,1,1,1,1,1
UPWK,2025-09-30,2025-11-04,2025,10-Q,Q3,446389000.0,446389000.0,446389000.0,446389000.0,446389000.0,446389000.0,446389000.0,446389000.0,446389000.0,UPWK,446389000.0,1,1,1,1,1,1,1
UPWK,2025-12-31,2026-02-13,2025,10-K,FY,518686000.0,518686000.0,518686000.0,518686000.0,518686000.0,518686000.0,518686000.0,518686000.0,518686000.0,UPWK,518686000.0,1,1,1,1,1,1,1
