date,year,interest_rate_mtg_data_weekly,cpi_data_monthly,cpi_fesl_data_monthly,rec_sahm_data_monthly,rec_smooth_prob_data_monthly,rec_nber_data_monthly,unemployment_data_monthly,unemployment_level_data_monthly,all_employed_data_monthly,employment_population_ratio_data_monthly,labor_force_participation_data_monthly,m1_data_monthly,m2_data_monthly,m2_real_data_monthly,interest_rate_fedfunds_data_monthly,consumer_sentiment_data_monthly,consumer_sentiment_inflation_data_monthly,consumer_sentiment_composite_data_monthly,consumer_sentiment_composite_amplitude_data_monthly,job_openings_data_monthly,job_hires_data_monthly,job_separations_data_monthly,average_weekly_earnings_data_monthly,gdp_data_quarterly,gdp_real_data_quarterly,cpi_inflation_data_annual,median_income_real_data_annual,median_income_data_annual,Date,Year,Company,Ticker,industryKey,sectorKey,Close,Volume,Uber,Lyft,DoorDash,Instacart,Grubhub,Fiverr,Upwork,side hustle,gig,Herbalife,Primerica,Tupperware,Avon,Etsy,Shopify,Udemy,target
2010-01-01,2010,4.689807692307692,218.0761666666667,221.3358333333333,0.7516666666666666,0.2933333333333333,0.0,9.608333333333334,14807.75,130334.66666666669,58.475,64.70833333333333,1742.6666666666667,8645.591666666667,3964.375,0.175,71.84166666666667,2.783333333333333,77.29758666666667,98.34189,2589.6666666666665,3810.0,3707.75,770.9041666666667,15048.971,16789.750500000002,1.6400434423899,68420.0,49280.0,2010-12-31,2010.0,Herbalife,HLF,packaged-foods,consumer-defensive,16.037757873535156,728800.0,2.083333333333333,0.0,0.0,0.0,0.4166666666666667,0.0,0.0,0.0,7.5,3.0,2.1666666666666665,2.833333333333333,21.33333333333333,15.916666666666666,0.0,0.0,0.0735420019467288
2010-01-01,2010,4.689807692307692,218.0761666666667,221.3358333333333,0.7516666666666666,0.2933333333333333,0.0,9.608333333333334,14807.75,130334.66666666669,58.475,64.70833333333333,1742.6666666666667,8645.591666666667,3964.375,0.175,71.84166666666667,2.783333333333333,77.29758666666667,98.34189,2589.6666666666665,3810.0,3707.75,770.9041666666667,15048.971,16789.750500000002,1.6400434423899,68420.0,49280.0,2010-12-31,2010.0,Primerica,PRI,insurance-life,financial-services,20.25223922729492,41700.0,2.083333333333333,0.0,0.0,0.0,0.4166666666666667,0.0,0.0,0.0,7.5,3.0,2.1666666666666665,2.833333333333333,21.33333333333333,15.916666666666666,0.0,0.0,0.09286773303499427
2011-01-01,2011,4.447884615384615,224.923,225.0064166666667,0.025,0.3383333333333334,0.0,8.933333333333334,13738.5,131916.66666666666,58.375,64.10833333333333,2015.85,9282.525,4126.208333333333,0.1016666666666666,67.35000000000001,3.633333333333333,72.46480833333334,97.831105,3086.583333333333,4042.75,3841.1666666666665,791.2783333333333,15599.7315,17052.410499999998,3.156841568622,67410.0,50050.0,2011-12-31,2011.0,Herbalife,HLF,packaged-foods,consumer-defensive,24.540632247924805,1252000.0,2.083333333333333,0.0,0.0,0.0,1.0,0.1666666666666666,0.0,0.0,7.25,3.5,2.0,2.333333333333333,19.666666666666668,29.5,0.1666666666666666,0.0,0.10910681543428108
2011-01-01,2011,4.447884615384615,224.923,225.0064166666667,0.025,0.3383333333333334,0.0,8.933333333333334,13738.5,131916.66666666666,58.375,64.10833333333333,2015.85,9282.525,4126.208333333333,0.1016666666666666,67.35000000000001,3.633333333333333,72.46480833333334,97.831105,3086.583333333333,4042.75,3841.1666666666665,791.2783333333333,15599.7315,17052.410499999998,3.156841568622,67410.0,50050.0,2011-12-31,2011.0,Primerica,PRI,insurance-life,financial-services,19.500078201293945,210300.0,2.083333333333333,0.0,0.0,0.0,1.0,0.1666666666666666,0.0,0.0,7.25,3.5,2.0,2.333333333333333,19.666666666666668,29.5,0.1666666666666666,0.0,0.08669668375974865
2012-01-01,2012,3.6575,229.5860833333333,229.75683333333333,-0.0658333333333333,0.4283333333333334,0.0,8.075,12499.166666666666,134154.5,58.55833333333334,63.7,2324.1916666666666,10073.883333333331,4387.474999999999,0.14,76.54166666666667,3.2583333333333333,82.35452416666666,98.88993,3455.583333333333,4153.583333333333,3968.4166666666665,807.8666666666667,16253.97,17442.75925,2.06933726526067,67400.0,51020.0,2012-12-31,2012.0,Herbalife,HLF,packaged-foods,consumer-defensive,16.014554977416992,32691000.0,2.75,0.0,0.0,0.0,2.333333333333333,1.0833333333333333,0.0,0.0,6.666666666666667,4.666666666666667,1.9166666666666667,2.75,19.08333333333333,45.54166666666666,1.0416666666666667,0.0,0.06975403188600787
2012-01-01,2012,3.6575,229.5860833333333,229.75683333333333,-0.0658333333333333,0.4283333333333334,0.0,8.075,12499.166666666666,134154.5,58.55833333333334,63.7,2324.1916666666666,10073.883333333331,4387.474999999999,0.14,76.54166666666667,3.2583333333333333,82.35452416666666,98.88993,3455.583333333333,4153.583333333333,3968.4166666666665,807.8666666666667,16253.97,17442.75925,2.06933726526067,67400.0,51020.0,2012-12-31,2012.0,Primerica,PRI,insurance-life,financial-services,25.403711318969727,290200.0,2.75,0.0,0.0,0.0,2.333333333333333,1.0833333333333333,0.0,0.0,6.666666666666667,4.666666666666667,1.9166666666666667,2.75,19.08333333333333,45.54166666666666,1.0416666666666667,0.0,0.11065004877532747
2013-01-01,2013,3.9755769230769222,232.95175,233.81041666666667,-0.0683333333333333,0.375,0.0,7.358333333333333,11457.166666666666,136360.66666666666,58.6,63.25833333333333,2561.75,10752.341666666667,4615.5,0.1075,79.20833333333333,3.108333333333333,85.22370833333333,99.2166975,3669.3333333333335,4290.25,4091.8333333333335,825.0491666666667,16880.683250000002,17812.167,1.46483265562717,69950.0,53590.0,2013-12-31,2013.0,Herbalife,HLF,packaged-foods,consumer-defensive,39.174537658691406,2007600.0,6.666666666666667,1.25,0.0,0.0,3.9166666666666665,1.0,0.0,0.0,6.583333333333333,7.0,1.9166666666666667,3.0,18.416666666666668,52.96666666666667,1.1,0.0,0.16816588696453838
2013-01-01,2013,3.9755769230769222,232.95175,233.81041666666667,-0.0683333333333333,0.375,0.0,7.358333333333333,11457.166666666666,136360.66666666666,58.6,63.25833333333333,2561.75,10752.341666666667,4615.5,0.1075,79.20833333333333,3.108333333333333,85.22370833333333,99.2166975,3669.3333333333335,4290.25,4091.8333333333335,825.0491666666667,16880.683250000002,17812.167,1.46483265562717,69950.0,53590.0,2013-12-31,2013.0,Primerica,PRI,insurance-life,financial-services,36.76253890991211,180300.0,6.666666666666667,1.25,0.0,0.0,3.9166666666666665,1.0,0.0,0.0,6.583333333333333,7.0,1.9166666666666667,3.0,18.416666666666668,52.96666666666667,1.1,0.0,0.15781181686727877
2014-01-01,2014,4.168867924528302,236.715,237.90233333333333,-0.1025,0.44,0.0,6.158333333333334,9601.5,138922.75,59.00833333333333,62.88333333333333,2830.4833333333336,11414.425,4821.900000000001,0.0891666666666666,84.125,3.091666666666667,90.51375916666666,99.8051225,4323.333333333333,4611.75,4370.833333333333,844.0833333333334,17608.13825,18261.71425,1.62222297740817,69060.0,53660.0,2014-12-31,2014.0,Herbalife,HLF,packaged-foods,consumer-defensive,18.850000381469727,2937600.0,25.08333333333333,4.416666666666667,0.0,0.6666666666666666,7.0,1.0,0.0,0.0,6.25,7.416666666666667,1.9166666666666667,2.9166666666666665,17.5,56.107213803221065,2.063825767924377,1.0319128839621885,0.07963162613890006
2014-01-01,2014,4.168867924528302,236.715,237.90233333333333,-0.1025,0.44,0.0,6.158333333333334,9601.5,138922.75,59.00833333333333,62.88333333333333,2830.4833333333336,11414.425,4821.900000000001,0.0891666666666666,84.125,3.091666666666667,90.51375916666666,99.8051225,4323.333333333333,4611.75,4370.833333333333,844.0833333333334,17608.13825,18261.71425,1.62222297740817,69060.0,53660.0,2014-12-31,2014.0,Primerica,PRI,insurance-life,financial-services,46.969722747802734,249300.0,25.08333333333333,4.416666666666667,0.0,0.6666666666666666,7.0,1.0,0.0,0.0,6.25,7.416666666666667,1.9166666666666667,2.9166666666666665,17.5,56.107213803221065,2.063825767924377,1.0319128839621885,0.19842309421795296
2015-01-01,2015,3.8505769230769222,237.00175,242.2575,-0.0575,2.2116666666666664,0.0,5.275,8293.75,141801.33333333334,59.333333333333336,62.65833333333333,3040.7333333333336,12074.325,5094.458333333333,0.1325,92.94166666666666,2.733333333333333,100.00000833333333,100.82183333333334,5050.416666666667,4878.333333333333,4666.833333333333,863.5008333333334,18295.019,18799.622,0.118627135552451,72790.0,56520.0,2015-12-31,2015.0,Etsy,ETSY,internet-retail,consumer-cyclical,8.260000228881836,1213000.0,53.0,6.25,0.6666666666666666,1.25,7.833333333333333,1.6666666666666667,0.5833333333333334,0.0,6.416666666666667,5.5,2.0,3.0,17.333333333333332,55.327813423180295,2.818258712890145,1.620697262090537,0.034852064294385324
2015-01-01,2015,3.8505769230769222,237.00175,242.2575,-0.0575,2.2116666666666664,0.0,5.275,8293.75,141801.33333333334,59.333333333333336,62.65833333333333,3040.7333333333336,12074.325,5094.458333333333,0.1325,92.94166666666666,2.733333333333333,100.00000833333333,100.82183333333334,5050.416666666667,4878.333333333333,4666.833333333333,863.5008333333334,18295.019,18799.622,0.118627135552451,72790.0,56520.0,2015-12-31,2015.0,Shopify,SHOP,software-application,technology,2.5799999237060547,2349000.0,53.0,6.25,0.6666666666666666,1.25,7.833333333333333,1.6666666666666667,0.5833333333333334,0.0,6.416666666666667,5.5,2.0,3.0,17.333333333333332,55.327813423180295,2.818258712890145,1.620697262090537,0.010885995245630274
2015-01-01,2015,3.8505769230769222,237.00175,242.2575,-0.0575,2.2116666666666664,0.0,5.275,8293.75,141801.33333333334,59.333333333333336,62.65833333333333,3040.7333333333336,12074.325,5094.458333333333,0.1325,92.94166666666666,2.733333333333333,100.00000833333333,100.82183333333334,5050.416666666667,4878.333333333333,4666.833333333333,863.5008333333334,18295.019,18799.622,0.118627135552451,72790.0,56520.0,2015-12-31,2015.0,Herbalife,HLF,packaged-foods,consumer-defensive,26.809999465942383,1273000.0,53.0,6.25,0.6666666666666666,1.25,7.833333333333333,1.6666666666666667,0.5833333333333334,0.0,6.416666666666667,5.5,2.0,3.0,17.333333333333332,55.327813423180295,2.818258712890145,1.620697262090537,0.11312152533026607
2015-01-01,2015,3.8505769230769222,237.00175,242.2575,-0.0575,2.2116666666666664,0.0,5.275,8293.75,141801.33333333334,59.333333333333336,62.65833333333333,3040.7333333333336,12074.325,5094.458333333333,0.1325,92.94166666666666,2.733333333333333,100.00000833333333,100.82183333333334,5050.416666666667,4878.333333333333,4666.833333333333,863.5008333333334,18295.019,18799.622,0.118627135552451,72790.0,56520.0,2015-12-31,2015.0,Primerica,PRI,insurance-life,financial-services,41.43133544921875,281200.0,53.0,6.25,0.6666666666666666,1.25,7.833333333333333,1.6666666666666667,0.5833333333333334,0.0,6.416666666666667,5.5,2.0,3.0,17.333333333333332,55.327813423180295,2.818258712890145,1.620697262090537,0.1748144705649589
2016-01-01,2016,3.6540384615384616,240.00541666666663,247.6035833333333,0.0066666666666666,0.8583333333333334,0.0,4.875,7751.333333333333,144331.91666666666,59.73333333333333,62.8,3270.5916666666667,12892.066666666666,5371.2,0.395,91.84166666666664,2.5083333333333333,98.8164625,100.70656666666667,5333.333333333333,4958.25,4785.333333333333,882.8683333333333,18804.91325,19141.67225,1.26158320570536,75380.0,59040.0,2016-12-31,2016.0,Etsy,ETSY,internet-retail,consumer-cyclical,11.779999732971191,960300.0,77.0,13.833333333333334,2.0,1.3333333333333333,8.083333333333334,1.4166666666666667,1.0,0.0,6.083333333333333,6.166666666666667,1.9166666666666667,2.9166666666666665,17.333333333333332,50.8035299481621,4.268882143271854,1.5384799580507655,0.0490822244621751
2016-01-01,2016,3.6540384615384616,240.00541666666663,247.6035833333333,0.0066666666666666,0.8583333333333334,0.0,4.875,7751.333333333333,144331.91666666666,59.73333333333333,62.8,3270.5916666666667,12892.066666666666,5371.2,0.395,91.84166666666664,2.5083333333333333,98.8164625,100.70656666666667,5333.333333333333,4958.25,4785.333333333333,882.8683333333333,18804.91325,19141.67225,1.26158320570536,75380.0,59040.0,2016-12-31,2016.0,Shopify,SHOP,software-application,technology,4.287000179290772,4069000.0,77.0,13.833333333333334,2.0,1.3333333333333333,8.083333333333334,1.4166666666666667,1.0,0.0,6.083333333333333,6.166666666666667,1.9166666666666667,2.9166666666666665,17.333333333333332,50.8035299481621,4.268882143271854,1.5384799580507655,0.01786209760942523
2016-01-01,2016,3.6540384615384616,240.00541666666663,247.6035833333333,0.0066666666666666,0.8583333333333334,0.0,4.875,7751.333333333333,144331.91666666666,59.73333333333333,62.8,3270.5916666666667,12892.066666666666,5371.2,0.395,91.84166666666664,2.5083333333333333,98.8164625,100.70656666666667,5333.333333333333,4958.25,4785.333333333333,882.8683333333333,18804.91325,19141.67225,1.26158320570536,75380.0,59040.0,2016-12-31,2016.0,Herbalife,HLF,packaged-foods,consumer-defensive,24.06999969482422,1935000.0,77.0,13.833333333333334,2.0,1.3333333333333333,8.083333333333334,1.4166666666666667,1.0,0.0,6.083333333333333,6.166666666666667,1.9166666666666667,2.9166666666666665,17.333333333333332,50.8035299481621,4.268882143271854,1.5384799580507655,0.10028940191901595
2016-01-01,2016,3.6540384615384616,240.00541666666663,247.6035833333333,0.0066666666666666,0.8583333333333334,0.0,4.875,7751.333333333333,144331.91666666666,59.73333333333333,62.8,3270.5916666666667,12892.066666666666,5371.2,0.395,91.84166666666664,2.5083333333333333,98.8164625,100.70656666666667,5333.333333333333,4958.25,4785.333333333333,882.8683333333333,18804.91325,19141.67225,1.26158320570536,75380.0,59040.0,2016-12-31,2016.0,Primerica,PRI,insurance-life,financial-services,61.46628189086914,185600.0,77.0,13.833333333333334,2.0,1.3333333333333333,8.083333333333334,1.4166666666666667,1.0,0.0,6.083333333333333,6.166666666666667,1.9166666666666667,2.9166666666666665,17.333333333333332,50.8035299481621,4.268882143271854,1.5384799580507655,0.25610372775976575
2017-01-01,2017,3.989807692307693,245.121,252.1525,-0.0433333333333333,0.3333333333333333,0.0,4.358333333333333,6984.666666666667,146610.41666666666,60.125,62.85,3549.441666666667,13621.366666666669,5556.816666666667,1.0016666666666667,96.76666666666668,2.583333333333333,104.11548333333332,101.288625,5580.5,5119.583333333333,4949.833333333333,905.0433333333334,19612.1025,19612.1025,2.13011000365961,76710.0,61140.0,2017-12-31,2017.0,Etsy,ETSY,internet-retail,consumer-cyclical,20.450000762939453,1285900.0,79.5,21.5,4.0,2.833333333333333,10.083333333333334,2.0,1.0833333333333333,0.0,6.166666666666667,5.083333333333333,2.0,3.0,17.166666666666668,48.37493176792042,6.752534226601025,2.22180027279072,0.08342818756018233
2017-01-01,2017,3.989807692307693,245.121,252.1525,-0.0433333333333333,0.3333333333333333,0.0,4.358333333333333,6984.666666666667,146610.41666666666,60.125,62.85,3549.441666666667,13621.366666666669,5556.816666666667,1.0016666666666667,96.76666666666668,2.583333333333333,104.11548333333332,101.288625,5580.5,5119.583333333333,4949.833333333333,905.0433333333334,19612.1025,19612.1025,2.13011000365961,76710.0,61140.0,2017-12-31,2017.0,Shopify,SHOP,software-application,technology,10.100000381469728,7758000.0,79.5,21.5,4.0,2.833333333333333,10.083333333333334,2.0,1.0833333333333333,0.0,6.166666666666667,5.083333333333333,2.0,3.0,17.166666666666668,48.37493176792042,6.752534226601025,2.22180027279072,0.04120414155241586
2017-01-01,2017,3.989807692307693,245.121,252.1525,-0.0433333333333333,0.3333333333333333,0.0,4.358333333333333,6984.666666666667,146610.41666666666,60.125,62.85,3549.441666666667,13621.366666666669,5556.816666666667,1.0016666666666667,96.76666666666668,2.583333333333333,104.11548333333332,101.288625,5580.5,5119.583333333333,4949.833333333333,905.0433333333334,19612.1025,19612.1025,2.13011000365961,76710.0,61140.0,2017-12-31,2017.0,Herbalife,HLF,packaged-foods,consumer-defensive,33.86000061035156,1229000.0,79.5,21.5,4.0,2.833333333333333,10.083333333333334,2.0,1.0833333333333333,0.0,6.166666666666667,5.083333333333333,2.0,3.0,17.166666666666668,48.37493176792042,6.752534226601025,2.22180027279072,0.13813586192268945
2017-01-01,2017,3.989807692307693,245.121,252.1525,-0.0433333333333333,0.3333333333333333,0.0,4.358333333333333,6984.666666666667,146610.41666666666,60.125,62.85,3549.441666666667,13621.366666666669,5556.816666666667,1.0016666666666667,96.76666666666668,2.583333333333333,104.11548333333332,101.288625,5580.5,5119.583333333333,4949.833333333333,905.0433333333334,19612.1025,19612.1025,2.13011000365961,76710.0,61140.0,2017-12-31,2017.0,Primerica,PRI,insurance-life,financial-services,91.10659790039062,181100.0,79.5,21.5,4.0,2.833333333333333,10.083333333333334,2.0,1.0833333333333333,0.0,6.166666666666667,5.083333333333333,2.0,3.0,17.166666666666668,48.37493176792042,6.752534226601025,2.22180027279072,0.37168010044178434
2018-01-01,2018,4.544615384615384,251.0995,257.5614166666667,-0.0258333333333333,0.4116666666666666,0.0,3.891666666666666,6315.25,148893.66666666666,60.44166666666666,62.88333333333333,3707.0,14141.441666666666,5631.675,1.8316666666666668,98.36666666666667,2.8083333333333336,105.83700833333334,101.4531,6475.083333333333,5357.833333333333,5167.166666666667,934.36,20656.5155,20193.89525,2.44258329692817,77700.0,63180.0,2018-12-31,2018.0,Upwork,UPWK,internet-content-information,communication-services,18.11000061035156,337200.0,76.41666666666667,21.75,10.75,5.5,13.416666666666666,2.0,1.5,0.0,6.333333333333333,5.333333333333333,2.0,3.0,16.583333333333332,47.10973681953792,8.26276999908904,3.151598336805653,0.07212280633912675
2018-01-01,2018,4.544615384615384,251.0995,257.5614166666667,-0.0258333333333333,0.4116666666666666,0.0,3.891666666666666,6315.25,148893.66666666666,60.44166666666666,62.88333333333333,3707.0,14141.441666666666,5631.675,1.8316666666666668,98.36666666666667,2.8083333333333336,105.83700833333334,101.4531,6475.083333333333,5357.833333333333,5167.166666666667,934.36,20656.5155,20193.89525,2.44258329692817,77700.0,63180.0,2018-12-31,2018.0,Etsy,ETSY,internet-retail,consumer-cyclical,47.56999969482422,1527000.0,76.41666666666667,21.75,10.75,5.5,13.416666666666666,2.0,1.5,0.0,6.333333333333333,5.333333333333333,2.0,3.0,16.583333333333332,47.10973681953792,8.26276999908904,3.151598336805653,0.18944681170143396
2018-01-01,2018,4.544615384615384,251.0995,257.5614166666667,-0.0258333333333333,0.4116666666666666,0.0,3.891666666666666,6315.25,148893.66666666666,60.44166666666666,62.88333333333333,3707.0,14141.441666666666,5631.675,1.8316666666666668,98.36666666666667,2.8083333333333336,105.83700833333334,101.4531,6475.083333333333,5357.833333333333,5167.166666666667,934.36,20656.5155,20193.89525,2.44258329692817,77700.0,63180.0,2018-12-31,2018.0,Shopify,SHOP,software-application,technology,13.845000267028809,16842000.0,76.41666666666667,21.75,10.75,5.5,13.416666666666666,2.0,1.5,0.0,6.333333333333333,5.333333333333333,2.0,3.0,16.583333333333332,47.10973681953792,8.26276999908904,3.151598336805653,0.05513750631534037
2018-01-01,2018,4.544615384615384,251.0995,257.5614166666667,-0.0258333333333333,0.4116666666666666,0.0,3.891666666666666,6315.25,148893.66666666666,60.44166666666666,62.88333333333333,3707.0,14141.441666666666,5631.675,1.8316666666666668,98.36666666666667,2.8083333333333336,105.83700833333334,101.4531,6475.083333333333,5357.833333333333,5167.166666666667,934.36,20656.5155,20193.89525,2.44258329692817,77700.0,63180.0,2018-12-31,2018.0,Herbalife,HLF,packaged-foods,consumer-defensive,58.95000076293945,1013800.0,76.41666666666667,21.75,10.75,5.5,13.416666666666666,2.0,1.5,0.0,6.333333333333333,5.333333333333333,2.0,3.0,16.583333333333332,47.10973681953792,8.26276999908904,3.151598336805653,0.23476749560608226
2018-01-01,2018,4.544615384615384,251.0995,257.5614166666667,-0.0258333333333333,0.4116666666666666,0.0,3.891666666666666,6315.25,148893.66666666666,60.44166666666666,62.88333333333333,3707.0,14141.441666666666,5631.675,1.8316666666666668,98.36666666666667,2.8083333333333336,105.83700833333334,101.4531,6475.083333333333,5357.833333333333,5167.166666666667,934.36,20656.5155,20193.89525,2.44258329692817,77700.0,63180.0,2018-12-31,2018.0,Primerica,PRI,insurance-life,financial-services,88.48662567138672,221500.0,76.41666666666667,21.75,10.75,5.5,13.416666666666666,2.0,1.5,0.0,6.333333333333333,5.333333333333333,2.0,3.0,16.583333333333332,47.10973681953792,8.26276999908904,3.151598336805653,0.3523966621653437
2019-01-01,2019,3.935769230769231,255.65258333333333,263.2129166666667,0.0275,1.6049999999999998,0.0,3.675,5999.166666666667,150905.08333333334,60.78333333333333,63.1,3872.533333333333,14863.433333333334,5813.45,2.158333333333333,95.98333333333332,2.6083333333333334,103.27267583333332,101.23429166666666,6430.083333333333,5466.416666666667,5311.0,963.1325,21539.9815,20715.6715,1.81221007526021,83260.0,68700.0,2019-12-31,2019.0,Upwork,UPWK,internet-content-information,communication-services,10.670000076293944,1182600.0,76.75,23.83333333333333,24.25,7.0,16.416666666666668,2.25,1.75,0.5,6.166666666666667,4.916666666666667,1.9166666666666667,3.0,16.333333333333332,49.30424006046055,9.371124744405272,3.151824055329845,0.04173632801661086
2019-01-01,2019,3.935769230769231,255.65258333333333,263.2129166666667,0.0275,1.6049999999999998,0.0,3.675,5999.166666666667,150905.08333333334,60.78333333333333,63.1,3872.533333333333,14863.433333333334,5813.45,2.158333333333333,95.98333333333332,2.6083333333333334,103.27267583333332,101.23429166666666,6430.083333333333,5466.416666666667,5311.0,963.1325,21539.9815,20715.6715,1.81221007526021,83260.0,68700.0,2019-12-31,2019.0,Fiverr,FVRR,internet-content-information,communication-services,23.5,171700.0,76.75,23.83333333333333,24.25,7.0,16.416666666666668,2.25,1.75,0.5,6.166666666666667,4.916666666666667,1.9166666666666667,3.0,16.333333333333332,49.30424006046055,9.371124744405272,3.151824055329845,0.09192162149740321
2019-01-01,2019,3.935769230769231,255.65258333333333,263.2129166666667,0.0275,1.6049999999999998,0.0,3.675,5999.166666666667,150905.08333333334,60.78333333333333,63.1,3872.533333333333,14863.433333333334,5813.45,2.158333333333333,95.98333333333332,2.6083333333333334,103.27267583333332,101.23429166666666,6430.083333333333,5466.416666666667,5311.0,963.1325,21539.9815,20715.6715,1.81221007526021,83260.0,68700.0,2019-12-31,2019.0,Uber,UBER,software-application,technology,29.739999771118164,16228400.0,76.75,23.83333333333333,24.25,7.0,16.416666666666668,2.25,1.75,0.5,6.166666666666667,4.916666666666667,1.9166666666666667,3.0,16.333333333333332,49.30424006046055,9.371124744405272,3.151824055329845,0.1163297447784503
2019-01-01,2019,3.935769230769231,255.65258333333333,263.2129166666667,0.0275,1.6049999999999998,0.0,3.675,5999.166666666667,150905.08333333334,60.78333333333333,63.1,3872.533333333333,14863.433333333334,5813.45,2.158333333333333,95.98333333333332,2.6083333333333334,103.27267583333332,101.23429166666666,6430.083333333333,5466.416666666667,5311.0,963.1325,21539.9815,20715.6715,1.81221007526021,83260.0,68700.0,2019-12-31,2019.0,Lyft,LYFT,software-application,technology,43.02000045776367,5499600.0,76.75,23.83333333333333,24.25,7.0,16.416666666666668,2.25,1.75,0.5,6.166666666666667,4.916666666666667,1.9166666666666667,3.0,16.333333333333332,49.30424006046055,9.371124744405272,3.151824055329845,0.16827524250624107
2019-01-01,2019,3.935769230769231,255.65258333333333,263.2129166666667,0.0275,1.6049999999999998,0.0,3.675,5999.166666666667,150905.08333333334,60.78333333333333,63.1,3872.533333333333,14863.433333333334,5813.45,2.158333333333333,95.98333333333332,2.6083333333333334,103.27267583333332,101.23429166666666,6430.083333333333,5466.416666666667,5311.0,963.1325,21539.9815,20715.6715,1.81221007526021,83260.0,68700.0,2019-12-31,2019.0,Etsy,ETSY,internet-retail,consumer-cyclical,44.29999923706055,2325000.0,76.75,23.83333333333333,24.25,7.0,16.416666666666668,2.25,1.75,0.5,6.166666666666667,4.916666666666667,1.9166666666666667,3.0,16.333333333333332,49.30424006046055,9.371124744405272,3.151824055329845,0.17328203243422685
2019-01-01,2019,3.935769230769231,255.65258333333333,263.2129166666667,0.0275,1.6049999999999998,0.0,3.675,5999.166666666667,150905.08333333334,60.78333333333333,63.1,3872.533333333333,14863.433333333334,5813.45,2.158333333333333,95.98333333333332,2.6083333333333334,103.27267583333332,101.23429166666666,6430.083333333333,5466.416666666667,5311.0,963.1325,21539.9815,20715.6715,1.81221007526021,83260.0,68700.0,2019-12-31,2019.0,Shopify,SHOP,software-application,technology,39.757999420166016,11222000.0,76.75,23.83333333333333,24.25,7.0,16.416666666666668,2.25,1.75,0.5,6.166666666666667,4.916666666666667,1.9166666666666667,3.0,16.333333333333332,49.30424006046055,9.371124744405272,3.151824055329845,0.1555157350721054
2019-01-01,2019,3.935769230769231,255.65258333333333,263.2129166666667,0.0275,1.6049999999999998,0.0,3.675,5999.166666666667,150905.08333333334,60.78333333333333,63.1,3872.533333333333,14863.433333333334,5813.45,2.158333333333333,95.98333333333332,2.6083333333333334,103.27267583333332,101.23429166666666,6430.083333333333,5466.416666666667,5311.0,963.1325,21539.9815,20715.6715,1.81221007526021,83260.0,68700.0,2019-12-31,2019.0,Herbalife,HLF,packaged-foods,consumer-defensive,47.66999816894531,1548400.0,76.75,23.83333333333333,24.25,7.0,16.416666666666668,2.25,1.75,0.5,6.166666666666667,4.916666666666667,1.9166666666666667,3.0,16.333333333333332,49.30424006046055,9.371124744405272,3.151824055329845,0.18646397993479555
2019-01-01,2019,3.935769230769231,255.65258333333333,263.2129166666667,0.0275,1.6049999999999998,0.0,3.675,5999.166666666667,150905.08333333334,60.78333333333333,63.1,3872.533333333333,14863.433333333334,5813.45,2.158333333333333,95.98333333333332,2.6083333333333334,103.27267583333332,101.23429166666666,6430.083333333333,5466.416666666667,5311.0,963.1325,21539.9815,20715.6715,1.81221007526021,83260.0,68700.0,2019-12-31,2019.0,Primerica,PRI,insurance-life,financial-services,119.55378723144533,146100.0,76.75,23.83333333333333,24.25,7.0,16.416666666666668,2.25,1.75,0.5,6.166666666666667,4.916666666666667,1.9166666666666667,3.0,16.333333333333332,49.30424006046055,9.371124744405272,3.151824055329845,0.4676416161051062
2020-01-01,2020,3.111698113207547,258.85575,267.70991666666663,4.316666666666666,16.865,0.1666666666666666,8.1,12949.666666666666,142161.91666666666,56.76666666666667,61.74166666666667,12821.083333333334,17696.283333333333,6835.474999999999,0.3758333333333333,81.54166666666667,2.6666666666666665,87.73424083333333,99.46525083333334,5637.083333333333,5708.083333333333,6314.333333333333,1014.7025,21375.2815,20284.5,1.23358439630629,81580.0,68010.0,2020-12-31,2020.0,Upwork,UPWK,internet-content-information,communication-services,34.52000045776367,1485200.0,50.5,11.583333333333334,37.75,22.08333333333333,19.08333333333333,3.4166666666666665,1.8333333333333333,0.75,6.416666666666667,5.5,1.9166666666666667,3.1666666666666665,15.166666666666666,74.37392555684558,13.375594817067736,4.003426148384019,0.13335612771886918
2020-01-01,2020,3.111698113207547,258.85575,267.70991666666663,4.316666666666666,16.865,0.1666666666666666,8.1,12949.666666666666,142161.91666666666,56.76666666666667,61.74166666666667,12821.083333333334,17696.283333333333,6835.474999999999,0.3758333333333333,81.54166666666667,2.6666666666666665,87.73424083333333,99.46525083333334,5637.083333333333,5708.083333333333,6314.333333333333,1014.7025,21375.2815,20284.5,1.23358439630629,81580.0,68010.0,2020-12-31,2020.0,Fiverr,FVRR,internet-content-information,communication-services,195.1000061035156,1301200.0,50.5,11.583333333333334,37.75,22.08333333333333,19.08333333333333,3.4166666666666665,1.8333333333333333,0.75,6.416666666666667,5.5,1.9166666666666667,3.1666666666666665,15.166666666666666,74.37392555684558,13.375594817067736,4.003426148384019,0.7537016508364817
2020-01-01,2020,3.111698113207547,258.85575,267.70991666666663,4.316666666666666,16.865,0.1666666666666666,8.1,12949.666666666666,142161.91666666666,56.76666666666667,61.74166666666667,12821.083333333334,17696.283333333333,6835.474999999999,0.3758333333333333,81.54166666666667,2.6666666666666665,87.73424083333333,99.46525083333334,5637.083333333333,5708.083333333333,6314.333333333333,1014.7025,21375.2815,20284.5,1.23358439630629,81580.0,68010.0,2020-12-31,2020.0,Uber,UBER,software-application,technology,51.0,13282800.0,50.5,11.583333333333334,37.75,22.08333333333333,19.08333333333333,3.4166666666666665,1.8333333333333333,0.75,6.416666666666667,5.5,1.9166666666666667,3.1666666666666665,15.166666666666666,74.37392555684558,13.375594817067736,4.003426148384019,0.1970209276788327
2020-01-01,2020,3.111698113207547,258.85575,267.70991666666663,4.316666666666666,16.865,0.1666666666666666,8.1,12949.666666666666,142161.91666666666,56.76666666666667,61.74166666666667,12821.083333333334,17696.283333333333,6835.474999999999,0.3758333333333333,81.54166666666667,2.6666666666666665,87.73424083333333,99.46525083333334,5637.083333333333,5708.083333333333,6314.333333333333,1014.7025,21375.2815,20284.5,1.23358439630629,81580.0,68010.0,2020-12-31,2020.0,Lyft,LYFT,software-application,technology,49.130001068115234,3224100.0,50.5,11.583333333333334,37.75,22.08333333333333,19.08333333333333,3.4166666666666665,1.8333333333333333,0.75,6.416666666666667,5.5,1.9166666666666667,3.1666666666666665,15.166666666666666,74.37392555684558,13.375594817067736,4.003426148384019,0.18979683112357068
2020-01-01,2020,3.111698113207547,258.85575,267.70991666666663,4.316666666666666,16.865,0.1666666666666666,8.1,12949.666666666666,142161.91666666666,56.76666666666667,61.74166666666667,12821.083333333334,17696.283333333333,6835.474999999999,0.3758333333333333,81.54166666666667,2.6666666666666665,87.73424083333333,99.46525083333334,5637.083333333333,5708.083333333333,6314.333333333333,1014.7025,21375.2815,20284.5,1.23358439630629,81580.0,68010.0,2020-12-31,2020.0,Doordash,DASH,internet-retail,consumer-cyclical,142.75,2637300.0,50.5,11.583333333333334,37.75,22.08333333333333,19.08333333333333,3.4166666666666665,1.8333333333333333,0.75,6.416666666666667,5.5,1.9166666666666667,3.1666666666666665,15.166666666666666,74.37392555684558,13.375594817067736,4.003426148384019,0.5514654397284975
2020-01-01,2020,3.111698113207547,258.85575,267.70991666666663,4.316666666666666,16.865,0.1666666666666666,8.1,12949.666666666666,142161.91666666666,56.76666666666667,61.74166666666667,12821.083333333334,17696.283333333333,6835.474999999999,0.3758333333333333,81.54166666666667,2.6666666666666665,87.73424083333333,99.46525083333334,5637.083333333333,5708.083333333333,6314.333333333333,1014.7025,21375.2815,20284.5,1.23358439630629,81580.0,68010.0,2020-12-31,2020.0,Etsy,ETSY,internet-retail,consumer-cyclical,177.91000366210938,2076900.0,50.5,11.583333333333334,37.75,22.08333333333333,19.08333333333333,3.4166666666666665,1.8333333333333333,0.75,6.416666666666667,5.5,1.9166666666666667,3.1666666666666665,15.166666666666666,74.37392555684558,13.375594817067736,4.003426148384019,0.6872939993108493
2020-01-01,2020,3.111698113207547,258.85575,267.70991666666663,4.316666666666666,16.865,0.1666666666666666,8.1,12949.666666666666,142161.91666666666,56.76666666666667,61.74166666666667,12821.083333333334,17696.283333333333,6835.474999999999,0.3758333333333333,81.54166666666667,2.6666666666666665,87.73424083333333,99.46525083333334,5637.083333333333,5708.083333333333,6314.333333333333,1014.7025,21375.2815,20284.5,1.23358439630629,81580.0,68010.0,2020-12-31,2020.0,Shopify,SHOP,software-application,technology,113.19499969482422,8184000.0,50.5,11.583333333333334,37.75,22.08333333333333,19.08333333333333,3.4166666666666665,1.8333333333333333,0.75,6.416666666666667,5.5,1.9166666666666667,3.1666666666666665,15.166666666666666,74.37392555684558,13.375594817067736,4.003426148384019,0.4372898793819501
2020-01-01,2020,3.111698113207547,258.85575,267.70991666666663,4.316666666666666,16.865,0.1666666666666666,8.1,12949.666666666666,142161.91666666666,56.76666666666667,61.74166666666667,12821.083333333334,17696.283333333333,6835.474999999999,0.3758333333333333,81.54166666666667,2.6666666666666665,87.73424083333333,99.46525083333334,5637.083333333333,5708.083333333333,6314.333333333333,1014.7025,21375.2815,20284.5,1.23358439630629,81580.0,68010.0,2020-12-31,2020.0,Herbalife,HLF,packaged-foods,consumer-defensive,48.04999923706055,368300.0,50.5,11.583333333333334,37.75,22.08333333333333,19.08333333333333,3.4166666666666665,1.8333333333333333,0.75,6.416666666666667,5.5,1.9166666666666667,3.1666666666666665,15.166666666666666,74.37392555684558,13.375594817067736,4.003426148384019,0.18562461616966416
2020-01-01,2020,3.111698113207547,258.85575,267.70991666666663,4.316666666666666,16.865,0.1666666666666666,8.1,12949.666666666666,142161.91666666666,56.76666666666667,61.74166666666667,12821.083333333334,17696.283333333333,6835.474999999999,0.3758333333333333,81.54166666666667,2.6666666666666665,87.73424083333333,99.46525083333334,5637.083333333333,5708.083333333333,6314.333333333333,1014.7025,21375.2815,20284.5,1.23358439630629,81580.0,68010.0,2020-12-31,2020.0,Primerica,PRI,insurance-life,financial-services,124.22382354736328,118300.0,50.5,11.583333333333334,37.75,22.08333333333333,19.08333333333333,3.4166666666666665,1.8333333333333333,0.75,6.416666666666667,5.5,1.9166666666666667,3.1666666666666665,15.166666666666666,74.37392555684558,13.375594817067736,4.003426148384019,0.47989594029633603
2021-01-01,2021,2.957692307692308,270.97341666666665,277.25100000000003,0.5275,0.61,0.0,5.3500000000000005,8629.916666666666,146284.33333333334,58.35,61.675,19381.75833333333,20538.241666666665,7577.858333333334,0.08,77.61666666666666,4.166666666666667,83.51116333333333,99.03490083333334,9069.583333333334,5982.666666666667,5402.416666666667,1066.0991666666666,23725.6455,21532.407,4.69785886363742,81270.0,70780.0,2021-12-31,2021.0,Upwork,UPWK,internet-content-information,communication-services,34.15999984741211,672300.0,51.66666666666666,11.0,42.41666666666666,15.083333333333334,15.583333333333334,3.583333333333333,1.0833333333333333,1.0,6.083333333333333,4.916666666666667,2.0,3.1666666666666665,15.833333333333334,73.825003698358,10.645020204804608,3.0647599374103742,0.12606402601268246
2021-01-01,2021,2.957692307692308,270.97341666666665,277.25100000000003,0.5275,0.61,0.0,5.3500000000000005,8629.916666666666,146284.33333333334,58.35,61.675,19381.75833333333,20538.241666666665,7577.858333333334,0.08,77.61666666666666,4.166666666666667,83.51116333333333,99.03490083333334,9069.583333333334,5982.666666666667,5402.416666666667,1066.0991666666666,23725.6455,21532.407,4.69785886363742,81270.0,70780.0,2021-12-31,2021.0,Fiverr,FVRR,internet-content-information,communication-services,113.6999969482422,575500.0,51.66666666666666,11.0,42.41666666666666,15.083333333333334,15.583333333333334,3.583333333333333,1.0833333333333333,1.0,6.083333333333333,4.916666666666667,2.0,3.1666666666666665,15.833333333333334,73.825003698358,10.645020204804608,3.0647599374103742,0.41959834417303127
2021-01-01,2021,2.957692307692308,270.97341666666665,277.25100000000003,0.5275,0.61,0.0,5.3500000000000005,8629.916666666666,146284.33333333334,58.35,61.675,19381.75833333333,20538.241666666665,7577.858333333334,0.08,77.61666666666666,4.166666666666667,83.51116333333333,99.03490083333334,9069.583333333334,5982.666666666667,5402.416666666667,1066.0991666666666,23725.6455,21532.407,4.69785886363742,81270.0,70780.0,2021-12-31,2021.0,Uber,UBER,software-application,technology,41.93000030517578,13746900.0,51.66666666666666,11.0,42.41666666666666,15.083333333333334,15.583333333333334,3.583333333333333,1.0833333333333333,1.0,6.083333333333333,4.916666666666667,2.0,3.1666666666666665,15.833333333333334,73.825003698358,10.645020204804608,3.0647599374103742,0.15473842718953962
2021-01-01,2021,2.957692307692308,270.97341666666665,277.25100000000003,0.5275,0.61,0.0,5.3500000000000005,8629.916666666666,146284.33333333334,58.35,61.675,19381.75833333333,20538.241666666665,7577.858333333334,0.08,77.61666666666666,4.166666666666667,83.51116333333333,99.03490083333334,9069.583333333334,5982.666666666667,5402.416666666667,1066.0991666666666,23725.6455,21532.407,4.69785886363742,81270.0,70780.0,2021-12-31,2021.0,Lyft,LYFT,software-application,technology,42.72999954223633,3235300.0,51.66666666666666,11.0,42.41666666666666,15.083333333333334,15.583333333333334,3.583333333333333,1.0833333333333333,1.0,6.083333333333333,4.916666666666667,2.0,3.1666666666666665,15.833333333333334,73.825003698358,10.645020204804608,3.0647599374103742,0.15769074349754356
2021-01-01,2021,2.957692307692308,270.97341666666665,277.25100000000003,0.5275,0.61,0.0,5.3500000000000005,8629.916666666666,146284.33333333334,58.35,61.675,19381.75833333333,20538.241666666665,7577.858333333334,0.08,77.61666666666666,4.166666666666667,83.51116333333333,99.03490083333334,9069.583333333334,5982.666666666667,5402.416666666667,1066.0991666666666,23725.6455,21532.407,4.69785886363742,81270.0,70780.0,2021-12-31,2021.0,Doordash,DASH,internet-retail,consumer-cyclical,148.89999389648438,2297900.0,51.66666666666666,11.0,42.41666666666666,15.083333333333334,15.583333333333334,3.583333333333333,1.0833333333333333,1.0,6.083333333333333,4.916666666666667,2.0,3.1666666666666665,15.833333333333334,73.825003698358,10.645020204804608,3.0647599374103742,0.5495003743472415
2021-01-01,2021,2.957692307692308,270.97341666666665,277.25100000000003,0.5275,0.61,0.0,5.3500000000000005,8629.916666666666,146284.33333333334,58.35,61.675,19381.75833333333,20538.241666666665,7577.858333333334,0.08,77.61666666666666,4.166666666666667,83.51116333333333,99.03490083333334,9069.583333333334,5982.666666666667,5402.416666666667,1066.0991666666666,23725.6455,21532.407,4.69785886363742,81270.0,70780.0,2021-12-31,2021.0,Etsy,ETSY,internet-retail,consumer-cyclical,218.94000244140625,1298800.0,51.66666666666666,11.0,42.41666666666666,15.083333333333334,15.583333333333334,3.583333333333333,1.0833333333333333,1.0,6.083333333333333,4.916666666666667,2.0,3.1666666666666665,15.833333333333334,73.825003698358,10.645020204804608,3.0647599374103742,0.8079759451486401
2021-01-01,2021,2.957692307692308,270.97341666666665,277.25100000000003,0.5275,0.61,0.0,5.3500000000000005,8629.916666666666,146284.33333333334,58.35,61.675,19381.75833333333,20538.241666666665,7577.858333333334,0.08,77.61666666666666,4.166666666666667,83.51116333333333,99.03490083333334,9069.583333333334,5982.666666666667,5402.416666666667,1066.0991666666666,23725.6455,21532.407,4.69785886363742,81270.0,70780.0,2021-12-31,2021.0,Shopify,SHOP,software-application,technology,137.73899841308594,4713000.0,51.66666666666666,11.0,42.41666666666666,15.083333333333334,15.583333333333334,3.583333333333333,1.0833333333333333,1.0,6.083333333333333,4.916666666666667,2.0,3.1666666666666665,15.833333333333334,73.825003698358,10.645020204804608,3.0647599374103742,0.5083118488428082
2021-01-01,2021,2.957692307692308,270.97341666666665,277.25100000000003,0.5275,0.61,0.0,5.3500000000000005,8629.916666666666,146284.33333333334,58.35,61.675,19381.75833333333,20538.241666666665,7577.858333333334,0.08,77.61666666666666,4.166666666666667,83.51116333333333,99.03490083333334,9069.583333333334,5982.666666666667,5402.416666666667,1066.0991666666666,23725.6455,21532.407,4.69785886363742,81270.0,70780.0,2021-12-31,2021.0,Udemy,UDMY,education-training-services,consumer-defensive,19.540000915527344,255300.0,51.66666666666666,11.0,42.41666666666666,15.083333333333334,15.583333333333334,3.583333333333333,1.0833333333333333,1.0,6.083333333333333,4.916666666666667,2.0,3.1666666666666665,15.833333333333334,73.825003698358,10.645020204804608,3.0647599374103742,0.07211039797148863
2021-01-01,2021,2.957692307692308,270.97341666666665,277.25100000000003,0.5275,0.61,0.0,5.3500000000000005,8629.916666666666,146284.33333333334,58.35,61.675,19381.75833333333,20538.241666666665,7577.858333333334,0.08,77.61666666666666,4.166666666666667,83.51116333333333,99.03490083333334,9069.583333333334,5982.666666666667,5402.416666666667,1066.0991666666666,23725.6455,21532.407,4.69785886363742,81270.0,70780.0,2021-12-31,2021.0,Herbalife,HLF,packaged-foods,consumer-defensive,40.93000030517578,941000.0,51.66666666666666,11.0,42.41666666666666,15.083333333333334,15.583333333333334,3.583333333333333,1.0833333333333333,1.0,6.083333333333333,4.916666666666667,2.0,3.1666666666666665,15.833333333333334,73.825003698358,10.645020204804608,3.0647599374103742,0.15104802828509606
2021-01-01,2021,2.957692307692308,270.97341666666665,277.25100000000003,0.5275,0.61,0.0,5.3500000000000005,8629.916666666666,146284.33333333334,58.35,61.675,19381.75833333333,20538.241666666665,7577.858333333334,0.08,77.61666666666666,4.166666666666667,83.51116333333333,99.03490083333334,9069.583333333334,5982.666666666667,5402.416666666667,1066.0991666666666,23725.6455,21532.407,4.69785886363742,81270.0,70780.0,2021-12-31,2021.0,Primerica,PRI,insurance-life,financial-services,143.92208862304688,63000.0,51.66666666666666,11.0,42.41666666666666,15.083333333333334,15.583333333333334,3.583333333333333,1.0833333333333333,1.0,6.083333333333333,4.916666666666667,2.0,3.1666666666666665,15.833333333333334,73.825003698358,10.645020204804608,3.0647599374103742,0.5311299181797239
2022-01-01,2022,5.344038461538461,292.62641666666667,294.3066666666667,-0.0383333333333333,0.9133333333333334,0.0,3.65,5992.666666666667,152549.16666666666,59.98333333333333,62.23333333333333,20434.241666666665,21607.55,7387.200000000001,1.6833333333333331,58.975,5.016666666666667,63.45377916666666,96.85524083333333,10151.083333333334,6004.5,5648.833333333333,1115.3108333333332,26054.61425,22075.93125,8.00279982052121,79500.0,74580.0,2022-12-31,2022.0,Upwork,UPWK,internet-content-information,communication-services,10.4399995803833,1120800.0,57.66666666666666,12.083333333333334,44.583333333333336,17.5,13.75,4.666666666666667,2.5,1.0833333333333333,6.666666666666667,3.5,2.083333333333333,3.0,14.833333333333334,79.85565292878933,14.8864839186801,4.3386645607902095,0.03567688693080501
2022-01-01,2022,5.344038461538461,292.62641666666667,294.3066666666667,-0.0383333333333333,0.9133333333333334,0.0,3.65,5992.666666666667,152549.16666666666,59.98333333333333,62.23333333333333,20434.241666666665,21607.55,7387.200000000001,1.6833333333333331,58.975,5.016666666666667,63.45377916666666,96.85524083333333,10151.083333333334,6004.5,5648.833333333333,1115.3108333333332,26054.61425,22075.93125,8.00279982052121,79500.0,74580.0,2022-12-31,2022.0,Fiverr,FVRR,internet-content-information,communication-services,29.13999938964844,500800.0,57.66666666666666,12.083333333333334,44.583333333333336,17.5,13.75,4.666666666666667,2.5,1.0833333333333333,6.666666666666667,3.5,2.083333333333333,3.0,14.833333333333334,79.85565292878933,14.8864839186801,4.3386645607902095,0.09958089130019342
2022-01-01,2022,5.344038461538461,292.62641666666667,294.3066666666667,-0.0383333333333333,0.9133333333333334,0.0,3.65,5992.666666666667,152549.16666666666,59.98333333333333,62.23333333333333,20434.241666666665,21607.55,7387.200000000001,1.6833333333333331,58.975,5.016666666666667,63.45377916666666,96.85524083333333,10151.083333333334,6004.5,5648.833333333333,1115.3108333333332,26054.61425,22075.93125,8.00279982052121,79500.0,74580.0,2022-12-31,2022.0,Uber,UBER,software-application,technology,24.729999542236328,20474100.0,57.66666666666666,12.083333333333334,44.583333333333336,17.5,13.75,4.666666666666667,2.5,1.0833333333333333,6.666666666666667,3.5,2.083333333333333,3.0,14.833333333333334,79.85565292878933,14.8864839186801,4.3386645607902095,0.08451048208134432
2022-01-01,2022,5.344038461538461,292.62641666666667,294.3066666666667,-0.0383333333333333,0.9133333333333334,0.0,3.65,5992.666666666667,152549.16666666666,59.98333333333333,62.23333333333333,20434.241666666665,21607.55,7387.200000000001,1.6833333333333331,58.975,5.016666666666667,63.45377916666666,96.85524083333333,10151.083333333334,6004.5,5648.833333333333,1115.3108333333332,26054.61425,22075.93125,8.00279982052121,79500.0,74580.0,2022-12-31,2022.0,Lyft,LYFT,software-application,technology,11.020000457763672,11302800.0,57.66666666666666,12.083333333333334,44.583333333333336,17.5,13.75,4.666666666666667,2.5,1.0833333333333333,6.666666666666667,3.5,2.083333333333333,3.0,14.833333333333334,79.85565292878933,14.8864839186801,4.3386645607902095,0.03765893928269864
2022-01-01,2022,5.344038461538461,292.62641666666667,294.3066666666667,-0.0383333333333333,0.9133333333333334,0.0,3.65,5992.666666666667,152549.16666666666,59.98333333333333,62.23333333333333,20434.241666666665,21607.55,7387.200000000001,1.6833333333333331,58.975,5.016666666666667,63.45377916666666,96.85524083333333,10151.083333333334,6004.5,5648.833333333333,1115.3108333333332,26054.61425,22075.93125,8.00279982052121,79500.0,74580.0,2022-12-31,2022.0,Doordash,DASH,internet-retail,consumer-cyclical,48.81999969482422,3193300.0,57.66666666666666,12.083333333333334,44.583333333333336,17.5,13.75,4.666666666666667,2.5,1.0833333333333333,6.666666666666667,3.5,2.083333333333333,3.0,14.833333333333334,79.85565292878933,14.8864839186801,4.3386645607902095,0.16683387730655744
2022-01-01,2022,5.344038461538461,292.62641666666667,294.3066666666667,-0.0383333333333333,0.9133333333333334,0.0,3.65,5992.666666666667,152549.16666666666,59.98333333333333,62.23333333333333,20434.241666666665,21607.55,7387.200000000001,1.6833333333333331,58.975,5.016666666666667,63.45377916666666,96.85524083333333,10151.083333333334,6004.5,5648.833333333333,1115.3108333333332,26054.61425,22075.93125,8.00279982052121,79500.0,74580.0,2022-12-31,2022.0,Etsy,ETSY,internet-retail,consumer-cyclical,119.77999877929688,2153700.0,57.66666666666666,12.083333333333334,44.583333333333336,17.5,13.75,4.666666666666667,2.5,1.0833333333333333,6.666666666666667,3.5,2.083333333333333,3.0,14.833333333333334,79.85565292878933,14.8864839186801,4.3386645607902095,0.4093273606112579
2022-01-01,2022,5.344038461538461,292.62641666666667,294.3066666666667,-0.0383333333333333,0.9133333333333334,0.0,3.65,5992.666666666667,152549.16666666666,59.98333333333333,62.23333333333333,20434.241666666665,21607.55,7387.200000000001,1.6833333333333331,58.975,5.016666666666667,63.45377916666666,96.85524083333333,10151.083333333334,6004.5,5648.833333333333,1115.3108333333332,26054.61425,22075.93125,8.00279982052121,79500.0,74580.0,2022-12-31,2022.0,Shopify,SHOP,software-application,technology,34.709999084472656,13272900.0,57.66666666666666,12.083333333333334,44.583333333333336,17.5,13.75,4.666666666666667,2.5,1.0833333333333333,6.666666666666667,3.5,2.083333333333333,3.0,14.833333333333334,79.85565292878933,14.8864839186801,4.3386645607902095,0.11861539870479677
2022-01-01,2022,5.344038461538461,292.62641666666667,294.3066666666667,-0.0383333333333333,0.9133333333333334,0.0,3.65,5992.666666666667,152549.16666666666,59.98333333333333,62.23333333333333,20434.241666666665,21607.55,7387.200000000001,1.6833333333333331,58.975,5.016666666666667,63.45377916666666,96.85524083333333,10151.083333333334,6004.5,5648.833333333333,1115.3108333333332,26054.61425,22075.93125,8.00279982052121,79500.0,74580.0,2022-12-31,2022.0,Udemy,UDMY,education-training-services,consumer-defensive,10.550000190734863,565000.0,57.66666666666666,12.083333333333334,44.583333333333336,17.5,13.75,4.666666666666667,2.5,1.0833333333333333,6.666666666666667,3.5,2.083333333333333,3.0,14.833333333333334,79.85565292878933,14.8864839186801,4.3386645607902095,0.03605279492846492
2022-01-01,2022,5.344038461538461,292.62641666666667,294.3066666666667,-0.0383333333333333,0.9133333333333334,0.0,3.65,5992.666666666667,152549.16666666666,59.98333333333333,62.23333333333333,20434.241666666665,21607.55,7387.200000000001,1.6833333333333331,58.975,5.016666666666667,63.45377916666666,96.85524083333333,10151.083333333334,6004.5,5648.833333333333,1115.3108333333332,26054.61425,22075.93125,8.00279982052121,79500.0,74580.0,2022-12-31,2022.0,Herbalife,HLF,packaged-foods,consumer-defensive,14.880000114440918,920600.0,57.66666666666666,12.083333333333334,44.583333333333336,17.5,13.75,4.666666666666667,2.5,1.0833333333333333,6.666666666666667,3.5,2.083333333333333,3.0,14.833333333333334,79.85565292878933,14.8864839186801,4.3386645607902095,0.05084981829029762
2022-01-01,2022,5.344038461538461,292.62641666666667,294.3066666666667,-0.0383333333333333,0.9133333333333334,0.0,3.65,5992.666666666667,152549.16666666666,59.98333333333333,62.23333333333333,20434.241666666665,21607.55,7387.200000000001,1.6833333333333331,58.975,5.016666666666667,63.45377916666666,96.85524083333333,10151.083333333334,6004.5,5648.833333333333,1115.3108333333332,26054.61425,22075.93125,8.00279982052121,79500.0,74580.0,2022-12-31,2022.0,Primerica,PRI,insurance-life,financial-services,135.3682403564453,78700.0,57.66666666666666,12.083333333333334,44.583333333333336,17.5,13.75,4.666666666666667,2.5,1.0833333333333333,6.666666666666667,3.5,2.083333333333333,3.0,14.833333333333334,79.85565292878933,14.8864839186801,4.3386645607902095,0.46259747120043665
2023-01-01,2023,6.806730769230769,304.70300000000003,308.3785833333333,0.11,0.6016666666666667,0.0,3.625,6076.833333333333,155895.25,60.31666666666666,62.60833333333333,18546.341666666667,20869.6,6850.116666666666,5.024166666666667,65.35000000000001,3.816666666666667,70.31292083333334,97.58591916666668,8234.75,5472.583333333333,5321.333333333333,1159.3983333333333,27811.517,22723.71875,4.11633838374488,82690.0,80610.0,2023-12-31,2023.0,Upwork,UPWK,internet-content-information,communication-services,14.869999885559082,1535700.0,60.0,11.416666666666666,43.333333333333336,16.5,10.083333333333334,4.666666666666667,2.6666666666666665,1.0833333333333333,6.75,2.6666666666666665,2.0,3.083333333333333,14.333333333333334,75.21207362072307,15.36802620566291,4.099313614790321,0.048801619562521804
2023-01-01,2023,6.806730769230769,304.70300000000003,308.3785833333333,0.11,0.6016666666666667,0.0,3.625,6076.833333333333,155895.25,60.31666666666666,62.60833333333333,18546.341666666667,20869.6,6850.116666666666,5.024166666666667,65.35000000000001,3.816666666666667,70.31292083333334,97.58591916666668,8234.75,5472.583333333333,5321.333333333333,1159.3983333333333,27811.517,22723.71875,4.11633838374488,82690.0,80610.0,2023-12-31,2023.0,Fiverr,FVRR,internet-content-information,communication-services,27.21999931335449,1051900.0,60.0,11.416666666666666,43.333333333333336,16.5,10.083333333333334,4.666666666666667,2.6666666666666665,1.0833333333333333,6.75,2.6666666666666665,2.0,3.083333333333333,14.333333333333334,75.21207362072307,15.36802620566291,4.099313614790321,0.08933288911941951
2023-01-01,2023,6.806730769230769,304.70300000000003,308.3785833333333,0.11,0.6016666666666667,0.0,3.625,6076.833333333333,155895.25,60.31666666666666,62.60833333333333,18546.341666666667,20869.6,6850.116666666666,5.024166666666667,65.35000000000001,3.816666666666667,70.31292083333334,97.58591916666668,8234.75,5472.583333333333,5321.333333333333,1159.3983333333333,27811.517,22723.71875,4.11633838374488,82690.0,80610.0,2023-12-31,2023.0,Uber,UBER,software-application,technology,61.56999969482422,21615400.0,60.0,11.416666666666666,43.333333333333336,16.5,10.083333333333334,4.666666666666667,2.6666666666666665,1.0833333333333333,6.75,2.6666666666666665,2.0,3.083333333333333,14.333333333333334,75.21207362072307,15.36802620566291,4.099313614790321,0.2020656169936765
2023-01-01,2023,6.806730769230769,304.70300000000003,308.3785833333333,0.11,0.6016666666666667,0.0,3.625,6076.833333333333,155895.25,60.31666666666666,62.60833333333333,18546.341666666667,20869.6,6850.116666666666,5.024166666666667,65.35000000000001,3.816666666666667,70.31292083333334,97.58591916666668,8234.75,5472.583333333333,5321.333333333333,1159.3983333333333,27811.517,22723.71875,4.11633838374488,82690.0,80610.0,2023-12-31,2023.0,Lyft,LYFT,software-application,technology,14.989999771118164,14032400.0,60.0,11.416666666666666,43.333333333333336,16.5,10.083333333333334,4.666666666666667,2.6666666666666665,1.0833333333333333,6.75,2.6666666666666665,2.0,3.083333333333333,14.333333333333334,75.21207362072307,15.36802620566291,4.099313614790321,0.04919544530614455
2023-01-01,2023,6.806730769230769,304.70300000000003,308.3785833333333,0.11,0.6016666666666667,0.0,3.625,6076.833333333333,155895.25,60.31666666666666,62.60833333333333,18546.341666666667,20869.6,6850.116666666666,5.024166666666667,65.35000000000001,3.816666666666667,70.31292083333334,97.58591916666668,8234.75,5472.583333333333,5321.333333333333,1159.3983333333333,27811.517,22723.71875,4.11633838374488,82690.0,80610.0,2023-12-31,2023.0,Doordash,DASH,internet-retail,consumer-cyclical,98.88999938964844,2525700.0,60.0,11.416666666666666,43.333333333333336,16.5,10.083333333333334,4.666666666666667,2.6666666666666665,1.0833333333333333,6.75,2.6666666666666665,2.0,3.083333333333333,14.333333333333334,75.21207362072307,15.36802620566291,4.099313614790321,0.32454553906475625
2023-01-01,2023,6.806730769230769,304.70300000000003,308.3785833333333,0.11,0.6016666666666667,0.0,3.625,6076.833333333333,155895.25,60.31666666666666,62.60833333333333,18546.341666666667,20869.6,6850.116666666666,5.024166666666667,65.35000000000001,3.816666666666667,70.31292083333334,97.58591916666668,8234.75,5472.583333333333,5321.333333333333,1159.3983333333333,27811.517,22723.71875,4.11633838374488,82690.0,80610.0,2023-12-31,2023.0,Instacart,CART,internet-retail,consumer-cyclical,23.46999931335449,1207300.0,60.0,11.416666666666666,43.333333333333336,16.5,10.083333333333334,4.666666666666667,2.6666666666666665,1.0833333333333333,6.75,2.6666666666666665,2.0,3.083333333333333,14.333333333333334,75.21207362072307,15.36802620566291,4.099313614790321,0.07702582289427569
2023-01-01,2023,6.806730769230769,304.70300000000003,308.3785833333333,0.11,0.6016666666666667,0.0,3.625,6076.833333333333,155895.25,60.31666666666666,62.60833333333333,18546.341666666667,20869.6,6850.116666666666,5.024166666666667,65.35000000000001,3.816666666666667,70.31292083333334,97.58591916666668,8234.75,5472.583333333333,5321.333333333333,1159.3983333333333,27811.517,22723.71875,4.11633838374488,82690.0,80610.0,2023-12-31,2023.0,Etsy,ETSY,internet-retail,consumer-cyclical,81.05000305175781,2397100.0,60.0,11.416666666666666,43.333333333333336,16.5,10.083333333333334,4.666666666666667,2.6666666666666665,1.0833333333333333,6.75,2.6666666666666665,2.0,3.083333333333333,14.333333333333334,75.21207362072307,15.36802620566291,4.099313614790321,0.26599673469495805
2023-01-01,2023,6.806730769230769,304.70300000000003,308.3785833333333,0.11,0.6016666666666667,0.0,3.625,6076.833333333333,155895.25,60.31666666666666,62.60833333333333,18546.341666666667,20869.6,6850.116666666666,5.024166666666667,65.35000000000001,3.816666666666667,70.31292083333334,97.58591916666668,8234.75,5472.583333333333,5321.333333333333,1159.3983333333333,27811.517,22723.71875,4.11633838374488,82690.0,80610.0,2023-12-31,2023.0,Shopify,SHOP,software-application,technology,77.9000015258789,9527200.0,60.0,11.416666666666666,43.333333333333336,16.5,10.083333333333334,4.666666666666667,2.6666666666666665,1.0833333333333333,6.75,2.6666666666666665,2.0,3.083333333333333,14.333333333333334,75.21207362072307,15.36802620566291,4.099313614790321,0.2556587940580792
2023-01-01,2023,6.806730769230769,304.70300000000003,308.3785833333333,0.11,0.6016666666666667,0.0,3.625,6076.833333333333,155895.25,60.31666666666666,62.60833333333333,18546.341666666667,20869.6,6850.116666666666,5.024166666666667,65.35000000000001,3.816666666666667,70.31292083333334,97.58591916666668,8234.75,5472.583333333333,5321.333333333333,1159.3983333333333,27811.517,22723.71875,4.11633838374488,82690.0,80610.0,2023-12-31,2023.0,Udemy,UDMY,education-training-services,consumer-defensive,14.729999542236328,690800.0,60.0,11.416666666666666,43.333333333333336,16.5,10.083333333333334,4.666666666666667,2.6666666666666665,1.0833333333333333,6.75,2.6666666666666665,2.0,3.083333333333333,14.333333333333334,75.21207362072307,15.36802620566291,4.099313614790321,0.048342154630037534
2023-01-01,2023,6.806730769230769,304.70300000000003,308.3785833333333,0.11,0.6016666666666667,0.0,3.625,6076.833333333333,155895.25,60.31666666666666,62.60833333333333,18546.341666666667,20869.6,6850.116666666666,5.024166666666667,65.35000000000001,3.816666666666667,70.31292083333334,97.58591916666668,8234.75,5472.583333333333,5321.333333333333,1159.3983333333333,27811.517,22723.71875,4.11633838374488,82690.0,80610.0,2023-12-31,2023.0,Herbalife,HLF,packaged-foods,consumer-defensive,15.260000228881836,702900.0,60.0,11.416666666666666,43.333333333333336,16.5,10.083333333333334,4.666666666666667,2.6666666666666665,1.0833333333333333,6.75,2.6666666666666665,2.0,3.083333333333333,14.333333333333334,75.21207362072307,15.36802620566291,4.099313614790321,0.05008155557668233
2023-01-01,2023,6.806730769230769,304.70300000000003,308.3785833333333,0.11,0.6016666666666667,0.0,3.625,6076.833333333333,155895.25,60.31666666666666,62.60833333333333,18546.341666666667,20869.6,6850.116666666666,5.024166666666667,65.35000000000001,3.816666666666667,70.31292083333334,97.58591916666668,8234.75,5472.583333333333,5321.333333333333,1159.3983333333333,27811.517,22723.71875,4.11633838374488,82690.0,80610.0,2023-12-31,2023.0,Primerica,PRI,insurance-life,financial-services,199.0907745361328,74900.0,60.0,11.416666666666666,43.333333333333336,16.5,10.083333333333334,4.666666666666667,2.6666666666666665,1.0833333333333333,6.75,2.6666666666666665,2.0,3.083333333333333,14.333333333333334,75.21207362072307,15.36802620566291,4.099313614790321,0.6533928925416973
2024-01-01,2024,6.721153846153846,313.6981666666667,318.98983333333337,0.3999999999999999,0.8250000000000001,0.0,4.025,6762.166666666667,157693.83333333334,60.06666666666666,62.59166666666667,18119.266666666663,21133.908333333333,6736.908333333333,5.1433333333333335,72.54166666666667,2.9,78.0507475,98.91297,6732.166666666667,5007.583333333333,4931.75,1201.8841666666667,29298.01275,23358.43475,2.94952520485207,83730.0,83730.0,2024-12-31,2024.0,Upwork,UPWK,internet-content-information,communication-services,16.350000381469727,1107900.0,61.16666666666666,10.416666666666666,42.5,14.583333333333334,8.083333333333334,3.8333333333333335,2.4166666666666665,1.0,6.916666666666667,1.9166666666666667,2.0,2.833333333333333,13.416666666666666,64.3880778019888,15.436704011186094,4.605662484650561,0.0521201655566037
2024-01-01,2024,6.721153846153846,313.6981666666667,318.98983333333337,0.3999999999999999,0.8250000000000001,0.0,4.025,6762.166666666667,157693.83333333334,60.06666666666666,62.59166666666667,18119.266666666663,21133.908333333333,6736.908333333333,5.1433333333333335,72.54166666666667,2.9,78.0507475,98.91297,6732.166666666667,5007.583333333333,4931.75,1201.8841666666667,29298.01275,23358.43475,2.94952520485207,83730.0,83730.0,2024-12-31,2024.0,Fiverr,FVRR,internet-content-information,communication-services,31.729999542236328,428000.0,61.16666666666666,10.416666666666666,42.5,14.583333333333334,8.083333333333334,3.8333333333333335,2.4166666666666665,1.0,6.916666666666667,1.9166666666666667,2.0,2.833333333333333,13.416666666666666,64.3880778019888,15.436704011186094,4.605662484650561,0.10114818291543408
2024-01-01,2024,6.721153846153846,313.6981666666667,318.98983333333337,0.3999999999999999,0.8250000000000001,0.0,4.025,6762.166666666667,157693.83333333334,60.06666666666666,62.59166666666667,18119.266666666663,21133.908333333333,6736.908333333333,5.1433333333333335,72.54166666666667,2.9,78.0507475,98.91297,6732.166666666667,5007.583333333333,4931.75,1201.8841666666667,29298.01275,23358.43475,2.94952520485207,83730.0,83730.0,2024-12-31,2024.0,Uber,UBER,software-application,technology,60.31999969482422,14487300.0,61.16666666666666,10.416666666666666,42.5,14.583333333333334,8.083333333333334,3.8333333333333335,2.4166666666666665,1.0,6.916666666666667,1.9166666666666667,2.0,2.833333333333333,13.416666666666666,64.3880778019888,15.436704011186094,4.605662484650561,0.1922867460010367
2024-01-01,2024,6.721153846153846,313.6981666666667,318.98983333333337,0.3999999999999999,0.8250000000000001,0.0,4.025,6762.166666666667,157693.83333333334,60.06666666666666,62.59166666666667,18119.266666666663,21133.908333333333,6736.908333333333,5.1433333333333335,72.54166666666667,2.9,78.0507475,98.91297,6732.166666666667,5007.583333333333,4931.75,1201.8841666666667,29298.01275,23358.43475,2.94952520485207,83730.0,83730.0,2024-12-31,2024.0,Lyft,LYFT,software-application,technology,12.899999618530272,11161400.0,61.16666666666666,10.416666666666666,42.5,14.583333333333334,8.083333333333334,3.8333333333333335,2.4166666666666665,1.0,6.916666666666667,1.9166666666666667,2.0,2.833333333333333,13.416666666666666,64.3880778019888,15.436704011186094,4.605662484650561,0.04112233028201824
2024-01-01,2024,6.721153846153846,313.6981666666667,318.98983333333337,0.3999999999999999,0.8250000000000001,0.0,4.025,6762.166666666667,157693.83333333334,60.06666666666666,62.59166666666667,18119.266666666663,21133.908333333333,6736.908333333333,5.1433333333333335,72.54166666666667,2.9,78.0507475,98.91297,6732.166666666667,5007.583333333333,4931.75,1201.8841666666667,29298.01275,23358.43475,2.94952520485207,83730.0,83730.0,2024-12-31,2024.0,Doordash,DASH,internet-retail,consumer-cyclical,167.75,1241300.0,61.16666666666666,10.416666666666666,42.5,14.583333333333334,8.083333333333334,3.8333333333333335,2.4166666666666665,1.0,6.916666666666667,1.9166666666666667,2.0,2.833333333333333,13.416666666666666,64.3880778019888,15.436704011186094,4.605662484650561,0.5347496983565412
2024-01-01,2024,6.721153846153846,313.6981666666667,318.98983333333337,0.3999999999999999,0.8250000000000001,0.0,4.025,6762.166666666667,157693.83333333334,60.06666666666666,62.59166666666667,18119.266666666663,21133.908333333333,6736.908333333333,5.1433333333333335,72.54166666666667,2.9,78.0507475,98.91297,6732.166666666667,5007.583333333333,4931.75,1201.8841666666667,29298.01275,23358.43475,2.94952520485207,83730.0,83730.0,2024-12-31,2024.0,Instacart,CART,internet-retail,consumer-cyclical,41.41999816894531,1749600.0,61.16666666666666,10.416666666666666,42.5,14.583333333333334,8.083333333333334,3.8333333333333335,2.4166666666666665,1.0,6.916666666666667,1.9166666666666667,2.0,2.833333333333333,13.416666666666666,64.3880778019888,15.436704011186094,4.605662484650561,0.1320377438257645
2024-01-01,2024,6.721153846153846,313.6981666666667,318.98983333333337,0.3999999999999999,0.8250000000000001,0.0,4.025,6762.166666666667,157693.83333333334,60.06666666666666,62.59166666666667,18119.266666666663,21133.908333333333,6736.908333333333,5.1433333333333335,72.54166666666667,2.9,78.0507475,98.91297,6732.166666666667,5007.583333333333,4931.75,1201.8841666666667,29298.01275,23358.43475,2.94952520485207,83730.0,83730.0,2024-12-31,2024.0,Etsy,ETSY,internet-retail,consumer-cyclical,52.88999938964844,3910100.0,61.16666666666666,10.416666666666666,42.5,14.583333333333334,8.083333333333334,3.8333333333333335,2.4166666666666665,1.0,6.916666666666667,1.9166666666666667,2.0,2.833333333333333,13.416666666666666,64.3880778019888,15.436704011186094,4.605662484650561,0.16860155719637646
2024-01-01,2024,6.721153846153846,313.6981666666667,318.98983333333337,0.3999999999999999,0.8250000000000001,0.0,4.025,6762.166666666667,157693.83333333334,60.06666666666666,62.59166666666667,18119.266666666663,21133.908333333333,6736.908333333333,5.1433333333333335,72.54166666666667,2.9,78.0507475,98.91297,6732.166666666667,5007.583333333333,4931.75,1201.8841666666667,29298.01275,23358.43475,2.94952520485207,83730.0,83730.0,2024-12-31,2024.0,Shopify,SHOP,software-application,technology,106.33000183105467,3768700.0,61.16666666666666,10.416666666666666,42.5,14.583333333333334,8.083333333333334,3.8333333333333335,2.4166666666666665,1.0,6.916666666666667,1.9166666666666667,2.0,2.833333333333333,13.416666666666666,64.3880778019888,15.436704011186094,4.605662484650561,0.3389564018206078
2024-01-01,2024,6.721153846153846,313.6981666666667,318.98983333333337,0.3999999999999999,0.8250000000000001,0.0,4.025,6762.166666666667,157693.83333333334,60.06666666666666,62.59166666666667,18119.266666666663,21133.908333333333,6736.908333333333,5.1433333333333335,72.54166666666667,2.9,78.0507475,98.91297,6732.166666666667,5007.583333333333,4931.75,1201.8841666666667,29298.01275,23358.43475,2.94952520485207,83730.0,83730.0,2024-12-31,2024.0,Udemy,UDMY,education-training-services,consumer-defensive,8.229999542236328,475600.0,61.16666666666666,10.416666666666666,42.5,14.583333333333334,8.083333333333334,3.8333333333333335,2.4166666666666665,1.0,6.916666666666667,1.9166666666666667,2.0,2.833333333333333,13.416666666666666,64.3880778019888,15.436704011186094,4.605662484650561,0.026235408480985687
2024-01-01,2024,6.721153846153846,313.6981666666667,318.98983333333337,0.3999999999999999,0.8250000000000001,0.0,4.025,6762.166666666667,157693.83333333334,60.06666666666666,62.59166666666667,18119.266666666663,21133.908333333333,6736.908333333333,5.1433333333333335,72.54166666666667,2.9,78.0507475,98.91297,6732.166666666667,5007.583333333333,4931.75,1201.8841666666667,29298.01275,23358.43475,2.94952520485207,83730.0,83730.0,2024-12-31,2024.0,Herbalife,HLF,packaged-foods,consumer-defensive,6.690000057220459,1663000.0,61.16666666666666,10.416666666666666,42.5,14.583333333333334,8.083333333333334,3.8333333333333335,2.4166666666666665,1.0,6.916666666666667,1.9166666666666667,2.0,2.833333333333333,13.416666666666666,64.3880778019888,15.436704011186094,4.605662484650561,0.02132623256395758
2024-01-01,2024,6.721153846153846,313.6981666666667,318.98983333333337,0.3999999999999999,0.8250000000000001,0.0,4.025,6762.166666666667,157693.83333333334,60.06666666666666,62.59166666666667,18119.266666666663,21133.908333333333,6736.908333333333,5.1433333333333335,72.54166666666667,2.9,78.0507475,98.91297,6732.166666666667,5007.583333333333,4931.75,1201.8841666666667,29298.01275,23358.43475,2.94952520485207,83730.0,83730.0,2024-12-31,2024.0,Primerica,PRI,insurance-life,financial-services,266.02667236328125,139900.0,61.16666666666666,10.416666666666666,42.5,14.583333333333334,8.083333333333334,3.8333333333333335,2.4166666666666665,1.0,6.916666666666667,1.9166666666666667,2.0,2.833333333333333,13.416666666666666,64.3880778019888,15.436704011186094,4.605662484650561,0.8480338766083998
