Lyft,DoorDash,Instacart,Grubhub,Fiverr,Upwork,side hustle,gig,Herbalife,Primerica,Tupperware,Avon,Etsy,Shopify,Udemy,year,month,date,Lyft_lag,DoorDash_lag,Instacart_lag,Grubhub_lag,Fiverr_lag,Upwork_lag,side hustle_lag,gig_lag,Herbalife_lag,Primerica_lag,Tupperware_lag,Avon_lag,Etsy_lag,Shopify_lag,Udemy_lag
0.0,0.0,0.0,0.0,0.0,0.0,0.0,9.0,1.0,3.0,3.0,16.0,0.0,0.0,0.0,2005,1,2005-01-31,,,,,,,,,,,,,,,
0.0,0.0,0.0,0.0,0.0,0.0,0.0,9.0,1.0,3.0,3.0,14.0,0.0,0.0,0.0,2005,2,2005-02-28,0.0,0.0,0.0,0.0,0.0,0.0,0.0,9.0,1.0,3.0,3.0,16.0,0.0,0.0,0.0
0.0,0.0,0.0,0.0,0.0,0.0,0.0,9.0,1.0,3.0,3.0,14.0,0.0,0.0,0.0,2005,3,2005-03-31,0.0,0.0,0.0,0.0,0.0,0.0,0.0,9.0,1.0,3.0,3.0,14.0,0.0,0.0,0.0
0.0,0.0,0.0,0.0,0.0,0.0,0.0,9.0,2.0,3.0,3.0,15.0,0.0,0.0,0.0,2005,4,2005-04-30,0.0,0.0,0.0,0.0,0.0,0.0,0.0,9.0,1.0,3.0,3.0,14.0,0.0,0.0,0.0
0.0,0.0,0.0,0.0,0.0,0.0,0.0,9.0,2.0,3.0,3.0,15.0,0.0,0.0,0.0,2005,5,2005-05-31,0.0,0.0,0.0,0.0,0.0,0.0,0.0,9.0,2.0,3.0,3.0,15.0,0.0,0.0,0.0
0.0,0.0,0.0,0.0,0.0,0.0,0.0,10.0,2.0,3.0,3.0,16.0,0.0,0.0,0.0,2005,6,2005-06-30,0.0,0.0,0.0,0.0,0.0,0.0,0.0,9.0,2.0,3.0,3.0,15.0,0.0,0.0,0.0
0.0,0.0,0.0,0.0,0.0,0.0,0.0,9.0,1.0,3.0,3.0,15.0,0.0,0.0,0.0,2005,7,2005-07-31,0.0,0.0,0.0,0.0,0.0,0.0,0.0,10.0,2.0,3.0,3.0,16.0,0.0,0.0,0.0
0.0,0.0,0.0,0.0,0.0,0.0,0.0,9.0,1.0,3.0,3.0,15.0,0.0,0.0,0.0,2005,8,2005-08-31,0.0,0.0,0.0,0.0,0.0,0.0,0.0,9.0,1.0,3.0,3.0,15.0,0.0,0.0,0.0
0.0,0.0,0.0,0.0,0.0,0.0,0.0,9.0,1.0,3.0,3.0,15.0,0.0,0.0,0.0,2005,9,2005-09-30,0.0,0.0,0.0,0.0,0.0,0.0,0.0,9.0,1.0,3.0,3.0,15.0,0.0,0.0,0.0
0.0,0.0,0.0,0.0,0.0,0.0,0.0,9.0,1.0,3.0,3.0,14.0,0.0,0.0,0.0,2005,10,2005-10-31,0.0,0.0,0.0,0.0,0.0,0.0,0.0,9.0,1.0,3.0,3.0,15.0,0.0,0.0,0.0
0.0,0.0,0.0,0.0,0.0,0.0,0.0,9.0,1.0,2.0,3.0,14.0,0.0,0.0,0.0,2005,11,2005-11-30,0.0,0.0,0.0,0.0,0.0,0.0,0.0,9.0,1.0,3.0,3.0,14.0,0.0,0.0,0.0
0.0,0.0,0.0,0.0,0.0,0.0,0.0,10.0,1.0,2.0,3.0,13.0,0.0,0.0,0.0,2005,12,2005-12-31,0.0,0.0,0.0,0.0,0.0,0.0,0.0,9.0,1.0,2.0,3.0,14.0,0.0,0.0,0.0
0.0,0.0,0.0,0.0,0.0,0.0,0.0,9.0,1.0,3.0,3.0,15.0,0.0,0.0,0.0,2006,1,2006-01-31,0.0,0.0,0.0,0.0,0.0,0.0,0.0,10.0,1.0,2.0,3.0,13.0,0.0,0.0,0.0
0.0,0.0,0.0,0.0,0.0,0.0,0.0,8.0,1.0,3.0,3.0,14.0,0.0,0.0,0.0,2006,2,2006-02-28,0.0,0.0,0.0,0.0,0.0,0.0,0.0,9.0,1.0,3.0,3.0,15.0,0.0,0.0,0.0
0.0,0.0,0.0,0.0,0.0,0.0,0.0,8.0,2.0,3.0,3.0,18.0,0.0,0.0,0.0,2006,3,2006-03-31,0.0,0.0,0.0,0.0,0.0,0.0,0.0,8.0,1.0,3.0,3.0,14.0,0.0,0.0,0.0
0.0,0.0,0.0,0.0,0.0,0.0,0.0,8.0,1.0,3.0,3.0,16.0,0.0,0.0,0.0,2006,4,2006-04-30,0.0,0.0,0.0,0.0,0.0,0.0,0.0,8.0,2.0,3.0,3.0,18.0,0.0,0.0,0.0
0.0,0.0,0.0,0.0,0.0,0.0,0.0,8.0,1.0,2.0,3.0,18.0,0.0,0.0,0.0,2006,5,2006-05-31,0.0,0.0,0.0,0.0,0.0,0.0,0.0,8.0,1.0,3.0,3.0,16.0,0.0,0.0,0.0
0.0,0.0,0.0,0.0,0.0,0.0,0.0,9.0,2.0,3.0,3.0,19.0,1.0,0.0,0.0,2006,6,2006-06-30,0.0,0.0,0.0,0.0,0.0,0.0,0.0,8.0,1.0,2.0,3.0,18.0,0.0,0.0,0.0
0.0,0.0,0.0,0.0,0.0,0.0,0.0,9.0,2.0,3.0,3.0,18.0,1.0,0.0,0.0,2006,7,2006-07-31,0.0,0.0,0.0,0.0,0.0,0.0,0.0,9.0,2.0,3.0,3.0,19.0,1.0,0.0,0.0
0.0,0.0,0.0,0.0,0.0,0.0,0.0,9.0,2.0,3.0,3.0,19.0,1.0,0.0,0.0,2006,8,2006-08-31,0.0,0.0,0.0,0.0,0.0,0.0,0.0,9.0,2.0,3.0,3.0,18.0,1.0,0.0,0.0
0.0,0.0,0.0,0.0,0.0,0.0,0.0,8.0,1.0,3.0,3.0,16.0,1.0,0.0,0.0,2006,9,2006-09-30,0.0,0.0,0.0,0.0,0.0,0.0,0.0,9.0,2.0,3.0,3.0,19.0,1.0,0.0,0.0
0.0,0.0,0.0,0.0,0.0,0.0,0.0,7.0,1.0,3.0,3.0,15.0,1.0,0.0,0.0,2006,10,2006-10-31,0.0,0.0,0.0,0.0,0.0,0.0,0.0,8.0,1.0,3.0,3.0,16.0,1.0,0.0,0.0
0.0,0.0,0.0,0.0,0.0,0.0,0.0,8.0,1.0,2.0,3.0,15.0,1.0,0.0,0.0,2006,11,2006-11-30,0.0,0.0,0.0,0.0,0.0,0.0,0.0,7.0,1.0,3.0,3.0,15.0,1.0,0.0,0.0
0.0,0.0,0.0,0.0,0.0,0.0,0.0,9.0,1.0,2.0,3.0,15.0,1.0,0.0,0.0,2006,12,2006-12-31,0.0,0.0,0.0,0.0,0.0,0.0,0.0,8.0,1.0,2.0,3.0,15.0,1.0,0.0,0.0
0.0,0.0,0.0,0.0,0.0,0.0,0.0,8.0,1.0,3.0,3.0,16.0,1.0,0.0,0.0,2007,1,2007-01-31,0.0,0.0,0.0,0.0,0.0,0.0,0.0,9.0,1.0,2.0,3.0,15.0,1.0,0.0,0.0
0.0,0.0,0.0,0.0,0.0,0.0,0.0,8.0,2.0,3.0,3.0,17.0,2.0,0.0,0.0,2007,2,2007-02-28,0.0,0.0,0.0,0.0,0.0,0.0,0.0,8.0,1.0,3.0,3.0,16.0,1.0,0.0,0.0
0.0,0.0,0.0,0.0,0.0,0.0,0.0,8.0,2.0,3.0,3.0,18.0,1.0,0.0,0.0,2007,3,2007-03-31,0.0,0.0,0.0,0.0,0.0,0.0,0.0,8.0,2.0,3.0,3.0,17.0,2.0,0.0,0.0
0.0,0.0,0.0,0.0,0.0,0.0,0.0,7.0,1.0,3.0,3.0,17.0,2.0,0.0,0.0,2007,4,2007-04-30,0.0,0.0,0.0,0.0,0.0,0.0,0.0,8.0,2.0,3.0,3.0,18.0,1.0,0.0,0.0
0.0,0.0,0.0,0.0,0.0,0.0,0.0,8.0,2.0,3.0,3.0,18.0,2.0,0.0,0.0,2007,5,2007-05-31,0.0,0.0,0.0,0.0,0.0,0.0,0.0,7.0,1.0,3.0,3.0,17.0,2.0,0.0,0.0
0.0,0.0,0.0,0.0,0.0,0.0,0.0,8.0,2.0,3.0,3.0,17.0,2.0,0.0,0.0,2007,6,2007-06-30,0.0,0.0,0.0,0.0,0.0,0.0,0.0,8.0,2.0,3.0,3.0,18.0,2.0,0.0,0.0
0.0,0.0,0.0,0.0,0.0,0.0,0.0,8.0,2.0,3.0,3.0,18.0,3.0,0.0,0.0,2007,7,2007-07-31,0.0,0.0,0.0,0.0,0.0,0.0,0.0,8.0,2.0,3.0,3.0,17.0,2.0,0.0,0.0
0.0,0.0,0.0,0.0,0.0,0.0,0.0,9.0,2.0,3.0,3.0,18.0,3.0,0.0,0.0,2007,8,2007-08-31,0.0,0.0,0.0,0.0,0.0,0.0,0.0,8.0,2.0,3.0,3.0,18.0,3.0,0.0,0.0
0.0,0.0,0.0,0.0,0.0,0.0,0.0,8.0,2.0,3.0,3.0,18.0,3.0,0.0,0.0,2007,9,2007-09-30,0.0,0.0,0.0,0.0,0.0,0.0,0.0,9.0,2.0,3.0,3.0,18.0,3.0,0.0,0.0
0.0,0.0,0.0,0.0,0.0,0.0,0.0,8.0,2.0,3.0,3.0,17.0,3.0,0.0,0.0,2007,10,2007-10-31,0.0,0.0,0.0,0.0,0.0,0.0,0.0,8.0,2.0,3.0,3.0,18.0,3.0,0.0,0.0
0.0,0.0,0.0,0.0,0.0,0.0,0.0,9.0,2.0,2.0,3.0,16.0,4.0,0.0,0.0,2007,11,2007-11-30,0.0,0.0,0.0,0.0,0.0,0.0,0.0,8.0,2.0,3.0,3.0,17.0,3.0,0.0,0.0
0.0,0.0,0.0,0.0,0.0,0.0,0.0,11.0,1.0,2.0,3.0,16.0,4.0,0.0,0.0,2007,12,2007-12-31,0.0,0.0,0.0,0.0,0.0,0.0,0.0,9.0,2.0,2.0,3.0,16.0,4.0,0.0,0.0
0.0,0.0,0.0,0.0,0.0,0.0,0.0,9.0,2.0,2.0,3.0,18.0,4.0,0.0,0.0,2008,1,2008-01-31,0.0,0.0,0.0,0.0,0.0,0.0,0.0,11.0,1.0,2.0,3.0,16.0,4.0,0.0,0.0
0.0,0.0,0.0,0.0,0.0,0.0,0.0,9.0,2.0,2.0,2.0,17.0,4.0,0.0,0.0,2008,2,2008-02-29,0.0,0.0,0.0,0.0,0.0,0.0,0.0,9.0,2.0,2.0,3.0,18.0,4.0,0.0,0.0
0.0,0.0,0.0,0.0,0.0,0.0,0.0,10.0,2.0,2.0,3.0,18.0,5.0,0.0,0.0,2008,3,2008-03-31,0.0,0.0,0.0,0.0,0.0,0.0,0.0,9.0,2.0,2.0,2.0,17.0,4.0,0.0,0.0
0.0,0.0,0.0,0.0,0.0,0.0,0.0,9.0,2.0,3.0,3.0,18.0,5.0,0.0,0.0,2008,4,2008-04-30,0.0,0.0,0.0,0.0,0.0,0.0,0.0,10.0,2.0,2.0,3.0,18.0,5.0,0.0,0.0
0.0,0.0,0.0,0.0,0.0,0.0,0.0,10.0,2.0,2.0,3.0,19.0,5.0,0.0,0.0,2008,5,2008-05-31,0.0,0.0,0.0,0.0,0.0,0.0,0.0,9.0,2.0,3.0,3.0,18.0,5.0,0.0,0.0
0.0,0.0,0.0,0.0,0.0,0.0,0.0,10.0,2.0,3.0,3.0,20.0,6.0,0.0,0.0,2008,6,2008-06-30,0.0,0.0,0.0,0.0,0.0,0.0,0.0,10.0,2.0,2.0,3.0,19.0,5.0,0.0,0.0
0.0,0.0,0.0,0.0,0.0,0.0,0.0,9.0,2.0,3.0,3.0,20.0,6.0,0.0,0.0,2008,7,2008-07-31,0.0,0.0,0.0,0.0,0.0,0.0,0.0,10.0,2.0,3.0,3.0,20.0,6.0,0.0,0.0
0.0,0.0,0.0,0.0,0.0,0.0,0.0,9.0,2.0,2.0,3.0,20.0,7.0,0.0,0.0,2008,8,2008-08-31,0.0,0.0,0.0,0.0,0.0,0.0,0.0,9.0,2.0,3.0,3.0,20.0,6.0,0.0,0.0
0.0,0.0,0.0,0.0,0.0,0.0,0.0,9.0,2.0,3.0,3.0,18.0,8.0,0.0,0.0,2008,9,2008-09-30,0.0,0.0,0.0,0.0,0.0,0.0,0.0,9.0,2.0,2.0,3.0,20.0,7.0,0.0,0.0
0.0,0.0,0.0,0.0,0.0,0.0,0.0,8.0,2.0,2.0,3.0,18.0,7.0,0.0,0.0,2008,10,2008-10-31,0.0,0.0,0.0,0.0,0.0,0.0,0.0,9.0,2.0,3.0,3.0,18.0,8.0,0.0,0.0
0.0,0.0,0.0,0.0,0.0,0.0,0.0,9.0,2.0,2.0,3.0,18.0,9.0,0.0,0.0,2008,11,2008-11-30,0.0,0.0,0.0,0.0,0.0,0.0,0.0,8.0,2.0,2.0,3.0,18.0,7.0,0.0,0.0
0.0,0.0,0.0,0.0,0.0,0.0,0.0,10.0,2.0,2.0,3.0,17.0,10.0,0.0,0.0,2008,12,2008-12-31,0.0,0.0,0.0,0.0,0.0,0.0,0.0,9.0,2.0,2.0,3.0,18.0,9.0,0.0,0.0
0.0,0.0,0.0,0.0,0.0,0.0,0.0,8.0,2.0,3.0,3.0,18.0,9.0,0.0,0.0,2009,1,2009-01-31,0.0,0.0,0.0,0.0,0.0,0.0,0.0,10.0,2.0,2.0,3.0,17.0,10.0,0.0,0.0
0.0,0.0,0.0,0.0,0.0,0.0,0.0,8.0,2.0,3.0,3.0,18.0,9.0,0.0,0.0,2009,2,2009-02-28,0.0,0.0,0.0,0.0,0.0,0.0,0.0,8.0,2.0,3.0,3.0,18.0,9.0,0.0,0.0
0.0,0.0,0.0,0.0,0.0,0.0,0.0,8.0,2.0,3.0,3.0,20.0,10.0,0.0,0.0,2009,3,2009-03-31,0.0,0.0,0.0,0.0,0.0,0.0,0.0,8.0,2.0,3.0,3.0,18.0,9.0,0.0,0.0
0.0,0.0,0.0,0.0,0.0,0.0,0.0,7.0,2.0,2.0,3.0,21.0,10.0,0.0,0.0,2009,4,2009-04-30,0.0,0.0,0.0,0.0,0.0,0.0,0.0,8.0,2.0,3.0,3.0,20.0,10.0,0.0,0.0
0.0,0.0,0.0,0.0,0.0,0.0,0.0,8.0,3.0,2.0,3.0,21.0,10.0,0.0,0.0,2009,5,2009-05-31,0.0,0.0,0.0,0.0,0.0,0.0,0.0,7.0,2.0,2.0,3.0,21.0,10.0,0.0,0.0
0.0,0.0,0.0,0.0,0.0,0.0,0.0,8.0,3.0,2.0,3.0,20.0,10.0,0.0,0.0,2009,6,2009-06-30,0.0,0.0,0.0,0.0,0.0,0.0,0.0,8.0,3.0,2.0,3.0,21.0,10.0,0.0,0.0
0.0,0.0,0.0,0.0,0.0,0.0,0.0,7.0,3.0,2.0,3.0,21.0,11.0,0.0,0.0,2009,7,2009-07-31,0.0,0.0,0.0,0.0,0.0,0.0,0.0,8.0,3.0,2.0,3.0,20.0,10.0,0.0,0.0
0.0,0.0,0.0,0.0,0.0,0.0,0.0,8.0,3.0,2.0,3.0,21.0,11.0,0.0,0.0,2009,8,2009-08-31,0.0,0.0,0.0,0.0,0.0,0.0,0.0,7.0,3.0,2.0,3.0,21.0,11.0,0.0,0.0
0.0,0.0,0.0,0.0,0.0,0.0,0.0,7.0,3.0,2.0,3.0,20.0,11.0,0.0,0.0,2009,9,2009-09-30,0.0,0.0,0.0,0.0,0.0,0.0,0.0,8.0,3.0,2.0,3.0,21.0,11.0,0.0,0.0
0.0,0.0,0.0,0.0,0.0,0.0,0.0,7.0,3.0,2.0,3.0,21.0,11.0,0.0,0.0,2009,10,2009-10-31,0.0,0.0,0.0,0.0,0.0,0.0,0.0,7.0,3.0,2.0,3.0,20.0,11.0,0.0,0.0
0.0,0.0,0.0,0.0,0.0,0.0,0.0,8.0,2.0,2.0,3.0,20.0,13.0,0.0,0.0,2009,11,2009-11-30,0.0,0.0,0.0,0.0,0.0,0.0,0.0,7.0,3.0,2.0,3.0,21.0,11.0,0.0,0.0
0.0,0.0,0.0,0.0,0.0,0.0,0.0,8.0,2.0,2.0,3.0,19.0,15.0,0.0,0.0,2009,12,2009-12-31,0.0,0.0,0.0,0.0,0.0,0.0,0.0,8.0,2.0,2.0,3.0,20.0,13.0,0.0,0.0
0.0,0.0,0.0,0.0,0.0,0.0,0.0,7.0,3.0,2.0,3.0,21.0,13.0,0.0,0.0,2010,1,2010-01-31,0.0,0.0,0.0,0.0,0.0,0.0,0.0,8.0,2.0,2.0,3.0,19.0,15.0,0.0,0.0
0.0,0.0,0.0,1.0,0.0,0.0,0.0,7.0,3.0,2.0,3.0,20.0,13.0,0.0,0.0,2010,2,2010-02-28,0.0,0.0,0.0,0.0,0.0,0.0,0.0,7.0,3.0,2.0,3.0,21.0,13.0,0.0,0.0
0.0,0.0,0.0,0.0,0.0,0.0,0.0,7.0,3.0,3.0,3.0,21.0,13.0,0.0,0.0,2010,3,2010-03-31,0.0,0.0,0.0,1.0,0.0,0.0,0.0,7.0,3.0,2.0,3.0,20.0,13.0,0.0,0.0
0.0,0.0,0.0,0.0,0.0,0.0,0.0,7.0,3.0,3.0,2.0,21.0,13.0,0.0,0.0,2010,4,2010-04-30,0.0,0.0,0.0,0.0,0.0,0.0,0.0,7.0,3.0,3.0,3.0,21.0,13.0,0.0,0.0
0.0,0.0,0.0,0.0,0.0,0.0,0.0,7.0,3.0,2.0,3.0,22.0,13.0,0.0,0.0,2010,5,2010-05-31,0.0,0.0,0.0,0.0,0.0,0.0,0.0,7.0,3.0,3.0,2.0,21.0,13.0,0.0,0.0
0.0,0.0,0.0,0.0,0.0,0.0,0.0,8.0,3.0,2.0,3.0,23.0,14.0,0.0,0.0,2010,6,2010-06-30,0.0,0.0,0.0,0.0,0.0,0.0,0.0,7.0,3.0,2.0,3.0,22.0,13.0,0.0,0.0
0.0,0.0,0.0,0.0,0.0,0.0,0.0,8.0,3.0,2.0,3.0,23.0,21.0,0.0,0.0,2010,7,2010-07-31,0.0,0.0,0.0,0.0,0.0,0.0,0.0,8.0,3.0,2.0,3.0,23.0,14.0,0.0,0.0
0.0,0.0,0.0,0.0,0.0,0.0,0.0,8.0,3.0,2.0,3.0,22.0,15.0,0.0,0.0,2010,8,2010-08-31,0.0,0.0,0.0,0.0,0.0,0.0,0.0,8.0,3.0,2.0,3.0,23.0,21.0,0.0,0.0
0.0,0.0,0.0,1.0,0.0,0.0,0.0,7.0,3.0,2.0,3.0,22.0,16.0,0.0,0.0,2010,9,2010-09-30,0.0,0.0,0.0,0.0,0.0,0.0,0.0,8.0,3.0,2.0,3.0,22.0,15.0,0.0,0.0
0.0,0.0,0.0,1.0,0.0,0.0,0.0,7.0,3.0,2.0,2.0,21.0,17.0,0.0,0.0,2010,10,2010-10-31,0.0,0.0,0.0,1.0,0.0,0.0,0.0,7.0,3.0,2.0,3.0,22.0,16.0,0.0,0.0
0.0,0.0,0.0,1.0,0.0,0.0,0.0,8.0,3.0,2.0,3.0,21.0,20.0,0.0,0.0,2010,11,2010-11-30,0.0,0.0,0.0,1.0,0.0,0.0,0.0,7.0,3.0,2.0,2.0,21.0,17.0,0.0,0.0
0.0,0.0,0.0,1.0,0.0,0.0,0.0,8.0,3.0,2.0,3.0,20.0,21.0,0.0,0.0,2010,12,2010-12-31,0.0,0.0,0.0,1.0,0.0,0.0,0.0,8.0,3.0,2.0,3.0,21.0,20.0,0.0,0.0
0.0,0.0,0.0,1.0,0.0,0.0,0.0,8.0,3.0,2.0,3.0,19.0,24.0,0.0,0.0,2011,1,2011-01-31,0.0,0.0,0.0,1.0,0.0,0.0,0.0,8.0,3.0,2.0,3.0,20.0,21.0,0.0,0.0
0.0,0.0,0.0,1.0,0.0,0.0,0.0,8.0,3.0,2.0,2.0,19.0,23.0,0.0,0.0,2011,2,2011-02-28,0.0,0.0,0.0,1.0,0.0,0.0,0.0,8.0,3.0,2.0,3.0,19.0,24.0,0.0,0.0
0.0,0.0,0.0,1.0,0.0,0.0,0.0,8.0,3.0,2.0,2.0,20.0,25.0,0.0,0.0,2011,3,2011-03-31,0.0,0.0,0.0,1.0,0.0,0.0,0.0,8.0,3.0,2.0,2.0,19.0,23.0,0.0,0.0
0.0,0.0,0.0,1.0,0.0,0.0,0.0,7.0,3.0,2.0,2.0,20.0,24.0,0.0,0.0,2011,4,2011-04-30,0.0,0.0,0.0,1.0,0.0,0.0,0.0,8.0,3.0,2.0,2.0,20.0,25.0,0.0,0.0
0.0,0.0,0.0,1.0,0.0,0.0,0.0,8.0,4.0,2.0,3.0,20.0,26.0,0.0,0.0,2011,5,2011-05-31,0.0,0.0,0.0,1.0,0.0,0.0,0.0,7.0,3.0,2.0,2.0,20.0,24.0,0.0,0.0
0.0,0.0,0.0,1.0,0.0,0.0,0.0,8.0,4.0,2.0,2.0,21.0,27.0,0.0,0.0,2011,6,2011-06-30,0.0,0.0,0.0,1.0,0.0,0.0,0.0,8.0,4.0,2.0,3.0,20.0,26.0,0.0,0.0
0.0,0.0,0.0,1.0,0.0,0.0,0.0,8.0,4.0,3.0,3.0,21.0,28.0,0.0,0.0,2011,7,2011-07-31,0.0,0.0,0.0,1.0,0.0,0.0,0.0,8.0,4.0,2.0,2.0,21.0,27.0,0.0,0.0
0.0,0.0,0.0,1.0,0.0,0.0,0.0,8.0,4.0,2.0,3.0,20.0,32.0,0.0,0.0,2011,8,2011-08-31,0.0,0.0,0.0,1.0,0.0,0.0,0.0,8.0,4.0,3.0,3.0,21.0,28.0,0.0,0.0
0.0,0.0,0.0,1.0,0.0,0.0,0.0,7.0,4.0,2.0,3.0,20.0,32.0,0.0,0.0,2011,9,2011-09-30,0.0,0.0,0.0,1.0,0.0,0.0,0.0,8.0,4.0,2.0,3.0,20.0,32.0,0.0,0.0
0.0,0.0,0.0,1.0,1.0,0.0,0.0,7.0,3.0,2.0,2.0,19.0,33.0,0.0,0.0,2011,10,2011-10-31,0.0,0.0,0.0,1.0,0.0,0.0,0.0,7.0,4.0,2.0,3.0,20.0,32.0,0.0,0.0
0.0,0.0,0.0,1.0,0.0,0.0,0.0,7.0,3.0,2.0,3.0,20.0,37.0,1.0,0.0,2011,11,2011-11-30,0.0,0.0,0.0,1.0,1.0,0.0,0.0,7.0,3.0,2.0,2.0,19.0,33.0,0.0,0.0
0.0,0.0,0.0,1.0,1.0,0.0,0.0,8.0,3.0,2.0,2.0,19.0,38.0,1.0,0.0,2011,12,2011-12-31,0.0,0.0,0.0,1.0,0.0,0.0,0.0,7.0,3.0,2.0,3.0,20.0,37.0,1.0,0.0
0.0,0.0,0.0,2.0,1.0,0.0,0.0,7.0,4.0,2.0,3.0,19.0,39.0,1.0,0.0,2012,1,2012-01-31,0.0,0.0,0.0,1.0,1.0,0.0,0.0,8.0,3.0,2.0,2.0,19.0,38.0,1.0,0.0
0.0,0.0,0.0,2.0,1.0,0.0,0.0,7.0,4.0,2.0,3.0,20.0,37.0,1.0,0.0,2012,2,2012-02-29,0.0,0.0,0.0,2.0,1.0,0.0,0.0,7.0,4.0,2.0,3.0,19.0,39.0,1.0,0.0
0.0,0.0,0.0,2.0,1.0,0.0,0.0,6.0,5.0,2.0,2.0,18.0,38.0,1.0,0.0,2012,3,2012-03-31,0.0,0.0,0.0,2.0,1.0,0.0,0.0,7.0,4.0,2.0,3.0,20.0,37.0,1.0,0.0
0.0,0.0,0.0,2.0,1.0,0.0,0.0,6.0,5.0,2.0,3.0,19.0,39.0,1.0,0.0,2012,4,2012-04-30,0.0,0.0,0.0,2.0,1.0,0.0,0.0,6.0,5.0,2.0,2.0,18.0,38.0,1.0,0.0
0.0,0.0,0.0,2.0,1.0,0.0,0.0,7.0,6.0,2.0,2.0,20.0,58.5,1.5,0.0,2012,5,2012-05-31,0.0,0.0,0.0,2.0,1.0,0.0,0.0,6.0,5.0,2.0,3.0,19.0,39.0,1.0,0.0
0.0,0.0,0.0,2.0,1.0,0.0,0.0,7.0,5.0,2.0,2.0,20.0,39.0,1.0,0.0,2012,6,2012-06-30,0.0,0.0,0.0,2.0,1.0,0.0,0.0,7.0,6.0,2.0,2.0,20.0,58.5,1.5,0.0
0.0,0.0,0.0,2.0,2.0,0.0,0.0,7.0,5.0,2.0,3.0,19.0,45.0,1.0,0.0,2012,7,2012-07-31,0.0,0.0,0.0,2.0,1.0,0.0,0.0,7.0,5.0,2.0,2.0,20.0,39.0,1.0,0.0
0.0,0.0,0.0,2.0,1.0,0.0,0.0,7.0,5.0,2.0,3.0,20.0,47.0,1.0,0.0,2012,8,2012-08-31,0.0,0.0,0.0,2.0,2.0,0.0,0.0,7.0,5.0,2.0,3.0,19.0,45.0,1.0,0.0
0.0,0.0,0.0,3.0,1.0,0.0,0.0,7.0,5.0,2.0,2.0,19.0,47.0,1.0,0.0,2012,9,2012-09-30,0.0,0.0,0.0,2.0,1.0,0.0,0.0,7.0,5.0,2.0,3.0,20.0,47.0,1.0,0.0
0.0,0.0,0.0,3.0,1.0,0.0,0.0,6.0,5.0,2.0,3.0,19.0,47.0,1.0,0.0,2012,10,2012-10-31,0.0,0.0,0.0,3.0,1.0,0.0,0.0,7.0,5.0,2.0,2.0,19.0,47.0,1.0,0.0
0.0,0.0,0.0,3.0,1.0,0.0,0.0,7.0,4.0,2.0,3.0,18.0,54.0,1.0,0.0,2012,11,2012-11-30,0.0,0.0,0.0,3.0,1.0,0.0,0.0,6.0,5.0,2.0,3.0,19.0,47.0,1.0,0.0
0.0,0.0,0.0,3.0,1.0,0.0,0.0,7.0,5.0,1.0,3.0,17.0,57.0,1.0,0.0,2012,12,2012-12-31,0.0,0.0,0.0,3.0,1.0,0.0,0.0,7.0,4.0,2.0,3.0,18.0,54.0,1.0,0.0
0.0,0.0,0.0,3.0,1.0,0.0,0.0,7.0,7.0,2.0,3.0,19.0,56.0,1.0,0.0,2013,1,2013-01-31,0.0,0.0,0.0,3.0,1.0,0.0,0.0,7.0,5.0,1.0,3.0,17.0,57.0,1.0,0.0
0.0,0.0,0.0,4.0,1.0,0.0,0.0,6.0,7.0,2.0,3.0,18.0,51.0,1.0,0.0,2013,2,2013-02-28,0.0,0.0,0.0,3.0,1.0,0.0,0.0,7.0,7.0,2.0,3.0,19.0,56.0,1.0,0.0
0.0,0.0,0.0,4.0,1.0,0.0,0.0,6.0,7.0,2.0,3.0,17.0,52.0,1.0,0.0,2013,3,2013-03-31,0.0,0.0,0.0,4.0,1.0,0.0,0.0,6.0,7.0,2.0,3.0,18.0,51.0,1.0,0.0
1.0,0.0,0.0,3.0,1.0,0.0,0.0,6.0,7.0,2.0,3.0,18.0,47.0,1.0,0.0,2013,4,2013-04-30,0.0,0.0,0.0,4.0,1.0,0.0,0.0,6.0,7.0,2.0,3.0,17.0,52.0,1.0,0.0
1.0,0.0,0.0,4.0,1.0,0.0,0.0,7.0,7.0,2.0,3.0,19.0,49.0,1.0,0.0,2013,5,2013-05-31,1.0,0.0,0.0,3.0,1.0,0.0,0.0,6.0,7.0,2.0,3.0,18.0,47.0,1.0,0.0
1.0,0.0,0.0,3.0,1.0,0.0,0.0,7.0,7.0,2.0,3.0,20.0,49.0,1.0,0.0,2013,6,2013-06-30,1.0,0.0,0.0,4.0,1.0,0.0,0.0,7.0,7.0,2.0,3.0,19.0,49.0,1.0,0.0
2.0,0.0,0.0,3.0,1.0,0.0,0.0,7.0,7.0,2.0,3.0,19.0,51.0,1.0,0.0,2013,7,2013-07-31,1.0,0.0,0.0,3.0,1.0,0.0,0.0,7.0,7.0,2.0,3.0,20.0,49.0,1.0,0.0
2.0,0.0,0.0,4.0,1.0,0.0,0.0,7.0,8.0,2.0,3.0,20.0,53.0,1.0,0.0,2013,8,2013-08-31,2.0,0.0,0.0,3.0,1.0,0.0,0.0,7.0,7.0,2.0,3.0,19.0,51.0,1.0,0.0
2.0,0.0,0.0,4.0,1.0,0.0,0.0,7.0,7.0,2.0,3.0,18.0,52.0,1.0,0.0,2013,9,2013-09-30,2.0,0.0,0.0,4.0,1.0,0.0,0.0,7.0,8.0,2.0,3.0,20.0,53.0,1.0,0.0
2.0,0.0,0.0,4.0,1.0,0.0,0.0,6.0,7.0,2.0,3.0,18.0,51.0,1.0,0.0,2013,10,2013-10-31,2.0,0.0,0.0,4.0,1.0,0.0,0.0,7.0,7.0,2.0,3.0,18.0,52.0,1.0,0.0
2.0,0.0,0.0,5.0,1.0,0.0,0.0,6.0,6.0,2.0,3.0,18.0,58.0,1.0,0.0,2013,11,2013-11-30,2.0,0.0,0.0,4.0,1.0,0.0,0.0,6.0,7.0,2.0,3.0,18.0,51.0,1.0,0.0
3.0,0.0,0.0,5.0,1.0,0.0,0.0,7.0,6.0,1.0,3.0,17.0,65.45454545454545,1.0909090909090908,0.0,2013,12,2013-12-31,2.0,0.0,0.0,5.0,1.0,0.0,0.0,6.0,6.0,2.0,3.0,18.0,58.0,1.0,0.0
2.0,0.0,0.0,7.0,1.0,0.0,0.0,6.0,8.0,2.0,3.0,18.0,55.24999999999999,2.1666666666666665,1.0833333333333333,2014,1,2014-01-31,3.0,0.0,0.0,5.0,1.0,0.0,0.0,7.0,6.0,1.0,3.0,17.0,65.45454545454545,1.0909090909090908,0.0
2.0,0.0,0.0,7.0,1.0,0.0,0.0,6.0,9.0,2.0,3.0,18.0,52.0,2.0,1.0,2014,2,2014-02-28,2.0,0.0,0.0,7.0,1.0,0.0,0.0,6.0,8.0,2.0,3.0,18.0,55.24999999999999,2.1666666666666665,1.0833333333333333
3.0,0.0,0.0,8.0,1.0,0.0,0.0,6.0,11.0,2.0,3.0,17.0,52.0,2.0,1.0,2014,3,2014-03-31,2.0,0.0,0.0,7.0,1.0,0.0,0.0,6.0,9.0,2.0,3.0,18.0,52.0,2.0,1.0
4.0,0.0,0.0,8.0,1.0,0.0,0.0,6.0,10.0,2.0,3.0,18.0,55.46666666666667,2.1333333333333333,1.0666666666666667,2014,4,2014-04-30,3.0,0.0,0.0,8.0,1.0,0.0,0.0,6.0,11.0,2.0,3.0,17.0,52.0,2.0,1.0
5.0,0.0,1.0,7.0,1.0,0.0,0.0,7.0,8.0,2.0,3.0,19.0,52.0,2.0,1.0,2014,5,2014-05-31,4.0,0.0,0.0,8.0,1.0,0.0,0.0,6.0,10.0,2.0,3.0,18.0,55.46666666666667,2.1333333333333333,1.0666666666666667
5.0,0.0,1.0,6.0,1.0,0.0,0.0,7.0,7.0,2.0,3.0,19.0,53.925925925925924,2.074074074074074,1.037037037037037,2014,6,2014-06-30,5.0,0.0,1.0,7.0,1.0,0.0,0.0,7.0,8.0,2.0,3.0,19.0,52.0,2.0,1.0
6.0,0.0,1.0,6.0,1.0,0.0,0.0,7.0,8.0,2.0,3.0,19.0,54.892857142857146,2.0714285714285716,1.0357142857142858,2014,7,2014-07-31,5.0,0.0,1.0,6.0,1.0,0.0,0.0,7.0,7.0,2.0,3.0,19.0,53.925925925925924,2.074074074074074,1.037037037037037
7.0,0.0,1.0,6.0,1.0,0.0,0.0,7.0,6.0,2.0,3.0,18.0,56.896551724137936,2.0689655172413794,1.0344827586206897,2014,8,2014-08-31,6.0,0.0,1.0,6.0,1.0,0.0,0.0,7.0,8.0,2.0,3.0,19.0,54.892857142857146,2.0714285714285716,1.0357142857142858
6.0,0.0,1.0,7.0,1.0,0.0,0.0,6.0,5.0,2.0,3.0,17.0,57.866666666666674,2.066666666666667,1.0333333333333334,2014,9,2014-09-30,7.0,0.0,1.0,6.0,1.0,0.0,0.0,7.0,6.0,2.0,3.0,18.0,56.896551724137936,2.0689655172413794,1.0344827586206897
6.0,0.0,1.0,7.0,1.0,0.0,0.0,6.0,5.0,2.0,3.0,16.0,53.73333333333334,2.066666666666667,1.0333333333333334,2014,10,2014-10-31,6.0,0.0,1.0,7.0,1.0,0.0,0.0,6.0,5.0,2.0,3.0,17.0,57.866666666666674,2.066666666666667,1.0333333333333334
5.0,0.0,1.0,8.0,1.0,0.0,0.0,6.0,5.0,2.0,3.0,17.0,62.648648648648646,2.054054054054054,1.027027027027027,2014,11,2014-11-30,6.0,0.0,1.0,7.0,1.0,0.0,0.0,6.0,5.0,2.0,3.0,16.0,53.73333333333334,2.066666666666667,1.0333333333333334
4.0,0.0,1.0,8.0,1.0,0.0,0.0,7.0,4.0,1.0,3.0,17.0,69.83783783783784,2.054054054054054,1.027027027027027,2014,12,2014-12-31,5.0,0.0,1.0,8.0,1.0,0.0,0.0,6.0,5.0,2.0,3.0,17.0,62.648648648648646,2.054054054054054,1.027027027027027
4.0,0.0,1.0,8.0,1.0,0.0,0.0,6.0,6.0,2.0,3.0,17.0,54.6060606060606,2.0606060606060606,1.0303030303030303,2015,1,2015-01-31,4.0,0.0,1.0,8.0,1.0,0.0,0.0,7.0,4.0,1.0,3.0,17.0,69.83783783783784,2.054054054054054,1.027027027027027
5.0,0.0,1.0,9.0,2.0,0.0,0.0,6.0,6.0,2.0,3.0,16.0,52.416666666666664,2.0555555555555554,1.0277777777777777,2015,2,2015-02-28,4.0,0.0,1.0,8.0,1.0,0.0,0.0,6.0,6.0,2.0,3.0,17.0,54.6060606060606,2.0606060606060606,1.0303030303030303
6.0,0.0,1.0,8.0,2.0,0.0,0.0,6.0,7.0,2.0,3.0,17.0,53.33333333333333,2.051282051282051,2.051282051282051,2015,3,2015-03-31,5.0,0.0,1.0,9.0,2.0,0.0,0.0,6.0,6.0,2.0,3.0,16.0,52.416666666666664,2.0555555555555554,1.0277777777777777
4.0,0.0,1.0,8.0,2.0,0.0,0.0,6.0,6.0,2.0,3.0,18.0,53.1063829787234,2.0425531914893615,1.0212765957446808,2015,4,2015-04-30,6.0,0.0,1.0,8.0,2.0,0.0,0.0,6.0,7.0,2.0,3.0,17.0,53.33333333333333,2.051282051282051,2.051282051282051
5.0,0.0,1.0,8.0,2.0,0.0,0.0,6.0,6.0,2.0,3.0,18.0,53.04,3.12,1.04,2015,5,2015-05-31,4.0,0.0,1.0,8.0,2.0,0.0,0.0,6.0,6.0,2.0,3.0,18.0,53.1063829787234,2.0425531914893615,1.0212765957446808
6.0,1.0,1.0,7.0,2.0,1.0,0.0,7.0,5.0,2.0,3.0,19.0,46.80701754385965,3.0526315789473686,2.0350877192982457,2015,6,2015-06-30,5.0,0.0,1.0,8.0,2.0,0.0,0.0,6.0,6.0,2.0,3.0,18.0,53.04,3.12,1.04
7.0,1.0,1.0,7.0,2.0,1.0,0.0,7.0,6.0,2.0,3.0,19.0,54.68253968253969,3.095238095238096,2.0634920634920637,2015,7,2015-07-31,6.0,1.0,1.0,7.0,2.0,1.0,0.0,7.0,5.0,2.0,3.0,19.0,46.80701754385965,3.0526315789473686,2.0350877192982457
7.0,1.0,1.0,8.0,2.0,1.0,0.0,7.0,6.0,2.0,3.0,19.0,55.83050847457626,3.101694915254237,2.0677966101694913,2015,8,2015-08-31,7.0,1.0,1.0,7.0,2.0,1.0,0.0,7.0,6.0,2.0,3.0,19.0,54.68253968253969,3.095238095238096,2.0634920634920637
7.0,1.0,2.0,7.0,2.0,1.0,0.0,6.0,5.0,2.0,3.0,16.0,52.86666666666666,3.05,2.033333333333333,2015,9,2015-09-30,7.0,1.0,1.0,8.0,2.0,1.0,0.0,7.0,6.0,2.0,3.0,19.0,55.83050847457626,3.101694915254237,2.0677966101694913
8.0,1.0,2.0,9.0,2.0,1.0,0.0,6.0,5.0,2.0,3.0,16.0,53.793103448275865,3.1034482758620694,2.0689655172413794,2015,10,2015-10-31,7.0,1.0,2.0,7.0,2.0,1.0,0.0,6.0,5.0,2.0,3.0,16.0,52.86666666666666,3.05,2.033333333333333
8.0,2.0,2.0,8.0,1.0,1.0,0.0,7.0,4.0,2.0,3.0,15.0,60.07142857142858,3.1071428571428577,2.0714285714285716,2015,11,2015-11-30,8.0,1.0,2.0,9.0,2.0,1.0,0.0,6.0,5.0,2.0,3.0,16.0,53.793103448275865,3.1034482758620694,2.0689655172413794
8.0,1.0,1.0,7.0,1.0,1.0,0.0,7.0,4.0,1.0,3.0,17.0,66.08333333333333,3.05,2.033333333333333,2015,12,2015-12-31,8.0,2.0,2.0,8.0,1.0,1.0,0.0,7.0,4.0,2.0,3.0,15.0,60.07142857142858,3.1071428571428577,2.0714285714285716
10.0,1.0,2.0,8.0,1.0,1.0,0.0,6.0,6.0,2.0,3.0,16.0,51.49253731343284,4.119402985074627,2.0597014925373136,2016,1,2016-01-31,8.0,1.0,1.0,7.0,1.0,1.0,0.0,7.0,4.0,1.0,3.0,17.0,66.08333333333333,3.05,2.033333333333333
9.0,1.0,1.0,8.0,2.0,1.0,0.0,6.0,6.0,2.0,2.0,17.0,51.42857142857142,4.114285714285714,2.057142857142857,2016,2,2016-02-29,10.0,1.0,2.0,8.0,1.0,1.0,0.0,6.0,6.0,2.0,3.0,16.0,51.49253731343284,4.119402985074627,2.0597014925373136
10.0,1.0,1.0,8.0,2.0,1.0,0.0,6.0,7.0,2.0,3.0,17.0,47.46031746031746,4.126984126984127,2.0634920634920637,2016,3,2016-03-31,9.0,1.0,1.0,8.0,2.0,1.0,0.0,6.0,6.0,2.0,2.0,17.0,51.42857142857142,4.114285714285714,2.057142857142857
10.0,2.0,1.0,8.0,2.0,1.0,0.0,7.0,8.0,2.0,3.0,18.0,48.705882352941174,4.0588235294117645,1.0147058823529411,2016,4,2016-04-30,10.0,1.0,1.0,8.0,2.0,1.0,0.0,6.0,7.0,2.0,3.0,17.0,47.46031746031746,4.126984126984127,2.0634920634920637
13.0,2.0,1.0,7.0,2.0,1.0,0.0,6.0,7.0,2.0,3.0,19.0,49.37142857142857,4.114285714285714,1.0285714285714285,2016,5,2016-05-31,10.0,2.0,1.0,8.0,2.0,1.0,0.0,7.0,8.0,2.0,3.0,18.0,48.705882352941174,4.0588235294117645,1.0147058823529411
14.0,2.0,1.0,7.0,2.0,1.0,0.0,7.0,7.0,2.0,3.0,19.0,47.164556962025316,4.10126582278481,1.0253164556962024,2016,6,2016-06-30,13.0,2.0,1.0,7.0,2.0,1.0,0.0,6.0,7.0,2.0,3.0,19.0,49.37142857142857,4.114285714285714,1.0285714285714285
16.0,2.0,1.0,8.0,1.0,1.0,0.0,7.0,8.0,2.0,3.0,20.0,49.71428571428572,4.142857142857143,1.0357142857142858,2016,7,2016-07-31,14.0,2.0,1.0,7.0,2.0,1.0,0.0,7.0,7.0,2.0,3.0,19.0,47.164556962025316,4.10126582278481,1.0253164556962024
15.0,2.0,1.0,7.0,1.0,1.0,0.0,6.0,6.0,2.0,3.0,19.0,50.25641025641025,4.102564102564102,2.051282051282051,2016,8,2016-08-31,16.0,2.0,1.0,8.0,1.0,1.0,0.0,7.0,8.0,2.0,3.0,20.0,49.71428571428572,4.142857142857143,1.0357142857142858
16.0,2.0,1.0,8.0,1.0,1.0,0.0,6.0,5.0,2.0,3.0,17.0,50.27272727272727,4.103896103896104,1.025974025974026,2016,9,2016-09-30,15.0,2.0,1.0,7.0,1.0,1.0,0.0,6.0,6.0,2.0,3.0,19.0,50.25641025641025,4.102564102564102,2.051282051282051
17.0,3.0,2.0,9.0,1.0,1.0,0.0,6.0,5.0,2.0,3.0,17.0,50.837500000000006,5.1875,1.0375,2016,10,2016-10-31,16.0,2.0,1.0,8.0,1.0,1.0,0.0,6.0,5.0,2.0,3.0,17.0,50.27272727272727,4.103896103896104,1.025974025974026
16.0,3.0,2.0,13.0,1.0,1.0,0.0,6.0,5.0,2.0,3.0,16.0,56.41025641025641,5.128205128205128,2.051282051282051,2016,11,2016-11-30,17.0,3.0,2.0,9.0,1.0,1.0,0.0,6.0,5.0,2.0,3.0,17.0,50.837500000000006,5.1875,1.0375
17.0,3.0,2.0,9.0,1.0,1.0,0.0,6.0,4.0,1.0,3.0,16.0,59.48717948717948,5.128205128205128,2.051282051282051,2016,12,2016-12-31,16.0,3.0,2.0,13.0,1.0,1.0,0.0,6.0,5.0,2.0,3.0,16.0,56.41025641025641,5.128205128205128,2.051282051282051
20.0,3.0,2.0,9.0,2.0,1.0,0.0,6.0,6.0,2.0,3.0,16.0,50.12643678160919,5.114942528735632,2.045977011494253,2017,1,2017-01-31,17.0,3.0,2.0,9.0,1.0,1.0,0.0,6.0,4.0,1.0,3.0,16.0,59.48717948717948,5.128205128205128,2.051282051282051
20.0,3.0,2.0,10.0,2.0,1.0,0.0,6.0,5.0,2.0,3.0,16.0,48.1604938271605,6.148148148148149,2.049382716049383,2017,2,2017-02-28,20.0,3.0,2.0,9.0,2.0,1.0,0.0,6.0,6.0,2.0,3.0,16.0,50.12643678160919,5.114942528735632,2.045977011494253
20.0,3.0,2.0,10.0,2.0,1.0,0.0,6.0,6.0,2.0,3.0,16.0,47.15,6.1499999999999995,2.05,2017,3,2017-03-31,20.0,3.0,2.0,10.0,2.0,1.0,0.0,6.0,5.0,2.0,3.0,16.0,48.1604938271605,6.148148148148149,2.049382716049383
20.0,4.0,2.0,11.0,2.0,1.0,0.0,6.0,6.0,2.0,3.0,18.0,47.13580246913581,6.148148148148149,2.049382716049383,2017,4,2017-04-30,20.0,3.0,2.0,10.0,2.0,1.0,0.0,6.0,6.0,2.0,3.0,16.0,47.15,6.1499999999999995,2.05
20.0,4.0,3.0,10.0,2.0,1.0,0.0,6.0,5.0,2.0,3.0,18.0,47.164556962025316,7.177215189873417,2.050632911392405,2017,5,2017-05-31,20.0,4.0,2.0,11.0,2.0,1.0,0.0,6.0,6.0,2.0,3.0,18.0,47.13580246913581,6.148148148148149,2.049382716049383
24.0,4.0,3.0,9.0,2.0,1.0,0.0,7.0,6.0,2.0,3.0,19.0,45.41935483870968,7.225806451612903,2.064516129032258,2017,6,2017-06-30,20.0,4.0,3.0,10.0,2.0,1.0,0.0,6.0,5.0,2.0,3.0,18.0,47.164556962025316,7.177215189873417,2.050632911392405
24.0,4.0,3.0,10.0,2.0,2.0,0.0,7.0,6.0,2.0,3.0,19.0,46.56976744186047,7.244186046511628,2.0697674418604652,2017,7,2017-07-31,24.0,4.0,3.0,9.0,2.0,1.0,0.0,7.0,6.0,2.0,3.0,19.0,45.41935483870968,7.225806451612903,2.064516129032258
24.0,4.0,3.0,10.0,2.0,2.0,0.0,7.0,5.0,2.0,3.0,18.0,47.21052631578948,8.210526315789474,2.0526315789473686,2017,8,2017-08-31,24.0,4.0,3.0,10.0,2.0,2.0,0.0,7.0,6.0,2.0,3.0,19.0,46.56976744186047,7.244186046511628,2.0697674418604652
22.0,4.0,4.0,10.0,2.0,1.0,0.0,6.0,4.0,2.0,3.0,17.0,44.19444444444444,7.194444444444444,2.0555555555555554,2017,9,2017-09-30,24.0,4.0,3.0,10.0,2.0,2.0,0.0,7.0,5.0,2.0,3.0,18.0,47.21052631578948,8.210526315789474,2.0526315789473686
23.0,4.0,4.0,10.0,2.0,1.0,0.0,6.0,4.0,2.0,3.0,16.0,45.27536231884058,8.231884057971014,2.0579710144927534,2017,10,2017-10-31,22.0,4.0,4.0,10.0,2.0,1.0,0.0,6.0,4.0,2.0,3.0,17.0,44.19444444444444,7.194444444444444,2.0555555555555554
21.0,5.0,4.0,10.0,2.0,1.0,0.0,6.0,4.0,2.0,3.0,16.0,58.561643835616444,8.219178082191782,3.082191780821918,2017,11,2017-11-30,23.0,4.0,4.0,10.0,2.0,1.0,0.0,6.0,4.0,2.0,3.0,16.0,45.27536231884058,8.231884057971014,2.0579710144927534
21.0,5.0,4.0,10.0,2.0,1.0,0.0,6.0,3.0,2.0,3.0,16.0,58.67647058823529,6.1764705882352935,3.0882352941176467,2017,12,2017-12-31,21.0,5.0,4.0,10.0,2.0,1.0,0.0,6.0,4.0,2.0,3.0,16.0,58.561643835616444,8.219178082191782,3.082191780821918
21.0,6.0,6.0,11.0,2.0,2.0,0.0,7.0,5.0,2.0,3.0,16.0,47.33333333333333,8.231884057971014,4.115942028985507,2018,1,2018-01-31,21.0,5.0,4.0,10.0,2.0,1.0,0.0,6.0,3.0,2.0,3.0,16.0,58.67647058823529,6.1764705882352935,3.0882352941176467
21.0,6.0,5.0,12.0,2.0,2.0,0.0,6.0,5.0,2.0,3.0,16.0,44.14666666666666,8.213333333333333,3.08,2018,2,2018-02-28,21.0,6.0,6.0,11.0,2.0,2.0,0.0,7.0,5.0,2.0,3.0,16.0,47.33333333333333,8.231884057971014,4.115942028985507
22.0,7.0,5.0,12.0,2.0,2.0,0.0,6.0,6.0,2.0,3.0,16.0,43.05,8.2,3.0749999999999997,2018,3,2018-03-31,21.0,6.0,5.0,12.0,2.0,2.0,0.0,6.0,5.0,2.0,3.0,16.0,44.14666666666666,8.213333333333333,3.08
21.0,7.0,5.0,12.0,2.0,2.0,0.0,6.0,6.0,2.0,3.0,16.0,45.189189189189186,8.216216216216216,3.0810810810810807,2018,4,2018-04-30,22.0,7.0,5.0,12.0,2.0,2.0,0.0,6.0,6.0,2.0,3.0,16.0,43.05,8.2,3.0749999999999997
21.0,9.0,5.0,12.0,2.0,1.0,0.0,6.0,6.0,2.0,3.0,17.0,43.15068493150685,8.219178082191782,3.082191780821918,2018,5,2018-05-31,21.0,7.0,5.0,12.0,2.0,2.0,0.0,6.0,6.0,2.0,3.0,16.0,45.189189189189186,8.216216216216216,3.0810810810810807
23.0,10.0,5.0,14.0,2.0,2.0,0.0,7.0,6.0,2.0,3.0,19.0,44.55421686746988,8.289156626506024,3.108433734939759,2018,6,2018-06-30,21.0,9.0,5.0,12.0,2.0,1.0,0.0,6.0,6.0,2.0,3.0,17.0,43.15068493150685,8.219178082191782,3.082191780821918
25.0,11.0,6.0,13.0,2.0,1.0,0.0,7.0,6.0,2.0,3.0,18.0,45.06024096385543,8.19277108433735,3.072289156626506,2018,7,2018-07-31,23.0,10.0,5.0,14.0,2.0,2.0,0.0,7.0,6.0,2.0,3.0,19.0,44.55421686746988,8.289156626506024,3.108433734939759
24.0,13.0,5.0,13.0,2.0,2.0,0.0,7.0,6.0,2.0,3.0,19.0,46.08433734939759,9.216867469879519,3.072289156626506,2018,8,2018-08-31,25.0,11.0,6.0,13.0,2.0,1.0,0.0,7.0,6.0,2.0,3.0,18.0,45.06024096385543,8.19277108433735,3.072289156626506
21.0,13.0,6.0,14.0,2.0,1.0,0.0,6.0,5.0,2.0,3.0,17.0,45.189189189189186,8.216216216216216,3.0810810810810807,2018,9,2018-09-30,24.0,13.0,5.0,13.0,2.0,2.0,0.0,7.0,6.0,2.0,3.0,19.0,46.08433734939759,9.216867469879519,3.072289156626506
22.0,14.0,6.0,17.0,2.0,2.0,0.0,6.0,5.0,2.0,3.0,15.0,44.178082191780824,8.219178082191782,3.082191780821918,2018,10,2018-10-31,21.0,13.0,6.0,14.0,2.0,1.0,0.0,6.0,5.0,2.0,3.0,17.0,45.189189189189186,8.216216216216216,3.0810810810810807
21.0,15.0,6.0,17.0,2.0,1.0,0.0,6.0,4.0,2.0,3.0,16.0,56.59420289855072,8.231884057971014,3.08695652173913,2018,11,2018-11-30,22.0,14.0,6.0,17.0,2.0,2.0,0.0,6.0,5.0,2.0,3.0,15.0,44.178082191780824,8.219178082191782,3.082191780821918
21.0,17.0,6.0,17.0,2.0,1.0,0.0,6.0,3.0,1.0,3.0,16.0,58.62857142857142,7.199999999999999,3.0857142857142854,2018,12,2018-12-31,21.0,15.0,6.0,17.0,2.0,1.0,0.0,6.0,4.0,2.0,3.0,16.0,56.59420289855072,8.231884057971014,3.08695652173913
22.0,21.0,7.0,19.0,3.0,2.0,1.0,6.0,5.0,2.0,3.0,15.0,46.199999999999996,9.24,3.08,2019,1,2019-01-31,21.0,17.0,6.0,17.0,2.0,1.0,0.0,6.0,3.0,1.0,3.0,16.0,58.62857142857142,7.199999999999999,3.0857142857142854
22.0,23.0,7.0,21.0,2.0,2.0,0.0,6.0,6.0,2.0,3.0,15.0,46.267605633802816,9.253521126760564,3.084507042253521,2019,2,2019-02-28,22.0,21.0,7.0,19.0,3.0,2.0,1.0,6.0,5.0,2.0,3.0,15.0,46.199999999999996,9.24,3.08
31.0,26.0,7.0,19.0,2.0,1.0,0.0,6.0,6.0,2.0,3.0,15.0,47.26027397260275,8.219178082191782,3.082191780821918,2019,3,2019-03-31,22.0,23.0,7.0,21.0,2.0,2.0,0.0,6.0,6.0,2.0,3.0,15.0,46.267605633802816,9.253521126760564,3.084507042253521
33.0,23.0,6.0,16.0,2.0,1.0,0.0,6.0,6.0,2.0,3.0,16.0,46.73076923076923,9.346153846153847,3.115384615384616,2019,4,2019-04-30,31.0,26.0,7.0,19.0,2.0,1.0,0.0,6.0,6.0,2.0,3.0,15.0,47.26027397260275,8.219178082191782,3.082191780821918
29.0,27.0,7.0,16.0,2.0,2.0,1.0,6.0,6.0,2.0,3.0,17.0,51.546391752577314,9.278350515463917,3.092783505154639,2019,5,2019-05-31,33.0,23.0,6.0,16.0,2.0,1.0,0.0,6.0,6.0,2.0,3.0,16.0,46.73076923076923,9.346153846153847,3.115384615384616
24.0,25.0,7.0,16.0,3.0,2.0,1.0,6.0,5.0,2.0,3.0,19.0,49.800000000000004,10.375,4.15,2019,6,2019-06-30,29.0,27.0,7.0,16.0,2.0,2.0,1.0,6.0,6.0,2.0,3.0,17.0,51.546391752577314,9.278350515463917,3.092783505154639
22.0,24.0,7.0,15.0,3.0,2.0,1.0,7.0,5.0,2.0,3.0,19.0,45.189189189189186,9.243243243243242,3.0810810810810807,2019,7,2019-07-31,24.0,25.0,7.0,16.0,3.0,2.0,1.0,6.0,5.0,2.0,3.0,19.0,49.800000000000004,10.375,4.15
21.0,25.0,7.0,14.0,3.0,2.0,1.0,7.0,5.0,2.0,3.0,17.0,47.22666666666667,10.266666666666666,3.08,2019,8,2019-08-31,22.0,24.0,7.0,15.0,3.0,2.0,1.0,7.0,5.0,2.0,3.0,19.0,45.189189189189186,9.243243243243242,3.0810810810810807
20.0,25.0,7.0,14.0,2.0,2.0,0.0,6.0,5.0,2.0,3.0,16.0,48.382352941176464,10.294117647058822,3.0882352941176467,2019,9,2019-09-30,21.0,25.0,7.0,14.0,3.0,2.0,1.0,7.0,5.0,2.0,3.0,17.0,47.22666666666667,10.266666666666666,3.08
19.0,26.0,7.0,15.0,3.0,2.0,1.0,6.0,5.0,2.0,3.0,15.0,47.701492537313435,10.149253731343284,3.044776119402985,2019,10,2019-10-31,20.0,25.0,7.0,14.0,2.0,2.0,0.0,6.0,5.0,2.0,3.0,16.0,48.382352941176464,10.294117647058822,3.0882352941176467
19.0,25.0,8.0,16.0,2.0,2.0,0.0,6.0,4.0,2.0,3.0,15.0,55.54285714285714,10.285714285714285,3.0857142857142854,2019,11,2019-11-30,19.0,26.0,7.0,15.0,3.0,2.0,1.0,6.0,5.0,2.0,3.0,15.0,47.701492537313435,10.149253731343284,3.044776119402985
20.0,25.0,7.0,16.0,2.0,1.0,0.0,6.0,3.0,2.0,3.0,15.0,59.78461538461538,9.276923076923076,3.092307692307692,2019,12,2019-12-31,19.0,25.0,8.0,16.0,2.0,2.0,0.0,6.0,4.0,2.0,3.0,15.0,55.54285714285714,10.285714285714285,3.0857142857142854
21.0,26.0,9.0,17.0,3.0,2.0,1.0,6.0,5.0,2.0,3.0,15.0,50.42028985507246,10.289855072463768,4.115942028985507,2020,1,2020-01-31,20.0,25.0,7.0,16.0,2.0,1.0,0.0,6.0,3.0,2.0,3.0,15.0,59.78461538461538,9.276923076923076,3.092307692307692
20.0,28.0,8.0,17.0,3.0,2.0,1.0,6.0,5.0,2.0,3.0,15.0,45.703125,10.15625,4.0625,2020,2,2020-02-29,21.0,26.0,9.0,17.0,3.0,2.0,1.0,6.0,5.0,2.0,3.0,15.0,50.42028985507246,10.289855072463768,4.115942028985507
15.0,32.0,39.0,21.0,3.0,2.0,0.0,7.0,5.0,2.0,2.0,14.0,41.31147540983606,11.360655737704919,4.131147540983607,2020,3,2020-03-31,20.0,28.0,8.0,17.0,3.0,2.0,1.0,6.0,5.0,2.0,3.0,15.0,45.703125,10.15625,4.0625
9.0,46.0,65.0,27.0,3.0,2.0,0.0,8.0,6.0,2.0,3.0,13.0,79.73333333333332,13.288888888888888,5.111111111111111,2020,4,2020-04-30,15.0,32.0,39.0,21.0,3.0,2.0,0.0,7.0,5.0,2.0,2.0,14.0,41.31147540983606,11.360655737704919,4.131147540983607
9.0,40.0,29.0,24.0,4.0,2.0,0.0,7.0,7.0,2.0,4.0,17.0,85.9090909090909,17.386363636363637,5.113636363636363,2020,5,2020-05-31,9.0,46.0,65.0,27.0,3.0,2.0,0.0,8.0,6.0,2.0,3.0,13.0,79.73333333333332,13.288888888888888,5.111111111111111
10.0,36.0,19.0,20.0,4.0,2.0,1.0,7.0,7.0,2.0,4.0,18.0,77.72727272727272,16.363636363636363,4.090909090909091,2020,6,2020-06-30,9.0,40.0,29.0,24.0,4.0,2.0,0.0,7.0,7.0,2.0,4.0,17.0,85.9090909090909,17.386363636363637,5.113636363636363
9.0,41.0,18.0,20.0,4.0,2.0,1.0,6.0,7.0,2.0,4.0,18.0,82.8,17.377777777777776,4.088888888888889,2020,7,2020-07-31,10.0,36.0,19.0,20.0,4.0,2.0,1.0,7.0,7.0,2.0,4.0,18.0,77.72727272727272,16.363636363636363,4.090909090909091
12.0,41.0,16.0,18.0,4.0,2.0,1.0,7.0,6.0,2.0,3.0,17.0,85.78723404255318,16.340425531914892,4.085106382978723,2020,8,2020-08-31,9.0,41.0,18.0,20.0,4.0,2.0,1.0,6.0,7.0,2.0,4.0,18.0,82.8,17.377777777777776,4.088888888888889
9.0,38.0,14.0,16.0,4.0,2.0,1.0,6.0,5.0,2.0,3.0,15.0,78.8780487804878,14.341463414634147,4.097560975609756,2020,9,2020-09-30,12.0,41.0,16.0,18.0,4.0,2.0,1.0,7.0,6.0,2.0,3.0,17.0,85.78723404255318,16.340425531914892,4.085106382978723
9.0,39.0,14.0,16.0,3.0,2.0,1.0,6.0,5.0,2.0,3.0,15.0,77.36363636363636,12.545454545454545,3.1363636363636362,2020,10,2020-10-31,9.0,38.0,14.0,16.0,4.0,2.0,1.0,6.0,5.0,2.0,3.0,15.0,78.8780487804878,14.341463414634147,4.097560975609756
9.0,40.0,16.0,14.0,3.0,1.0,1.0,5.0,4.0,2.0,3.0,14.0,90.14634146341464,12.292682926829269,3.073170731707317,2020,11,2020-11-30,9.0,39.0,14.0,16.0,3.0,2.0,1.0,6.0,5.0,2.0,3.0,15.0,77.36363636363636,12.545454545454545,3.1363636363636362
9.0,50.0,19.0,18.0,3.0,1.0,1.0,7.0,4.0,2.0,3.0,15.0,104.44444444444446,12.533333333333335,3.1333333333333337,2020,12,2020-12-31,9.0,40.0,16.0,14.0,3.0,1.0,1.0,5.0,4.0,2.0,3.0,14.0,90.14634146341464,12.292682926829269,3.073170731707317
9.0,46.0,19.0,19.0,4.0,1.0,1.0,6.0,6.0,2.0,3.0,15.0,78.75,12.272727272727273,3.0681818181818183,2021,1,2021-01-31,9.0,50.0,19.0,18.0,3.0,1.0,1.0,7.0,4.0,2.0,3.0,15.0,104.44444444444446,12.533333333333335,3.1333333333333337
11.0,51.0,18.0,19.0,5.0,2.0,1.0,6.0,5.0,2.0,4.0,14.0,80.61224489795919,11.224489795918368,3.0612244897959187,2021,2,2021-02-28,9.0,46.0,19.0,19.0,4.0,1.0,1.0,6.0,6.0,2.0,3.0,15.0,78.75,12.272727272727273,3.0681818181818183
11.0,46.0,14.0,18.0,5.0,1.0,1.0,6.0,6.0,2.0,3.0,15.0,74.76923076923077,10.384615384615385,3.115384615384616,2021,3,2021-03-31,11.0,51.0,18.0,19.0,5.0,2.0,1.0,6.0,5.0,2.0,4.0,14.0,80.61224489795919,11.224489795918368,3.0612244897959187
11.0,46.0,14.0,17.0,4.0,1.0,1.0,6.0,6.0,2.0,3.0,15.0,70.4375,11.229166666666666,3.0625,2021,4,2021-04-30,11.0,46.0,14.0,18.0,5.0,1.0,1.0,6.0,6.0,2.0,3.0,15.0,74.76923076923077,10.384615384615385,3.115384615384616
12.0,45.0,13.0,16.0,4.0,1.0,1.0,6.0,6.0,2.0,3.0,16.0,70.35294117647058,10.196078431372548,3.0588235294117645,2021,5,2021-05-31,11.0,46.0,14.0,17.0,4.0,1.0,1.0,6.0,6.0,2.0,3.0,15.0,70.4375,11.229166666666666,3.0625
12.0,44.0,13.0,15.0,3.0,2.0,1.0,6.0,5.0,2.0,3.0,17.0,67.4074074074074,10.37037037037037,3.1111111111111107,2021,6,2021-06-30,12.0,45.0,13.0,16.0,4.0,1.0,1.0,6.0,6.0,2.0,3.0,16.0,70.35294117647058,10.196078431372548,3.0588235294117645
12.0,40.0,14.0,14.0,3.0,1.0,1.0,6.0,5.0,2.0,3.0,17.0,66.37037037037037,10.37037037037037,3.1111111111111107,2021,7,2021-07-31,12.0,44.0,13.0,15.0,3.0,2.0,1.0,6.0,5.0,2.0,3.0,17.0,67.4074074074074,10.37037037037037,3.1111111111111107
12.0,41.0,15.0,14.0,3.0,1.0,1.0,6.0,5.0,2.0,3.0,17.0,65.47058823529412,10.392156862745098,3.11764705882353,2021,8,2021-08-31,12.0,40.0,14.0,14.0,3.0,1.0,1.0,6.0,5.0,2.0,3.0,17.0,66.37037037037037,10.37037037037037,3.1111111111111107
11.0,39.0,16.0,14.0,3.0,1.0,1.0,6.0,4.0,2.0,3.0,16.0,70.72,10.4,3.12,2021,9,2021-09-30,12.0,41.0,15.0,14.0,3.0,1.0,1.0,6.0,5.0,2.0,3.0,17.0,65.47058823529412,10.392156862745098,3.11764705882353
12.0,39.0,15.0,14.0,3.0,1.0,1.0,6.0,4.0,2.0,3.0,15.0,72.6923076923077,10.384615384615385,3.115384615384616,2021,10,2021-10-31,11.0,39.0,16.0,14.0,3.0,1.0,1.0,6.0,4.0,2.0,3.0,16.0,70.72,10.4,3.12
11.0,38.0,15.0,13.0,4.0,1.0,1.0,6.0,4.0,2.0,4.0,15.0,90.78,11.22,3.06,2021,11,2021-11-30,12.0,39.0,15.0,14.0,3.0,1.0,1.0,6.0,4.0,2.0,3.0,15.0,72.6923076923077,10.384615384615385,3.115384615384616
10.0,44.0,18.0,15.0,3.0,1.0,1.0,6.0,3.0,1.0,3.0,16.0,89.79591836734694,9.183673469387756,3.0612244897959187,2021,12,2021-12-31,11.0,38.0,15.0,13.0,4.0,1.0,1.0,6.0,4.0,2.0,4.0,15.0,90.78,11.22,3.06
10.0,51.0,25.0,17.0,6.0,2.0,1.0,6.0,4.0,2.0,3.0,15.0,88.26923076923077,13.500000000000002,5.1923076923076925,2022,1,2022-01-31,10.0,44.0,18.0,15.0,3.0,1.0,1.0,6.0,3.0,1.0,3.0,16.0,89.79591836734694,9.183673469387756,3.0612244897959187
12.0,47.0,19.0,15.0,5.0,2.0,1.0,6.0,4.0,2.0,3.0,14.0,83.7,14.466666666666669,4.133333333333334,2022,2,2022-02-28,10.0,51.0,25.0,17.0,6.0,2.0,1.0,6.0,4.0,2.0,3.0,15.0,88.26923076923077,13.500000000000002,5.1923076923076925
13.0,45.0,17.0,14.0,5.0,2.0,1.0,7.0,5.0,2.0,3.0,15.0,80.55737704918033,14.459016393442624,4.131147540983607,2022,3,2022-03-31,12.0,47.0,19.0,15.0,5.0,2.0,1.0,6.0,4.0,2.0,3.0,14.0,83.7,14.466666666666669,4.133333333333334
12.0,44.0,16.0,13.0,5.0,2.0,2.0,7.0,4.0,2.0,3.0,13.0,78.57627118644066,15.508474576271185,4.135593220338983,2022,4,2022-04-30,13.0,45.0,17.0,14.0,5.0,2.0,1.0,7.0,5.0,2.0,3.0,15.0,80.55737704918033,14.459016393442624,4.131147540983607
13.0,45.0,17.0,14.0,5.0,2.0,1.0,7.0,4.0,2.0,3.0,15.0,76.59649122807018,14.49122807017544,4.140350877192983,2022,5,2022-05-31,12.0,44.0,16.0,13.0,5.0,2.0,2.0,7.0,4.0,2.0,3.0,13.0,78.57627118644066,15.508474576271185,4.135593220338983
13.0,44.0,16.0,12.0,5.0,3.0,1.0,7.0,4.0,2.0,3.0,17.0,73.26315789473685,15.263157894736842,4.0701754385964914,2022,6,2022-06-30,13.0,45.0,17.0,14.0,5.0,2.0,1.0,7.0,4.0,2.0,3.0,15.0,76.59649122807018,14.49122807017544,4.140350877192983
13.0,50.0,17.0,18.0,5.0,3.0,1.0,7.0,4.0,3.0,3.0,18.0,75.2982456140351,14.24561403508772,4.0701754385964914,2022,7,2022-07-31,13.0,44.0,16.0,12.0,5.0,3.0,1.0,7.0,4.0,2.0,3.0,17.0,73.26315789473685,15.263157894736842,4.0701754385964914
13.0,41.0,17.0,13.0,5.0,3.0,1.0,7.0,4.0,2.0,3.0,17.0,77.72727272727273,14.50909090909091,4.1454545454545455,2022,8,2022-08-31,13.0,50.0,17.0,18.0,5.0,3.0,1.0,7.0,4.0,3.0,3.0,18.0,75.2982456140351,14.24561403508772,4.0701754385964914
12.0,40.0,16.0,12.0,5.0,2.0,1.0,7.0,3.0,2.0,3.0,14.0,75.7037037037037,13.481481481481481,4.148148148148148,2022,9,2022-09-30,13.0,41.0,17.0,13.0,5.0,3.0,1.0,7.0,4.0,2.0,3.0,17.0,77.72727272727273,14.50909090909091,4.1454545454545455
12.0,42.0,16.0,12.0,4.0,3.0,1.0,7.0,3.0,2.0,3.0,14.0,76.64285714285715,14.500000000000002,4.142857142857143,2022,10,2022-10-31,12.0,40.0,16.0,12.0,5.0,2.0,1.0,7.0,3.0,2.0,3.0,14.0,75.7037037037037,13.481481481481481,4.148148148148148
12.0,42.0,16.0,11.0,4.0,3.0,1.0,6.0,3.0,2.0,3.0,14.0,94.5686274509804,16.627450980392158,4.1568627450980395,2022,11,2022-11-30,12.0,42.0,16.0,12.0,4.0,3.0,1.0,7.0,3.0,2.0,3.0,14.0,76.64285714285715,14.500000000000002,4.142857142857143
11.0,45.0,19.0,12.0,4.0,2.0,1.0,7.0,2.0,2.0,3.0,13.0,97.48148148148148,15.555555555555555,4.148148148148148,2022,12,2022-12-31,12.0,42.0,16.0,11.0,4.0,3.0,1.0,6.0,3.0,2.0,3.0,14.0,94.5686274509804,16.627450980392158,4.1568627450980395
11.0,46.0,17.0,11.0,5.0,3.0,2.0,7.0,3.0,2.0,3.0,13.0,80.54901960784314,17.333333333333332,5.098039215686274,2023,1,2023-01-31,11.0,45.0,19.0,12.0,4.0,2.0,1.0,7.0,2.0,2.0,3.0,13.0,97.48148148148148,15.555555555555555,4.148148148148148
13.0,48.0,17.0,12.0,5.0,3.0,1.0,7.0,3.0,2.0,3.0,14.0,75.47457627118644,16.54237288135593,4.135593220338983,2023,2,2023-02-28,11.0,46.0,17.0,11.0,5.0,3.0,2.0,7.0,3.0,2.0,3.0,13.0,80.54901960784314,17.333333333333332,5.098039215686274
12.0,47.0,17.0,11.0,5.0,3.0,1.0,6.0,3.0,2.0,3.0,14.0,69.35087719298247,15.526315789473685,4.140350877192983,2023,3,2023-03-31,13.0,48.0,17.0,12.0,5.0,3.0,1.0,7.0,3.0,2.0,3.0,14.0,75.47457627118644,16.54237288135593,4.135593220338983
12.0,44.0,17.0,10.0,5.0,3.0,1.0,7.0,3.0,2.0,4.0,14.0,69.48148148148148,15.555555555555555,4.148148148148148,2023,4,2023-04-30,12.0,47.0,17.0,11.0,5.0,3.0,1.0,6.0,3.0,2.0,3.0,14.0,69.35087719298247,15.526315789473685,4.140350877192983
12.0,42.0,16.0,10.0,5.0,3.0,1.0,7.0,3.0,2.0,3.0,15.0,70.1311475409836,15.245901639344263,4.065573770491803,2023,5,2023-05-31,12.0,44.0,17.0,10.0,5.0,3.0,1.0,7.0,3.0,2.0,4.0,14.0,69.48148148148148,15.555555555555555,4.148148148148148
13.0,44.0,17.0,12.0,5.0,3.0,1.0,7.0,3.0,2.0,3.0,16.0,72.14516129032258,15.241935483870968,4.064516129032258,2023,6,2023-06-30,12.0,42.0,16.0,10.0,5.0,3.0,1.0,7.0,3.0,2.0,3.0,15.0,70.1311475409836,15.245901639344263,4.065573770491803
11.0,42.0,17.0,11.0,5.0,3.0,1.0,7.0,3.0,2.0,3.0,16.0,69.09677419354838,16.258064516129032,4.064516129032258,2023,7,2023-07-31,13.0,44.0,17.0,12.0,5.0,3.0,1.0,7.0,3.0,2.0,3.0,16.0,72.14516129032258,15.241935483870968,4.064516129032258
12.0,40.0,17.0,10.0,5.0,3.0,1.0,7.0,3.0,2.0,3.0,15.0,71.30000000000001,16.533333333333335,4.133333333333334,2023,8,2023-08-31,11.0,42.0,17.0,11.0,5.0,3.0,1.0,7.0,3.0,2.0,3.0,16.0,69.09677419354838,16.258064516129032,4.064516129032258
11.0,41.0,18.0,10.0,4.0,2.0,1.0,7.0,2.0,2.0,3.0,14.0,70.21052631578948,14.24561403508772,4.0701754385964914,2023,9,2023-09-30,12.0,40.0,17.0,10.0,5.0,3.0,1.0,7.0,3.0,2.0,3.0,15.0,71.30000000000001,16.533333333333335,4.133333333333334
11.0,40.0,15.0,10.0,4.0,3.0,1.0,7.0,2.0,2.0,3.0,13.0,71.33898305084745,15.508474576271185,4.135593220338983,2023,10,2023-10-31,11.0,41.0,18.0,10.0,4.0,2.0,1.0,7.0,2.0,2.0,3.0,14.0,70.21052631578948,14.24561403508772,4.0701754385964914
11.0,41.0,14.0,8.0,4.0,2.0,1.0,7.0,2.0,2.0,3.0,13.0,93.10344827586208,16.551724137931036,4.137931034482759,2023,11,2023-11-30,11.0,40.0,15.0,10.0,4.0,3.0,1.0,7.0,2.0,2.0,3.0,13.0,71.33898305084745,15.508474576271185,4.135593220338983
10.0,43.0,16.0,9.0,4.0,2.0,1.0,7.0,2.0,2.0,3.0,14.0,88.44999999999999,14.233333333333333,4.066666666666666,2023,12,2023-12-31,11.0,41.0,14.0,8.0,4.0,2.0,1.0,7.0,2.0,2.0,3.0,13.0,93.10344827586208,16.551724137931036,4.137931034482759
10.0,44.0,17.0,8.0,4.0,3.0,1.0,7.0,2.0,2.0,3.0,12.0,71.33898305084745,17.576271186440678,5.169491525423728,2024,1,2024-01-31,10.0,43.0,16.0,9.0,4.0,2.0,1.0,7.0,2.0,2.0,3.0,14.0,88.44999999999999,14.233333333333333,4.066666666666666
12.0,49.0,15.0,8.0,5.0,3.0,1.0,7.0,2.0,2.0,3.0,12.0,66.10169491525423,17.28813559322034,5.084745762711864,2024,2,2024-02-29,10.0,44.0,17.0,8.0,4.0,3.0,1.0,7.0,2.0,2.0,3.0,12.0,71.33898305084745,17.576271186440678,5.169491525423728
11.0,41.0,15.0,9.0,4.0,2.0,1.0,7.0,2.0,2.0,2.0,13.0,62.016666666666666,15.25,5.083333333333333,2024,3,2024-03-31,12.0,49.0,15.0,8.0,5.0,3.0,1.0,7.0,2.0,2.0,3.0,12.0,66.10169491525423,17.28813559322034,5.084745762711864
10.0,42.0,14.0,8.0,4.0,2.0,1.0,7.0,2.0,2.0,3.0,13.0,63.140350877192986,15.526315789473685,5.175438596491229,2024,4,2024-04-30,11.0,41.0,15.0,9.0,4.0,2.0,1.0,7.0,2.0,2.0,2.0,13.0,62.016666666666666,15.25,5.083333333333333
11.0,41.0,14.0,8.0,4.0,3.0,1.0,7.0,2.0,2.0,2.0,14.0,63.0,14.459016393442624,4.131147540983607,2024,5,2024-05-31,10.0,42.0,14.0,8.0,4.0,2.0,1.0,7.0,2.0,2.0,3.0,13.0,63.140350877192986,15.526315789473685,5.175438596491229
11.0,44.0,15.0,10.0,4.0,3.0,1.0,8.0,2.0,2.0,3.0,15.0,61.875,15.46875,5.15625,2024,6,2024-06-30,11.0,41.0,14.0,8.0,4.0,3.0,1.0,7.0,2.0,2.0,2.0,14.0,63.0,14.459016393442624,4.131147540983607
11.0,42.0,15.0,8.0,4.0,2.0,1.0,8.0,2.0,2.0,3.0,15.0,62.96774193548387,15.483870967741936,4.129032258064516,2024,7,2024-07-31,11.0,44.0,15.0,10.0,4.0,3.0,1.0,8.0,2.0,2.0,3.0,15.0,61.875,15.46875,5.15625
11.0,40.0,14.0,8.0,4.0,3.0,1.0,7.0,2.0,2.0,3.0,15.0,64.06666666666668,15.500000000000002,4.133333333333334,2024,8,2024-08-31,11.0,42.0,15.0,8.0,4.0,2.0,1.0,8.0,2.0,2.0,3.0,15.0,62.96774193548387,15.483870967741936,4.129032258064516
9.0,40.0,14.0,8.0,4.0,2.0,1.0,7.0,2.0,2.0,4.0,13.0,61.10714285714286,14.500000000000002,4.142857142857143,2024,9,2024-09-30,11.0,40.0,14.0,8.0,4.0,3.0,1.0,7.0,2.0,2.0,3.0,15.0,64.06666666666668,15.500000000000002,4.133333333333334
10.0,39.0,13.0,8.0,4.0,2.0,1.0,7.0,2.0,2.0,3.0,13.0,58.96551724137932,13.448275862068966,4.137931034482759,2024,10,2024-10-31,9.0,40.0,14.0,8.0,4.0,2.0,1.0,7.0,2.0,2.0,4.0,13.0,61.10714285714286,14.500000000000002,4.142857142857143
10.0,41.0,14.0,7.0,3.0,2.0,1.0,7.0,2.0,2.0,4.0,12.0,71.46428571428572,15.535714285714286,4.142857142857143,2024,11,2024-11-30,10.0,39.0,13.0,8.0,4.0,2.0,1.0,7.0,2.0,2.0,3.0,13.0,58.96551724137932,13.448275862068966,4.137931034482759
10.0,44.0,15.0,7.0,3.0,2.0,1.0,6.0,1.0,2.0,3.0,13.0,78.53333333333335,14.466666666666669,4.133333333333334,2024,12,2024-12-31,10.0,41.0,14.0,7.0,3.0,2.0,1.0,7.0,2.0,2.0,4.0,12.0,71.46428571428572,15.535714285714286,4.142857142857143
11.0,44.0,15.0,7.0,4.0,3.0,1.0,7.0,2.0,2.0,3.0,12.0,59.03571428571429,15.535714285714286,5.178571428571429,2025,1,2025-01-31,10.0,44.0,15.0,7.0,3.0,2.0,1.0,6.0,1.0,2.0,3.0,13.0,78.53333333333335,14.466666666666669,4.133333333333334
12.0,47.0,15.0,7.0,4.0,2.0,1.0,7.0,2.0,2.0,2.0,12.0,54.70967741935484,15.483870967741936,5.161290322580645,2025,2,2025-02-28,11.0,44.0,15.0,7.0,4.0,3.0,1.0,7.0,2.0,2.0,3.0,12.0,59.03571428571429,15.535714285714286,5.178571428571429
10.0,45.0,14.0,7.0,4.0,2.0,1.0,7.0,2.0,2.0,2.0,12.0,52.89655172413793,14.241379310344826,5.086206896551724,2025,3,2025-03-31,12.0,47.0,15.0,7.0,4.0,2.0,1.0,7.0,2.0,2.0,2.0,12.0,54.70967741935484,15.483870967741936,5.161290322580645
10.0,42.0,13.0,6.0,4.0,2.0,1.0,7.0,2.0,2.0,2.0,12.0,54.79661016949152,16.54237288135593,4.135593220338983,2025,4,2025-04-30,10.0,45.0,14.0,7.0,4.0,2.0,1.0,7.0,2.0,2.0,2.0,12.0,52.89655172413793,14.241379310344826,5.086206896551724
11.0,45.0,13.0,7.0,4.0,2.0,1.0,7.0,2.0,2.0,2.0,14.0,56.80327868852459,15.491803278688526,4.131147540983607,2025,5,2025-05-31,10.0,42.0,13.0,6.0,4.0,2.0,1.0,7.0,2.0,2.0,2.0,12.0,54.79661016949152,16.54237288135593,4.135593220338983
11.0,46.0,14.0,7.0,4.0,3.0,1.0,8.0,2.0,2.0,3.0,15.0,53.552238805970156,16.47761194029851,5.1492537313432845,2025,6,2025-06-30,11.0,45.0,13.0,7.0,4.0,2.0,1.0,7.0,2.0,2.0,2.0,14.0,56.80327868852459,15.491803278688526,4.131147540983607
12.0,53.0,15.0,8.0,5.0,3.0,1.0,9.0,2.0,2.0,3.0,16.0,60.66197183098591,18.507042253521128,5.140845070422535,2025,7,2025-07-31,11.0,46.0,14.0,7.0,4.0,3.0,1.0,8.0,2.0,2.0,3.0,15.0,53.552238805970156,16.47761194029851,5.1492537313432845
12.0,48.0,14.0,7.0,4.0,3.0,1.0,8.0,2.0,2.0,2.0,15.0,60.81538461538461,17.52307692307692,5.153846153846153,2025,8,2025-08-31,12.0,53.0,15.0,8.0,5.0,3.0,1.0,9.0,2.0,2.0,3.0,16.0,60.66197183098591,18.507042253521128,5.140845070422535
11.0,46.0,13.0,7.0,4.0,2.0,1.0,8.0,2.0,2.0,2.0,13.0,57.777777777777786,16.50793650793651,4.126984126984127,2025,9,2025-09-30,12.0,48.0,14.0,7.0,4.0,3.0,1.0,8.0,2.0,2.0,2.0,15.0,60.81538461538461,17.52307692307692,5.153846153846153
12.0,52.0,14.0,7.0,4.0,2.0,1.0,8.0,1.0,2.0,2.0,13.0,60.84375,16.5,3.09375,2025,10,2025-10-31,11.0,46.0,13.0,7.0,4.0,2.0,1.0,8.0,2.0,2.0,2.0,13.0,57.777777777777786,16.50793650793651,4.126984126984127
12.0,52.0,14.0,7.0,4.0,2.0,1.0,8.0,2.0,2.0,3.0,13.0,72.15384615384615,18.553846153846152,4.123076923076923,2025,11,2025-11-30,12.0,52.0,14.0,7.0,4.0,2.0,1.0,8.0,1.0,2.0,2.0,13.0,60.84375,16.5,3.09375
12.0,55.0,16.0,7.0,3.0,2.0,1.0,9.0,2.0,1.0,3.0,13.0,72.08955223880598,18.537313432835823,4.119402985074627,2025,12,2025-12-31,12.0,52.0,14.0,7.0,4.0,2.0,1.0,8.0,2.0,2.0,3.0,13.0,72.15384615384615,18.553846153846152,4.123076923076923
