Date,Quarter,Year,Company,Ticker,industryKey,sectorKey,Close,Volume,Close_pct_change_3m,Close_pct_change_6m,Volume_pct_change_3m,Volume_pct_change_6m
2018-12-31,4,2018,Upwork,UPWK,internet-content-information,communication-services,18.11000061035156,337200.0,0.0,0.0,0.0,0.0
2019-03-31,1,2019,Upwork,UPWK,internet-content-information,communication-services,19.13999938964844,1189400.0,0.056874585565068525,0.0,2.5272835112692764,0.0
2019-06-30,2,2019,Upwork,UPWK,internet-content-information,communication-services,16.079999923706055,6966900.0,-0.15987458534598165,-0.11209280056485305,4.857491172019506,19.66103202846975
2019-09-30,3,2019,Upwork,UPWK,internet-content-information,communication-services,13.3100004196167,1698000.0,-0.17226365156915602,-0.30459765705033426,-0.7562761055849804,0.42761055994619146
2019-12-31,4,2019,Upwork,UPWK,internet-content-information,communication-services,10.670000076293944,1182600.0,-0.19834712697918777,-0.3364427781766578,-0.3035335689045936,-0.8302544890840977
2020-03-31,1,2020,Upwork,UPWK,internet-content-information,communication-services,6.449999809265137,1271400.0,-0.39550142800885124,-0.5154019830263173,0.07508878741755454,-0.25123674911660776
2020-06-30,2,2020,Upwork,UPWK,internet-content-information,communication-services,14.4399995803833,3574600.0,1.2387596910686551,0.3533270362823471,1.8115463268837502,2.0226619313377303
2020-09-30,3,2020,Upwork,UPWK,internet-content-information,communication-services,17.440000534057617,2331400.0,0.20775630476816698,1.7038761317490017,-0.3477871649974822,0.8337266005977662
2020-12-31,4,2020,Upwork,UPWK,internet-content-information,communication-services,34.52000045776367,1485200.0,0.9793577638000333,1.3905818186213104,-0.36295787938577684,-0.5845129524981816
2021-03-31,1,2021,Upwork,UPWK,internet-content-information,communication-services,44.77000045776367,1214800.0,0.296929312400827,1.5670871036004157,-0.1820630218152437,-0.4789396928883932
2021-06-30,2,2021,Upwork,UPWK,internet-content-information,communication-services,58.290000915527344,1805600.0,0.30198794548859853,0.6885863308966937,0.48633519920974644,0.21572852141125765
2021-09-30,3,2021,Upwork,UPWK,internet-content-information,communication-services,45.02999877929688,1824100.0,-0.22748330636409808,0.005807422802653228,0.010245901639344357,0.5015640434639448
2021-12-31,4,2021,Upwork,UPWK,internet-content-information,communication-services,34.15999984741211,672300.0,-0.24139460862882356,-0.4139646712835694,-0.6314346801162217,-0.627658396101019
2022-03-31,1,2022,Upwork,UPWK,internet-content-information,communication-services,23.239999771118164,567100.0,-0.31967213480890055,-0.483899613565989,-0.1564777629034657,-0.6891069568554355
2022-06-30,2,2022,Upwork,UPWK,internet-content-information,communication-services,20.68000030517578,1299300.0,-0.11015488344039737,-0.3946135715002804,1.2911303121142654,0.9326193663543061
2022-09-30,3,2022,Upwork,UPWK,internet-content-information,communication-services,13.619999885559082,867500.0,-0.34139266515628264,-0.4139414793589832,-0.33233279458169784,0.5297125727384941
2022-12-31,4,2022,Upwork,UPWK,internet-content-information,communication-services,10.4399995803833,1120800.0,-0.23348020057969676,-0.49516443779885333,0.2919884726224784,-0.13738166705148924
2023-03-31,1,2023,Upwork,UPWK,internet-content-information,communication-services,11.31999969482422,1335800.0,0.08429120208916818,-0.1688693252614113,0.19182726623840107,0.5398270893371757
2023-06-30,2,2023,Upwork,UPWK,internet-content-information,communication-services,9.34000015258789,1471100.0,-0.17491162505433933,-0.10536393410037126,0.10128761790687224,0.31254461099214836
2023-09-30,3,2023,Upwork,UPWK,internet-content-information,communication-services,11.359999656677246,2809900.0,0.21627403330712602,0.0035335656299808615,0.9100672965807899,1.1035334630932776
2023-12-31,4,2023,Upwork,UPWK,internet-content-information,communication-services,14.869999885559082,1535700.0,0.3089789027254686,0.5920770495318419,-0.4534680949499982,0.04391271837400579
2024-03-31,1,2024,Upwork,UPWK,internet-content-information,communication-services,12.260000228881836,2753500.0,-0.1755211618536684,0.07922540487715435,0.7929934231946343,-0.020071888679312422
2024-06-30,2,2024,Upwork,UPWK,internet-content-information,communication-services,10.75,2833200.0,-0.12316477982803054,-0.2770679164268318,0.028944979117486724,0.8448915803867942
2024-09-30,3,2024,Upwork,UPWK,internet-content-information,communication-services,10.449999809265137,994700.0,-0.027906994486963987,-0.14763461548334567,-0.6489128900183538,-0.6387506809515162
2024-12-31,4,2024,Upwork,UPWK,internet-content-information,communication-services,16.350000381469727,1107900.0,0.5645933664968639,0.5209302680436956,0.11380315673067254,-0.6089580686149936
2025-03-31,1,2025,Upwork,UPWK,internet-content-information,communication-services,13.050000190734863,1488900.0,-0.20183486934195538,0.24880386879667937,0.34389385323585153,0.4968332160450386
2025-06-30,2,2025,Upwork,UPWK,internet-content-information,communication-services,13.4399995803833,2960800.0,0.029885010264239398,-0.17798169621968174,0.9885821747598897,1.672443361314198
2025-09-30,3,2025,Upwork,UPWK,internet-content-information,communication-services,18.56999969482422,2260100.0,0.3816964490035062,0.4229884615640389,-0.23665901107808696,0.5179662838337027
2025-12-31,4,2025,Upwork,UPWK,internet-content-information,communication-services,19.549999237060547,2662600.0,0.052773266469652746,0.4546130838869411,0.17808946506791745,-0.10071602269656854
2019-06-30,2,2019,Fiverr,FVRR,internet-content-information,communication-services,29.700000762939453,447200.0,0.0,0.0,0.0,0.0
2019-09-30,3,2019,Fiverr,FVRR,internet-content-information,communication-services,18.700000762939453,190400.0,-0.37037036085622355,0.0,-0.5742397137745975,0.0
2019-12-31,4,2019,Fiverr,FVRR,internet-content-information,communication-services,23.5,171700.0,0.25668444070726526,-0.20875422907988606,-0.0982142857142857,-0.6160554561717353
2020-03-31,1,2020,Fiverr,FVRR,internet-content-information,communication-services,25.170000076293945,157800.0,0.07106383303378494,0.34598925397784175,-0.08095515433896328,-0.17121848739495793
2020-06-30,2,2020,Fiverr,FVRR,internet-content-information,communication-services,73.81999969482422,758500.0,1.932856554273541,2.1412765827584774,3.8067173637515843,3.4175888177053
2020-09-30,3,2020,Fiverr,FVRR,internet-content-information,communication-services,138.97999572753906,923000.0,0.8826875684379534,4.521652574742567,0.21687541199736327,4.849176172370089
2020-12-31,4,2020,Fiverr,FVRR,internet-content-information,communication-services,195.1000061035156,1301200.0,0.4037991948567623,1.6429152927400343,0.40975081256771406,0.7154911008569544
2021-03-31,1,2021,Fiverr,FVRR,internet-content-information,communication-services,217.17999267578125,886700.0,0.11317265956696332,0.562670883236664,-0.31855210574853976,-0.039328277356446395
2021-06-30,2,2021,Fiverr,FVRR,internet-content-information,communication-services,242.4900054931641,618200.0,0.11653933912396375,0.24290106564376246,-0.30280816510657493,-0.5249000922225637
2021-09-30,3,2021,Fiverr,FVRR,internet-content-information,communication-services,182.67999267578125,490300.0,-0.24664939363477767,-0.15885441184033733,-0.2068909737948884,-0.44705086274952066
2021-12-31,4,2021,Fiverr,FVRR,internet-content-information,communication-services,113.6999969482422,575500.0,-0.37760016692120246,-0.5311147083484747,0.17377116051397112,-0.06907149789712064
2022-03-31,1,2022,Fiverr,FVRR,internet-content-information,communication-services,76.06999969482422,752600.0,-0.3309586478753177,-0.5835887741147847,0.30773240660295387,0.5349785845400774
2022-06-30,2,2022,Fiverr,FVRR,internet-content-information,communication-services,34.38999938964844,570200.0,-0.5479163990060023,-0.6975373763175804,-0.24235981929311723,-0.009209383145091232
2022-09-30,3,2022,Fiverr,FVRR,internet-content-information,communication-services,30.59000015258789,695300.0,-0.11049721734523688,-0.5978703789232533,0.21939670291125912,-0.07613606165293652
2022-12-31,4,2022,Fiverr,FVRR,internet-content-information,communication-services,29.13999938964844,500800.0,-0.04740113617870578,-0.15266065987719302,-0.27973536602905225,-0.12171168011224132
2023-03-31,1,2023,Fiverr,FVRR,internet-content-information,communication-services,34.91999816894531,547000.0,0.19835274194789898,0.14154946043670114,0.09225239616613412,-0.2132892276715087
2023-06-30,2,2023,Fiverr,FVRR,internet-content-information,communication-services,26.01000022888184,695100.0,-0.2551545935643038,-0.10741246487048617,0.2707495429616087,0.38797923322683703
2023-09-30,3,2023,Fiverr,FVRR,internet-content-information,communication-services,24.46999931335449,685600.0,-0.0592080316022956,-0.29925542392737314,-0.013667098259243282,0.253382084095064
2023-12-31,4,2023,Fiverr,FVRR,internet-content-information,communication-services,27.21999931335449,1051900.0,0.11238251234846541,0.0465205334034966,0.5342765460910153,0.5133074377787368
2024-03-31,1,2024,Fiverr,FVRR,internet-content-information,communication-services,21.06999969482422,1376600.0,-0.22593680285337114,-0.13894563604154753,0.30867953227493117,1.0078763127187864
2024-06-30,2,2024,Fiverr,FVRR,internet-content-information,communication-services,23.43000030517578,675300.0,0.11200762432527656,-0.13923582306334903,-0.5094435565886968,-0.358018823082042
2024-09-30,3,2024,Fiverr,FVRR,internet-content-information,communication-services,25.8700008392334,410200.0,0.10414001290126373,0.2278121126688144,-0.39256626684436546,-0.7020194682551213
2024-12-31,4,2024,Fiverr,FVRR,internet-content-information,communication-services,31.729999542236328,428000.0,0.22651714390808575,0.3542466550982948,0.04339346660165777,-0.3662076114319561
2025-03-31,1,2025,Fiverr,FVRR,internet-content-information,communication-services,23.68000030517578,405300.0,-0.2537030996910372,-0.0846540573255935,-0.05303738317757012,-0.011945392491467532
2025-06-30,2,2025,Fiverr,FVRR,internet-content-information,communication-services,29.32999992370605,992500.0,0.23859795378868043,-0.07563818635848385,1.4488033555391069,1.31892523364486
2025-09-30,3,2025,Fiverr,FVRR,internet-content-information,communication-services,24.40999984741211,788100.0,-0.16774633784834547,0.030827682974175152,-0.20594458438287155,0.9444855662472242
2025-12-31,4,2025,Fiverr,FVRR,internet-content-information,communication-services,19.709999084472656,1010900.0,-0.19254407178694577,-0.32799184671862214,0.2827052404517194,0.018539042821158702
2019-06-30,2,2019,Uber,UBER,software-application,technology,46.380001068115234,28657000.0,0.0,0.0,0.0,0.0
2019-09-30,3,2019,Uber,UBER,software-application,technology,30.46999931335449,4986600.0,-0.34303582122378096,0.0,-0.8259901594723802,0.0
2019-12-31,4,2019,Uber,UBER,software-application,technology,29.739999771118164,16228400.0,-0.02395797698349067,-0.3587753538978794,2.2544017968154653,-0.43370206232334163
2020-03-31,1,2020,Uber,UBER,software-application,technology,27.920000076293945,43126400.0,-0.06119703123171172,-0.0836888511494952,1.6574646915284315,7.648457867083785
2020-06-30,2,2020,Uber,UBER,software-application,technology,31.07999992370605,21282800.0,0.11318050998485374,0.045057167548777866,-0.5065018179119982,0.31145399423233333
2020-09-30,3,2020,Uber,UBER,software-application,technology,36.47999954223633,21386300.0,0.1737451618978758,0.3065902379137322,0.004863081925310597,-0.5041018958225124
2020-12-31,4,2020,Uber,UBER,software-application,technology,51.0,13282800.0,0.3980263333323921,0.6409266449547224,-0.37891079803425554,-0.3758903903621704
2021-03-31,1,2021,Uber,UBER,software-application,technology,54.5099983215332,14760500.0,0.06882349650065112,0.4942433937923121,0.11124913421868876,-0.3098151620429901
2021-06-30,2,2021,Uber,UBER,software-application,technology,50.119998931884766,18069400.0,-0.08053567280911555,-0.01725492290422026,0.2241726228786287,0.36036076730809774
2021-09-30,3,2021,Uber,UBER,software-application,technology,44.79999923706055,16650600.0,-0.10614524756982391,-0.17813244145041363,-0.07851948598182568,0.12805121777717554
2021-12-31,4,2021,Uber,UBER,software-application,technology,41.93000030517578,13746900.0,-0.06406247724911962,-0.16340779731139954,-0.17439011206803356,-0.23921657608996427
2022-03-31,1,2022,Uber,UBER,software-application,technology,35.68000030517578,20608700.0,-0.14905795264753452,-0.2035714081963711,0.49915253620816324,0.23771515741174487
2022-06-30,2,2022,Uber,UBER,software-application,technology,20.459999084472656,30882500.0,-0.42656953729048297,-0.512043908047692,0.4985176163464944,1.2465064850984584
2022-09-30,3,2022,Uber,UBER,software-application,technology,26.5,23894900.0,0.2952102241349157,-0.25728700186821807,-0.2262640654092123,0.15945692838461434
2022-12-31,4,2022,Uber,UBER,software-application,technology,24.729999542236328,20474100.0,-0.06679247010428946,0.20869993396061437,-0.14316025595419946,-0.3370322998461912
2023-03-31,1,2023,Uber,UBER,software-application,technology,31.700000762939453,14824600.0,0.28184396885244856,0.1962264438845076,-0.2759339848882246,-0.3795914609393636
2023-06-30,2,2023,Uber,UBER,software-application,technology,43.16999816894531,17589200.0,0.36182956245904774,0.7456530112430992,0.18648732512175714,-0.1409048505184599
2023-09-30,3,2023,Uber,UBER,software-application,technology,45.9900016784668,14247000.0,0.06532322513624922,0.45078866156475983,-0.19001432697337006,-0.038962265423687636
2023-12-31,4,2023,Uber,UBER,software-application,technology,61.56999969482422,21615400.0,0.3387692421775277,0.4262219667897762,0.5171895837720222,0.22890182612057397
2024-03-31,1,2024,Uber,UBER,software-application,technology,76.98999786376953,13421900.0,0.25044661759583486,0.6740594706222287,-0.37905844906871955,-0.05791394679581663
2024-06-30,2,2024,Uber,UBER,software-application,technology,72.68000030517578,21375900.0,-0.05598126611485432,0.18044503273378298,0.5926135643984831,-0.011080063288211206
2024-09-30,3,2024,Uber,UBER,software-application,technology,75.16000366210938,12991100.0,0.034122225461204136,-0.02376924603762498,-0.39225482903643827,-0.03209679702575641
2024-12-31,4,2024,Uber,UBER,software-application,technology,60.31999969482422,14487300.0,-0.19744549287144975,-0.17006054703430384,0.11517115563732094,-0.3222601153635637
2025-03-31,1,2025,Uber,UBER,software-application,technology,72.86000061035156,16033100.0,0.20789126291397086,-0.030601422827196023,0.10670035134221001,0.2341603097505216
2025-06-30,2,2025,Uber,UBER,software-application,technology,93.3000030517578,16155300.0,0.2805380492750398,0.5467507215482204,0.007621732540806114,0.11513532542295657
2025-09-30,3,2025,Uber,UBER,software-application,technology,97.97000122070312,16793400.0,0.05005356930540139,0.34463354927263157,0.039497873762790014,0.0474206485333466
2025-12-31,4,2025,Uber,UBER,software-application,technology,82.12000274658203,9500700.0,-0.16178420206829247,-0.11982850953363533,-0.43425988781306946,-0.41191435627936346
2019-03-31,1,2019,Lyft,LYFT,software-application,technology,78.29000091552734,71485200.0,0.0,0.0,0.0,0.0
2019-06-30,2,2019,Lyft,LYFT,software-application,technology,65.70999908447266,6317400.0,-0.1606846555619299,0.0,-0.911626462540498,0.0
2019-09-30,3,2019,Lyft,LYFT,software-application,technology,40.84000015258789,3910300.0,-0.37848119431433036,-0.47834972953119426,-0.3810270047804476,-0.9452991668205447
2019-12-31,4,2019,Lyft,LYFT,software-application,technology,43.02000045776367,5499600.0,0.053379047429745086,-0.34530511250715656,0.40643940362632014,-0.12945198974261563
2020-03-31,1,2020,Lyft,LYFT,software-application,technology,26.850000381469727,5773200.0,-0.3758716853610772,-0.3425563104517194,0.04974907265982975,0.4764084597089737
2020-06-30,2,2020,Lyft,LYFT,software-application,technology,33.0099983215332,5410000.0,0.2294226388285172,-0.2326825204490205,-0.06291138363472593,-0.0162920939704706
2020-09-30,3,2020,Lyft,LYFT,software-application,technology,27.549999237060547,7196300.0,-0.16540440357765696,0.026070720508217127,0.330184842883549,0.2465010739278044
2020-12-31,4,2020,Lyft,LYFT,software-application,technology,49.130001068115234,3224100.0,0.7833031734543587,0.48833697565099765,-0.5519780998568709,-0.40404805914972275
2021-03-31,1,2021,Lyft,LYFT,software-application,technology,63.18000030517578,5822100.0,0.2859759603420571,1.293285011064007,0.8058062715176328,-0.19095924294429079
2021-06-30,2,2021,Lyft,LYFT,software-application,technology,60.47999954223633,3741600.0,-0.04273505460426952,0.23101970745706146,-0.35734528778275876,0.16050990974225354
2021-09-30,3,2021,Lyft,LYFT,software-application,technology,53.59000015258789,3454500.0,-0.11392194844242343,-0.15178854235938122,-0.07673187940987813,-0.4066573916628021
2021-12-31,4,2021,Lyft,LYFT,software-application,technology,42.72999954223633,3235300.0,-0.2026497588996019,-0.2934854519567953,-0.06345346649298023,-0.13531644216378025
2022-03-31,1,2022,Lyft,LYFT,software-application,technology,38.400001525878906,4736200.0,-0.10133391206984332,-0.283448378120138,0.4639137019750874,0.37102330293819663
2022-06-30,2,2022,Lyft,LYFT,software-application,technology,13.279999732971191,11812400.0,-0.654166687362723,-0.6892113298563316,1.4940669735230774,2.6510988161839704
2022-09-30,3,2022,Lyft,LYFT,software-application,technology,13.170000076293944,9049200.0,-0.008283106844056976,-0.6570312616415317,-0.2339236734279232,0.9106456653012964
2022-12-31,4,2022,Lyft,LYFT,software-application,technology,11.020000457763672,11302800.0,-0.16324978026388015,-0.17018067173574258,0.24903858904654563,-0.0431411059564526
2023-03-31,1,2023,Lyft,LYFT,software-application,technology,9.270000457763672,14839600.0,-0.15880217126189977,-0.2961275319618477,0.3129136143256539,0.6398797683773152
2023-06-30,2,2023,Lyft,LYFT,software-application,technology,9.59000015258789,18551100.0,0.034519922224622634,-0.12976408763833902,0.2501078196177795,0.6412835757511413
2023-09-30,3,2023,Lyft,LYFT,software-application,technology,10.539999961853027,8461100.0,0.09906150095407207,0.1370010184870838,-0.5439030569615818,-0.4298296450039084
2023-12-31,4,2023,Lyft,LYFT,software-application,technology,14.989999771118164,14032400.0,0.4222011219516917,0.5630864997507916,0.6584604838614365,-0.2435812431607829
2024-03-31,1,2024,Lyft,LYFT,software-application,technology,19.350000381469727,8412200.0,0.2908606188742011,0.8358634204461441,-0.40051594880419605,-0.005779390386592809
2024-06-30,2,2024,Lyft,LYFT,software-application,technology,14.100000381469728,18124200.0,-0.271317824108551,-0.059372875466164654,1.1545136825087372,0.29159659074712807
2024-09-30,3,2024,Lyft,LYFT,software-application,technology,12.75,6983400.0,-0.09574470531532064,-0.3410852843078045,-0.6146919588174926,-0.16984855329164783
2024-12-31,4,2024,Lyft,LYFT,software-application,technology,12.899999618530272,11161400.0,0.011764675963158666,-0.08510643478538493,0.5982759114471461,-0.3841714392911135
2025-03-31,1,2025,Lyft,LYFT,software-application,technology,11.869999885559082,14922200.0,-0.07984494290152078,-0.06901961681889557,0.33694697797767303,1.136810149783773
2025-06-30,2,2025,Lyft,LYFT,software-application,technology,15.760000228881836,11711200.0,0.3277169655288108,0.22170548022678238,-0.21518274785219338,0.049259053523751595
2025-09-30,3,2025,Lyft,LYFT,software-application,technology,22.01000022888184,20016700.0,0.39657359830149175,0.854254460074509,0.7091929093517317,0.3414040825079412
2025-12-31,4,2025,Lyft,LYFT,software-application,technology,19.309999465942383,7255900.0,-0.12267154633630928,0.22525375542538417,-0.637507681086293,-0.38043069881822533
2020-12-31,4,2020,Doordash,DASH,internet-retail,consumer-cyclical,142.75,2637300.0,0.0,0.0,0.0,0.0
2021-03-31,1,2021,Doordash,DASH,internet-retail,consumer-cyclical,131.1300048828125,2939200.0,-0.08140101658274956,0.0,0.11447313540363258,0.0
2021-06-30,2,2021,Doordash,DASH,internet-retail,consumer-cyclical,178.3300018310547,4880300.0,0.35994810638818797,0.24924694802840408,0.6604178007621122,0.8504910324953552
2021-09-30,3,2021,Doordash,DASH,internet-retail,consumer-cyclical,205.97999572753903,1565500.0,0.155049591277856,0.5708075044427707,-0.6792205397209188,-0.4673720740337507
2021-12-31,4,2021,Doordash,DASH,internet-retail,consumer-cyclical,148.89999389648438,2297900.0,-0.27711429757750594,-0.16503116487629244,0.4678377515170873,-0.5291477982910886
2022-03-31,1,2022,Doordash,DASH,internet-retail,consumer-cyclical,117.19000244140624,3022100.0,-0.21296167061714588,-0.4310612444306493,0.31515731755080734,0.9304375598850207
2022-06-30,2,2022,Doordash,DASH,internet-retail,consumer-cyclical,64.16999816894531,5383300.0,-0.45242770857497305,-0.5690396185405056,0.7813110089010953,1.3427042081900864
2022-09-30,3,2022,Doordash,DASH,internet-retail,consumer-cyclical,49.45000076293945,3223200.0,-0.22939064712533397,-0.578035670852862,-0.40125945052291345,0.06654313225902508
2022-12-31,4,2022,Doordash,DASH,internet-retail,consumer-cyclical,48.81999969482422,3193300.0,-0.012740162960470425,-0.23920833585981982,-0.009276495408289898,-0.4068136644808946
2023-03-31,1,2023,Doordash,DASH,internet-retail,consumer-cyclical,63.560001373291016,4530400.0,0.3019254766613506,0.28533873392629694,0.4187204459336735,0.40555969223132293
2023-06-30,2,2023,Doordash,DASH,internet-retail,consumer-cyclical,76.41999816894531,2645100.0,0.20232845370985597,0.5653420451997091,-0.4161442698216493,-0.17167193812043968
2023-09-30,3,2023,Doordash,DASH,internet-retail,consumer-cyclical,79.47000122070312,2747100.0,0.03991105894840552,0.25031465550121523,0.03856186911647952,-0.39362970157160515
2023-12-31,4,2023,Doordash,DASH,internet-retail,consumer-cyclical,98.88999938964844,2525700.0,0.24436891746122336,0.29403299867958155,-0.08059408103090537,-0.045140070318702485
2024-03-31,1,2024,Doordash,DASH,internet-retail,consumer-cyclical,137.72000122070312,3054700.0,0.3926585303945236,0.7329809878601714,0.20944688601179862,0.1119726256779876
2024-06-30,2,2024,Doordash,DASH,internet-retail,consumer-cyclical,108.77999877929688,12262000.0,-0.21013652472329314,0.10001010669116961,3.0141421416178344,3.8548917131884233
2024-09-30,3,2024,Doordash,DASH,internet-retail,consumer-cyclical,142.72999572753906,2390200.0,0.31209778754569717,0.0363781183737224,-0.8050725819605284,-0.2175336366910008
2024-12-31,4,2024,Doordash,DASH,internet-retail,consumer-cyclical,167.75,1241300.0,0.17529604863312875,0.5421033451227282,-0.48067107355033056,-0.8987685532539553
2025-03-31,1,2025,Doordash,DASH,internet-retail,consumer-cyclical,182.7700042724609,6074800.0,0.08953802844984149,0.28052973967262806,3.893901554821558,1.541544640615848
2025-06-30,2,2025,Doordash,DASH,internet-retail,consumer-cyclical,246.50999450683597,8089900.0,0.34874426188312535,0.46950816397517725,0.33171462434977284,5.51728027068396
2025-09-30,3,2025,Doordash,DASH,internet-retail,consumer-cyclical,271.989990234375,3245300.0,0.1033629317079574,0.48815442291565025,-0.5988454739860813,-0.46577665108316324
2025-12-31,4,2025,Doordash,DASH,internet-retail,consumer-cyclical,228.1300048828125,2546500.0,-0.16125588046004247,-0.07456082931158303,-0.21532678026684748,-0.6852247864621318
2023-09-30,3,2023,Instacart,CART,internet-retail,consumer-cyclical,29.690000534057617,1928600.0,0.0,0.0,0.0,0.0
2023-12-31,4,2023,Instacart,CART,internet-retail,consumer-cyclical,23.46999931335449,1207300.0,-0.2094981848709676,0.0,-0.3740018666390128,0.0
2024-03-31,1,2024,Instacart,CART,internet-retail,consumer-cyclical,37.290000915527344,2090100.0,0.5888368984446131,0.2559784521644488,0.7312184212706039,0.0837395001555532
2024-06-30,2,2024,Instacart,CART,internet-retail,consumer-cyclical,32.13999938964844,14138400.0,-0.13810676855560156,0.3694077686385231,5.7644610305727,10.710759546094591
2024-09-30,3,2024,Instacart,CART,internet-retail,consumer-cyclical,40.7400016784668,2482900.0,0.2675794166812655,0.09251811955582157,-0.8243860691450235,0.18793359169417734
2024-12-31,4,2024,Instacart,CART,internet-retail,consumer-cyclical,41.41999816894531,1749600.0,0.01669112573546916,0.2887367441047852,-0.2953401264650207,-0.8762519096927517
2025-03-31,1,2025,Instacart,CART,internet-retail,consumer-cyclical,39.88999938964844,2888300.0,-0.0369386491292506,-0.02086407103089616,0.6508344764517604,0.16327681340368128
2025-06-30,2,2025,Instacart,CART,internet-retail,consumer-cyclical,45.2400016784668,2901500.0,0.1341188862040119,0.09222606659566535,0.004570162379254228,0.6583790580704161
2025-09-30,3,2025,Instacart,CART,internet-retail,consumer-cyclical,36.7599983215332,21518900.0,-0.18744480641719075,-0.07846580887457921,6.416474237463381,6.450368729010145
2025-12-31,4,2025,Instacart,CART,internet-retail,consumer-cyclical,44.959999084472656,2330600.0,0.22306858371470795,-0.006189270194643104,-0.8916952074687833,-0.19676029639841464
2015-06-30,2,2015,Etsy,ETSY,internet-retail,consumer-cyclical,14.050000190734863,1508100.0,0.0,0.0,0.0,0.0
2015-09-30,3,2015,Etsy,ETSY,internet-retail,consumer-cyclical,13.6899995803833,500800.0,-0.02562281889426321,0.0,-0.6679265300709503,0.0
2015-12-31,4,2015,Etsy,ETSY,internet-retail,consumer-cyclical,8.260000228881836,1213000.0,-0.3966398479136719,-0.412099635818595,1.4221246006389778,-0.19567667926530075
2016-03-31,1,2016,Etsy,ETSY,internet-retail,consumer-cyclical,8.699999809265137,683400.0,0.053268712856060496,-0.3644996292233963,-0.43660346248969495,0.36461661341853024
2016-06-30,2,2016,Etsy,ETSY,internet-retail,consumer-cyclical,9.59000015258789,746900.0,0.10229889227985267,0.16101693545426188,0.09291776412057362,-0.3842539159109646
2016-09-30,3,2016,Etsy,ETSY,internet-retail,consumer-cyclical,14.279999732971191,1482300.0,0.4890510433534967,0.6413793156367185,0.9846030258401393,1.16900790166813
2016-12-31,4,2016,Etsy,ETSY,internet-retail,consumer-cyclical,11.779999732971191,960300.0,-0.17507003128492593,0.2283628306087484,-0.35215543412264727,0.2857142857142858
2017-03-31,1,2017,Etsy,ETSY,internet-retail,consumer-cyclical,10.630000114440918,2320900.0,-0.09762305981311059,-0.2556022189624251,1.4168489013849839,0.5657424273089118
2017-06-30,2,2017,Etsy,ETSY,internet-retail,consumer-cyclical,15.0,856900.0,0.41110064332195173,0.273344680816614,-0.6307897798267914,-0.10767468499427257
2017-09-30,3,2017,Etsy,ETSY,internet-retail,consumer-cyclical,16.8799991607666,1432000.0,0.12533327738444,0.5879585116687838,0.6711401563776402,-0.38299797492352106
2017-12-31,4,2017,Etsy,ETSY,internet-retail,consumer-cyclical,20.450000762939453,1285900.0,0.211492996425642,0.3633333841959636,-0.10202513966480442,0.5006418485237485
2018-03-31,1,2018,Etsy,ETSY,internet-retail,consumer-cyclical,28.059999465942383,3556000.0,0.3721270620583135,0.6623223258897393,1.7653783342406095,1.483240223463687
2018-06-30,2,2018,Etsy,ETSY,internet-retail,consumer-cyclical,42.18999862670898,2440100.0,0.5035637715502017,1.0630805404744956,-0.3138076490438695,0.897581460455712
2018-09-30,3,2018,Etsy,ETSY,internet-retail,consumer-cyclical,51.380001068115234,1523100.0,0.21782419389765972,0.8310763380618496,-0.3758042703167903,-0.571681664791901
2018-12-31,4,2018,Etsy,ETSY,internet-retail,consumer-cyclical,47.56999969482422,1527000.0,-0.07415339225548168,0.1275183987493509,0.0025605672641324517,-0.37420597516495224
2019-03-31,1,2019,Etsy,ETSY,internet-retail,consumer-cyclical,67.22000122070312,1219100.0,0.4130755024582624,0.3082911604378631,-0.20163719711853312,-0.19959293546057388
2019-06-30,2,2019,Etsy,ETSY,internet-retail,consumer-cyclical,61.369998931884766,16253800.0,-0.08702770280546523,0.2900987875886414,12.332622426380116,9.644269810085135
2019-09-30,3,2019,Etsy,ETSY,internet-retail,consumer-cyclical,56.5,2507500.0,-0.07935471755979706,-0.1594763615892566,-0.84572838351647,1.0568452136822244
2019-12-31,4,2019,Etsy,ETSY,internet-retail,consumer-cyclical,44.29999923706055,2325000.0,-0.21592921704317614,-0.2781489325716039,-0.07278165503489531,-0.85695652708905
2020-03-31,1,2020,Etsy,ETSY,internet-retail,consumer-cyclical,38.43999862670898,2831700.0,-0.13227992576237346,-0.3196460420051509,0.21793548387096773,0.1292921236291127
2020-06-30,2,2020,Etsy,ETSY,internet-retail,consumer-cyclical,106.2300033569336,4232900.0,1.763527761500038,1.3979685143665548,0.49482642935339194,0.8206021505376344
2020-09-30,3,2020,Etsy,ETSY,internet-retail,consumer-cyclical,121.62999725341795,2525400.0,0.14496840261541055,2.1641519666680398,-0.4033877483521935,-0.1081682381608221
2020-12-31,4,2020,Etsy,ETSY,internet-retail,consumer-cyclical,177.91000366210938,2076900.0,0.4627148538976875,0.6747622897490688,-0.17759562841530052,-0.5093434761038531
2021-03-31,1,2021,Etsy,ETSY,internet-retail,consumer-cyclical,201.6699981689453,2512600.0,0.13355063806283463,0.6580613559397095,0.20978381241273047,-0.005068503999366425
2021-06-30,2,2021,Etsy,ETSY,internet-retail,consumer-cyclical,205.83999633789065,3117100.0,0.020677335284408516,0.15698944466791498,0.2405874393058982,0.5008426019548364
2021-09-30,3,2021,Etsy,ETSY,internet-retail,consumer-cyclical,207.9600067138672,1996800.0,0.01029931215358415,0.031189609768591087,-0.359404574765006,-0.2052853617766457
2021-12-31,4,2021,Etsy,ETSY,internet-retail,consumer-cyclical,218.94000244140625,1298800.0,0.05279859286909172,0.06364169421190469,-0.3495592948717948,-0.5833306599082481
2022-03-31,1,2022,Etsy,ETSY,internet-retail,consumer-cyclical,124.27999877929688,3805900.0,-0.43235590849800387,-0.40238509921624444,1.93032029565753,0.9059995993589745
2022-06-30,2,2022,Etsy,ETSY,internet-retail,consumer-cyclical,73.20999908447266,3714000.0,-0.4109269407502737,-0.6656161584538876,-0.024146719566988106,1.8595626732368342
2022-09-30,3,2022,Etsy,ETSY,internet-retail,consumer-cyclical,100.12999725341795,2848300.0,0.36770930891399023,-0.1943192932337069,-0.23309100700053853,-0.25160934338789775
2022-12-31,4,2022,Etsy,ETSY,internet-retail,consumer-cyclical,119.77999877929688,2153700.0,0.1962449022758579,0.6361152885835972,-0.24386476143664637,-0.4201130856219709
2023-03-31,1,2023,Etsy,ETSY,internet-retail,consumer-cyclical,111.33000183105467,2673400.0,-0.07054597624276082,0.11185463781938143,0.24130566002693032,-0.061405048625495895
2023-06-30,2,2023,Etsy,ETSY,internet-retail,consumer-cyclical,84.61000061035156,3067300.0,-0.24000719286119476,-0.2936216273782781,0.1473404653250543,0.42420021358592197
2023-09-30,3,2023,Etsy,ETSY,internet-retail,consumer-cyclical,64.58000183105469,3272900.0,-0.2367332305260179,-0.41992274527170104,0.06702963518403804,0.22424627814767706
2023-12-31,4,2023,Etsy,ETSY,internet-retail,consumer-cyclical,81.05000305175781,2397100.0,0.2550325294785478,-0.04207537564014863,-0.2675914326743867,-0.21849835360088676
2024-03-31,1,2024,Etsy,ETSY,internet-retail,consumer-cyclical,68.72000122070312,2244400.0,-0.15212833271802417,0.06410652326209187,-0.06370197321763793,-0.31424730361453146
2024-06-30,2,2024,Etsy,ETSY,internet-retail,consumer-cyclical,58.97999954223633,4395800.0,-0.14173459699433832,-0.2723010817831527,0.9585635359116023,0.833799174001919
2024-09-30,3,2024,Etsy,ETSY,internet-retail,consumer-cyclical,55.52999877929688,3076700.0,-0.05849441827256807,-0.19193833246662573,-0.3000818963556122,0.37083407592229545
2024-12-31,4,2024,Etsy,ETSY,internet-retail,consumer-cyclical,52.88999938964844,3910100.0,-0.04754185931357713,-0.10325534418200133,0.2708746384112848,-0.11049183311342647
2025-03-31,1,2025,Etsy,ETSY,internet-retail,consumer-cyclical,47.18000030517578,3099000.0,-0.10795990074430228,-0.1503691456451861,-0.20743714994501417,0.007248025481847442
2025-06-30,2,2025,Etsy,ETSY,internet-retail,consumer-cyclical,50.15999984741211,4032500.0,0.06316234681985389,-0.05161655461789705,0.3012262020006453,0.03130354722385609
2025-09-30,3,2025,Etsy,ETSY,internet-retail,consumer-cyclical,66.38999938964844,16708600.0,0.32356458515965647,0.4071640305259867,3.143484190948543,4.391610196837689
2025-12-31,4,2025,Etsy,ETSY,internet-retail,consumer-cyclical,55.36000061035156,2432300.0,-0.1661394619777128,0.10366827708847648,-0.85442825850161,-0.3968257904525728
2015-06-30,2,2015,Shopify,SHOP,software-application,technology,3.3949999809265137,4733000.0,0.0,0.0,0.0,0.0
2015-09-30,3,2015,Shopify,SHOP,software-application,technology,3.5199999809265137,2999000.0,0.03681885145869335,0.0,-0.3663638284386225,0.0
2015-12-31,4,2015,Shopify,SHOP,software-application,technology,2.5799999237060547,2349000.0,-0.26704547224828046,-0.2400589283650132,-0.21673891297099035,-0.5036974434819353
2016-03-31,1,2016,Shopify,SHOP,software-application,technology,2.821000099182129,5311000.0,0.09341092348944269,-0.19857951293522402,1.2609621115368244,0.7709236412137379
2016-06-30,2,2016,Shopify,SHOP,software-application,technology,3.075999975204468,9006000.0,0.09039343036402925,0.19224808766115453,0.695725852005272,2.83397190293742
2016-09-30,3,2016,Shopify,SHOP,software-application,technology,4.291999816894531,3848000.0,0.3953185472991536,0.521446177240078,-0.5727292915833888,-0.2754660139333459
2016-12-31,4,2016,Shopify,SHOP,software-application,technology,4.287000179290772,4069000.0,-0.0011648736759211076,0.3936931774538803,0.057432432432432456,-0.5481900954918943
2017-03-31,1,2017,Shopify,SHOP,software-application,technology,6.809000015258789,26642000.0,0.5882901167466823,0.5864399593999583,5.547554681739985,5.923596673596673
2017-06-30,2,2017,Shopify,SHOP,software-application,technology,8.6899995803833,16975000.0,0.27625195489928656,1.0270583664451691,-0.3628481345244351,3.1717866797739003
2017-09-30,3,2017,Shopify,SHOP,software-application,technology,11.64900016784668,8671000.0,0.3405064131582918,0.7108239303483006,-0.4891899852724595,-0.6745364462127468
2017-12-31,4,2017,Shopify,SHOP,software-application,technology,10.100000381469728,7758000.0,-0.13297276710944406,0.1622555660726781,-0.10529350709260754,-0.5429749631811487
2018-03-31,1,2018,Shopify,SHOP,software-application,technology,12.458999633789062,29666000.0,0.23356427358630039,0.06953381872017883,2.8239236916731114,2.421289355322339
2018-06-30,2,2018,Shopify,SHOP,software-application,technology,14.58899974822998,12050000.0,0.17096076547464656,0.4444553660607906,-0.5938110968785815,0.5532353699407064
2018-09-30,3,2018,Shopify,SHOP,software-application,technology,16.445999145507812,7894000.0,0.1272876433837169,0.32000960180670734,-0.34489626556016595,-0.7339041326771388
2018-12-31,4,2018,Shopify,SHOP,software-application,technology,13.845000267028809,16842000.0,-0.1581538984324623,-0.050997292072161304,1.1335191284519888,0.39767634854771794
2019-03-31,1,2019,Shopify,SHOP,software-application,technology,20.66200065612793,8101000.0,0.4923799391563375,0.2563542338363618,-0.5190001187507423,0.02622244742842672
2019-06-30,2,2019,Shopify,SHOP,software-application,technology,30.01499938964844,15009000.0,0.452666655527697,1.1679305749908648,0.8527342303419332,-0.10883505521909509
2019-09-30,3,2019,Shopify,SHOP,software-application,technology,31.166000366210938,20602000.0,0.03834752623581439,0.5083728282124382,0.37264308081817576,1.5431428218738428
2019-12-31,4,2019,Shopify,SHOP,software-application,technology,39.757999420166016,11222000.0,0.2756850077968367,0.3246043721019609,-0.45529560236870203,-0.2523152775001666
2020-03-31,1,2020,Shopify,SHOP,software-application,technology,41.69300079345703,19501000.0,0.0486694854245997,0.33777194069018535,0.7377472821243984,-0.053441413455004416
2020-06-30,2,2020,Shopify,SHOP,software-application,technology,94.91999816894533,27491000.0,1.2766410755409412,1.3874440251840259,0.40972257832931636,1.4497415790411692
2020-09-30,3,2020,Shopify,SHOP,software-application,technology,102.2969970703125,19313000.0,0.07771806830671313,1.4535772221597005,-0.29747917500272814,-0.00964053125480746
2020-12-31,4,2020,Shopify,SHOP,software-application,technology,113.19499969482422,8184000.0,0.10653296711164573,0.1925305718332584,-0.5762439807383628,-0.7023025717507547
2021-03-31,1,2021,Shopify,SHOP,software-application,technology,110.6500015258789,13838000.0,-0.02248330911971974,0.08165444436091396,0.6908602150537635,-0.2834878061409414
2021-06-30,2,2021,Shopify,SHOP,software-application,technology,146.09800720214844,10441000.0,0.32036154710742526,0.29067545029401765,-0.2454834513658043,0.2757820136852396
2021-09-30,3,2021,Shopify,SHOP,software-application,technology,135.5780029296875,7658000.0,-0.07200648711042945,0.22528695038452762,-0.26654535006225455,-0.44659632894927015
2021-12-31,4,2021,Shopify,SHOP,software-application,technology,137.73899841308594,4713000.0,0.015939130513075606,-0.05721507739319509,-0.38456516061634893,-0.5486064553203716
2022-03-31,1,2022,Shopify,SHOP,software-application,technology,67.59600067138672,22227000.0,-0.5092457368634042,-0.5014235406134218,3.7161043921069385,1.9024549490728648
2022-06-30,2,2022,Shopify,SHOP,software-application,technology,31.239999771118164,26019600.0,-0.5378424838624809,-0.7731942287148924,0.1706303144823862,4.520814767663908
2022-09-30,3,2022,Shopify,SHOP,software-application,technology,26.940000534057617,24803900.0,-0.13764402268133047,-0.6014557034960608,-0.0467224707528171,0.1159355738516219
2022-12-31,4,2022,Shopify,SHOP,software-application,technology,34.709999084472656,13272900.0,0.2884186487150282,0.11107552300824786,-0.4648865702570967,-0.48988839182769917
2023-03-31,1,2023,Shopify,SHOP,software-application,technology,47.93999862670898,13503600.0,0.381158164540393,0.779509936018862,0.01738128065456679,-0.45558561355270744
2023-06-30,2,2023,Shopify,SHOP,software-application,technology,64.5999984741211,10880400.0,0.34751773726856716,0.8611351246914778,-0.19425930862881013,-0.18025450353728278
2023-09-30,3,2023,Shopify,SHOP,software-application,technology,54.56999969482422,13705300.0,-0.15526314266578378,0.13829789858236352,0.2596319988235727,0.01493675760537938
2023-12-31,4,2023,Shopify,SHOP,software-application,technology,77.9000015258789,9527200.0,0.42752431668544544,0.20588240504503763,-0.30485286713899007,-0.12437042755781036
2024-03-31,1,2024,Shopify,SHOP,software-application,technology,77.16999816894531,4261000.0,-0.009371031356027348,0.4141469415522945,-0.5527542194978587,-0.6890983779997519
2024-06-30,2,2024,Shopify,SHOP,software-application,technology,66.05000305175781,6650600.0,-0.14409738734012822,-0.15211807756106965,0.5608073222248298,-0.3019355109580989
2024-09-30,3,2024,Shopify,SHOP,software-application,technology,80.13999938964844,4462800.0,0.21332317466888662,0.03848647519986992,-0.32896280034884073,0.04735977470077457
2024-12-31,4,2024,Shopify,SHOP,software-application,technology,106.33000183105467,3768700.0,0.326803127537697,0.609840982864646,-0.15553016043739354,-0.43332932367004484
2025-03-31,1,2025,Shopify,SHOP,software-application,technology,95.4800033569336,15801900.0,-0.1020408002189297,0.19141507467077168,3.1929312495024806,2.540803979564399
2025-06-30,2,2025,Shopify,SHOP,software-application,technology,115.3499984741211,7107500.0,0.20810635126296928,0.08483021243052447,-0.5502123162404521,0.885928834876748
2025-09-30,3,2025,Shopify,SHOP,software-application,technology,148.61000061035156,9254600.0,0.2883398576177041,0.5564515645731778,0.30208934224410844,-0.41433625070402924
2025-12-31,4,2025,Shopify,SHOP,software-application,technology,163.74000549316406,4812400.0,0.10181013942986694,0.4195059181548175,-0.4799991355650163,-0.3229124164614844
2021-12-31,4,2021,Udemy,UDMY,education-training-services,consumer-defensive,19.540000915527344,255300.0,0.0,0.0,0.0,0.0
2022-03-31,1,2022,Udemy,UDMY,education-training-services,consumer-defensive,12.460000038146973,526600.0,-0.36233370243879015,0.0,1.0626713670191932,0.0
2022-06-30,2,2022,Udemy,UDMY,education-training-services,consumer-defensive,10.210000038146973,598900.0,-0.18057784856432602,-0.47748211055437273,0.1372958602354728,1.3458676067371718
2022-09-30,3,2022,Udemy,UDMY,education-training-services,consumer-defensive,12.09000015258789,491000.0,0.18413321326315302,-0.0296950148014693,-0.18016363332776753,-0.0676034941131789
2022-12-31,4,2022,Udemy,UDMY,education-training-services,consumer-defensive,10.550000190734863,565000.0,-0.12737799358285262,0.03330070042287647,0.1507128309572301,-0.05660377358490565
2023-03-31,1,2023,Udemy,UDMY,education-training-services,consumer-defensive,8.829999923706055,416300.0,-0.1630331977187388,-0.2696443496887819,-0.2631858407079646,-0.15213849287169046
2023-06-30,2,2023,Udemy,UDMY,education-training-services,consumer-defensive,10.729999542236328,468500.0,0.2151754965964734,0.017061549596893988,0.12539034350228206,-0.17079646017699113
2023-09-30,3,2023,Udemy,UDMY,education-training-services,consumer-defensive,9.5,539100.0,-0.11463183548095224,0.07587769899014196,0.15069370330843124,0.2949795820321883
2023-12-31,4,2023,Udemy,UDMY,education-training-services,consumer-defensive,14.729999542236328,690800.0,0.5505262676038241,0.37278659558696736,0.28139491745501766,0.47449306296691574
2024-03-31,1,2024,Udemy,UDMY,education-training-services,consumer-defensive,10.979999542236328,718600.0,-0.25458249263670174,0.15578942549856079,0.04024319629415163,0.3329623446484882
2024-06-30,2,2024,Udemy,UDMY,education-training-services,consumer-defensive,8.630000114440918,2010800.0,-0.21402545772026316,-0.41412081584282934,1.7982187586974674,1.910828025477707
2024-09-30,3,2024,Udemy,UDMY,education-training-services,consumer-defensive,7.440000057220459,1093500.0,-0.13789108243801584,-0.3224043381239401,-0.45618659240103443,0.5217088783746173
2024-12-31,4,2024,Udemy,UDMY,education-training-services,consumer-defensive,8.229999542236328,475600.0,0.10618272566398446,-0.04635000775205711,-0.56506630086877,-0.7634772229958225
2025-03-31,1,2025,Udemy,UDMY,education-training-services,consumer-defensive,7.760000228881836,1791000.0,-0.057108060692161344,0.0430107754301452,2.7657695542472664,0.6378600823045268
2025-06-30,2,2025,Udemy,UDMY,education-training-services,consumer-defensive,7.03000020980835,1087900.0,-0.09407216463171086,-0.14580794643664152,-0.3925739810161921,1.287426408746846
2025-09-30,3,2025,Udemy,UDMY,education-training-services,consumer-defensive,7.010000228881836,1683700.0,-0.0028449474153087184,-0.09664948168539811,0.547660630572663,-0.05991066443327753
2025-12-31,4,2025,Udemy,UDMY,education-training-services,consumer-defensive,5.760000228881836,2855200.0,-0.1783166846200499,-0.18065433044434231,0.6957890360515531,1.6245059288537549
2005-03-31,1,2005,Herbalife,HLF,packaged-foods,consumer-defensive,3.261713743209839,269200.0,0.0,0.0,0.0,0.0
2005-06-30,2,2005,Herbalife,HLF,packaged-foods,consumer-defensive,4.625040531158447,518800.0,0.4179786747953438,0.0,0.9271916790490342,0.0
2005-09-30,3,2005,Herbalife,HLF,packaged-foods,consumer-defensive,6.45065975189209,392400.0,0.39472502098838347,0.9776903369650161,-0.243639167309175,0.45765230312035654
2005-12-31,4,2005,Herbalife,HLF,packaged-foods,consumer-defensive,6.960034370422363,1236800.0,0.07896473199983389,0.5048591084841938,2.1518858307849134,1.3839629915188896
2006-03-31,1,2006,Herbalife,HLF,packaged-foods,consumer-defensive,7.227564334869385,587600.0,0.03843802346493108,0.12043800368627644,-0.5249029754204398,0.49745158002038736
2006-06-30,2,2006,Herbalife,HLF,packaged-foods,consumer-defensive,8.53952693939209,1038400.0,0.18152209288447851,0.22693746681510651,0.7671885636487406,-0.1604139715394567
2006-09-30,3,2006,Herbalife,HLF,packaged-foods,consumer-defensive,8.107198715209961,859200.0,-0.050626718230472045,0.12170550680493841,-0.17257318952234202,0.46221919673247114
2006-12-31,4,2006,Herbalife,HLF,packaged-foods,consumer-defensive,8.595170974731445,418000.0,0.060189996158105386,0.006516055951843791,-0.5135009310986964,-0.597457627118644
2007-03-31,1,2007,Herbalife,HLF,packaged-foods,consumer-defensive,8.387568473815918,11652400.0,-0.024153388167128753,0.03458281564999188,26.876555023923444,12.561918063314712
2007-06-30,2,2007,Herbalife,HLF,packaged-foods,consumer-defensive,8.528356552124023,2453200.0,0.016785326849803273,-0.007773483832240968,-0.789468264048608,4.868899521531101
2007-09-30,3,2007,Herbalife,HLF,packaged-foods,consumer-defensive,9.825339317321776,2480800.0,0.1520788627059375,0.17141688297320634,0.011250611446274261,-0.7870996532903093
2007-12-31,4,2007,Herbalife,HLF,packaged-foods,consumer-defensive,8.750295639038086,1202800.0,-0.10941542511294444,0.026023664179329886,-0.5151564011609158,-0.5097016142181641
2008-03-31,1,2008,Herbalife,HLF,packaged-foods,consumer-defensive,10.36696720123291,4999600.0,0.1847562218334995,0.05512561616638134,3.156634519454606,1.0153176394711383
2008-06-30,2,2008,Herbalife,HLF,packaged-foods,consumer-defensive,8.500755310058594,4722800.0,-0.18001522093678213,-0.028517931196085144,-0.05536442915433237,2.9265048220818093
2008-09-30,3,2008,Herbalife,HLF,packaged-foods,consumer-defensive,8.705513000488281,4374800.0,0.024086999679593823,-0.1602642478262145,-0.07368510205810108,-0.12496999759980798
2008-12-31,4,2008,Herbalife,HLF,packaged-foods,consumer-defensive,4.84005880355835,3014800.0,-0.44402371195277324,-0.43063191128071787,-0.31087135411904543,-0.3616498687219446
2009-03-31,1,2009,Herbalife,HLF,packaged-foods,consumer-defensive,3.390667676925659,3887200.0,-0.29945733832140975,-0.6105148913412133,0.2893724293485471,-0.11145652372679893
2009-06-30,2,2009,Herbalife,HLF,packaged-foods,consumer-defensive,7.191727638244629,4408000.0,1.1210358323188476,0.48587608748830946,0.13397818481168966,0.4621202069789041
2009-09-30,3,2009,Herbalife,HLF,packaged-foods,consumer-defensive,7.5113043785095215,1853200.0,0.04443671344913391,1.2152876938149455,-0.5795825771324864,-0.5232558139534884
2009-12-31,4,2009,Herbalife,HLF,packaged-foods,consumer-defensive,9.351798057556152,1263200.0,0.24502983587144178,0.3003548699236833,-0.3183682279300669,-0.7134301270417422
2010-03-31,1,2010,Herbalife,HLF,packaged-foods,consumer-defensive,10.685731887817385,1825200.0,0.14263928947689664,0.42262000703768177,0.44490183660544647,-0.015109000647528625
2010-06-30,2,2010,Herbalife,HLF,packaged-foods,consumer-defensive,10.714052200317385,1803600.0,0.0026502922586226774,0.14566761754019542,-0.011834319526627168,0.4278024065864472
2010-09-30,3,2010,Herbalife,HLF,packaged-foods,consumer-defensive,14.102704048156738,3009200.0,0.3162810656960371,0.3197695952146229,0.6684408959858061,0.648696033311418
2010-12-31,4,2010,Herbalife,HLF,packaged-foods,consumer-defensive,16.037757873535156,728800.0,0.13721154601066265,0.49689002570475305,-0.7578093845540343,-0.5959192725659792
2011-03-31,1,2011,Herbalife,HLF,packaged-foods,consumer-defensive,19.147388458251957,764000.0,0.19389434665603633,0.357710435734101,0.04829857299670692,-0.7461119234347999
2011-06-30,2,2011,Herbalife,HLF,packaged-foods,consumer-defensive,27.181718826293945,1700800.0,0.41960450040273933,0.6948577875182971,1.2261780104712043,1.3336992316136116
2011-09-30,3,2011,Herbalife,HLF,packaged-foods,consumer-defensive,25.37055015563965,4300200.0,-0.06663186688923739,0.3250136022965415,1.5283396048918156,4.628534031413612
2011-12-31,4,2011,Herbalife,HLF,packaged-foods,consumer-defensive,24.540632247924805,1252000.0,-0.03271186090264422,-0.09716407543051742,-0.7088507511278546,-0.2638758231420508
2012-03-31,1,2012,Herbalife,HLF,packaged-foods,consumer-defensive,32.83202362060547,2882800.0,0.3378638043598814,0.29409978968497863,1.302555910543131,-0.32961257615924844
2012-06-30,2,2012,Herbalife,HLF,packaged-foods,consumer-defensive,23.208194732666016,4076200.0,-0.2931232323401325,-0.05429515840495358,0.41397252671014284,2.255750798722045
2012-09-30,3,2012,Herbalife,HLF,packaged-foods,consumer-defensive,22.89482307434082,3260000.0,-0.013502629650212206,-0.30266792754218275,-0.2002355134684265,0.13084501179408914
2012-12-31,4,2012,Herbalife,HLF,packaged-foods,consumer-defensive,16.014554977416992,32691000.0,-0.30051632522265836,-0.30996119422954627,9.027914110429448,7.019969579510327
2013-03-31,1,2013,Herbalife,HLF,packaged-foods,consumer-defensive,18.34378433227539,4572200.0,0.14544452581685685,-0.19878025382803544,-0.860138876143281,0.4025153374233128
2013-06-30,2,2013,Herbalife,HLF,packaged-foods,consumer-defensive,22.260406494140625,5399600.0,0.21351222250111412,0.3900109322757488,0.1809632124578977,-0.8348291578721972
2013-09-30,3,2013,Herbalife,HLF,packaged-foods,consumer-defensive,34.5626106262207,11095400.0,0.5526495724738116,0.8841592334580999,1.0548559152529817,1.4267092428152748
2013-12-31,4,2013,Herbalife,HLF,packaged-foods,consumer-defensive,39.174537658691406,2007600.0,0.13343688306264379,0.7598302919132636,-0.8190601510535898,-0.6281946810874879
2014-03-31,1,2014,Herbalife,HLF,packaged-foods,consumer-defensive,28.63500022888184,4998400.0,-0.2690405058927664,-0.1715035493540502,1.4897389918310422,-0.5495070029021036
2014-06-30,2,2014,Herbalife,HLF,packaged-foods,consumer-defensive,32.27000045776367,1988600.0,0.12694255979839308,-0.1762506366018558,-0.6021526888604354,-0.009464036660689401
2014-09-30,3,2014,Herbalife,HLF,packaged-foods,consumer-defensive,21.875,3832200.0,-0.3221258230649573,-0.23607473982359417,0.9270843809715377,-0.23331466069142126
2014-12-31,4,2014,Herbalife,HLF,packaged-foods,consumer-defensive,18.850000381469727,2937600.0,-0.13828569684709824,-0.41586612599707284,-0.23344293095349933,0.4772201548828321
2015-03-31,1,2015,Herbalife,HLF,packaged-foods,consumer-defensive,21.3799991607666,2576600.0,0.13421743915633866,-0.022628609793526766,-0.1228894335511983,-0.3276446949532905
2015-06-30,2,2015,Herbalife,HLF,packaged-foods,consumer-defensive,27.545000076293945,2390200.0,0.2883536556372013,0.4612731840245339,-0.07234339827679892,-0.18634259259259256
2015-09-30,3,2015,Herbalife,HLF,packaged-foods,consumer-defensive,27.25,2754800.0,-0.010709750425734521,0.2745557095252442,0.15253953644046514,0.06916090972599553
2015-12-31,4,2015,Herbalife,HLF,packaged-foods,consumer-defensive,26.809999465942383,1273000.0,-0.01614680858927031,-0.02668363072484159,-0.537897488020909,-0.46740858505564387
2016-03-31,1,2016,Herbalife,HLF,packaged-foods,consumer-defensive,30.780000686645508,3938200.0,0.14807912345340957,0.12954130960166998,2.0936370777690496,0.4295774647887325
2016-06-30,2,2016,Herbalife,HLF,packaged-foods,consumer-defensive,29.26499938964844,2692600.0,-0.04922031394412474,0.09157030856433712,-0.31628662840891775,1.11516103692066
2016-09-30,3,2016,Herbalife,HLF,packaged-foods,consumer-defensive,30.9950008392334,2312400.0,0.05911503453497047,0.006985060032216772,-0.14120181237465645,-0.4128281956223655
2016-12-31,4,2016,Herbalife,HLF,packaged-foods,consumer-defensive,24.06999969482422,1935000.0,-0.2234231636362316,-0.17751579713552934,-0.16320705760249088,-0.2813637376513407
2017-03-31,1,2017,Herbalife,HLF,packaged-foods,consumer-defensive,29.06999969482422,1041000.0,0.20772746420412935,-0.062106826658721026,-0.462015503875969,-0.5498183705241309
2017-06-30,2,2017,Herbalife,HLF,packaged-foods,consumer-defensive,35.665000915527344,1582600.0,0.22686622944400425,0.48172004020408865,0.5202689721421709,-0.18211886304909564
2017-09-30,3,2017,Herbalife,HLF,packaged-foods,consumer-defensive,33.915000915527344,1075400.0,-0.049067712184975965,0.16666671040817915,-0.320485277391634,0.033045148895292975
2017-12-31,4,2017,Herbalife,HLF,packaged-foods,consumer-defensive,33.86000061035156,1229000.0,-0.0016217102665799787,-0.050609848838948035,0.14283057466989035,-0.22342979906483007
2018-03-31,1,2018,Herbalife,HLF,packaged-foods,consumer-defensive,48.73500061035156,1513600.0,0.4393089111596904,0.43697476912168276,0.2315703824247355,0.40747628789287704
2018-06-30,2,2018,Herbalife,HLF,packaged-foods,consumer-defensive,53.720001220703125,1111100.0,0.10228789469416211,0.5865327894967618,-0.2659223044397463,-0.09593165174938978
2018-09-30,3,2018,Herbalife,HLF,packaged-foods,consumer-defensive,54.54999923706055,708200.0,0.015450446714389665,0.11931873507505086,-0.36261362613626136,-0.5321088794926004
2018-12-31,4,2018,Herbalife,HLF,packaged-foods,consumer-defensive,58.95000076293945,1013800.0,0.08065997410481351,0.09735665345109368,0.4315165207568483,-0.0875708757087571
2019-03-31,1,2019,Herbalife,HLF,packaged-foods,consumer-defensive,52.9900016784668,1332200.0,-0.10110261250784536,-0.028597572509843516,0.31406589070822655,0.8811070319118892
2019-06-30,2,2019,Herbalife,HLF,packaged-foods,consumer-defensive,42.7599983215332,2751400.0,-0.19305535068685786,-0.2746395628816436,1.0653055096832307,1.7139475241665023
2019-09-30,3,2019,Herbalife,HLF,packaged-foods,consumer-defensive,37.86000061035156,1417700.0,-0.1145930286137099,-0.2855255819752789,-0.48473504397761136,0.06417955261972685
2019-12-31,4,2019,Herbalife,HLF,packaged-foods,consumer-defensive,47.66999816894531,1548400.0,0.25911245114749226,0.11482694200526944,0.09219157790787902,-0.4372319546412735
2020-03-31,1,2020,Herbalife,HLF,packaged-foods,consumer-defensive,29.15999984741211,938900.0,-0.3882945045630727,-0.22979399426001923,-0.3936321363988633,-0.337730126260845
2020-06-30,2,2020,Herbalife,HLF,packaged-foods,consumer-defensive,44.97999954223633,912500.0,0.5425239978603158,-0.056429593665505706,-0.02811801043774631,-0.41068199431671404
2020-09-30,3,2020,Herbalife,HLF,packaged-foods,consumer-defensive,46.650001525878906,978000.0,0.037127656750517435,0.5997942993823095,0.07178082191780821,0.041644477580147
2020-12-31,4,2020,Herbalife,HLF,packaged-foods,consumer-defensive,48.04999923706055,368300.0,0.030010668068360058,0.06825255060177327,-0.6234151329243354,-0.5963835616438355
2021-03-31,1,2021,Herbalife,HLF,packaged-foods,consumer-defensive,44.36000061035156,1003700.0,-0.07679497784180855,-0.04908897836277615,1.7252240021721423,0.026278118609406986
2021-06-30,2,2021,Herbalife,HLF,packaged-foods,consumer-defensive,52.72999954223633,900800.0,0.18868347197298263,0.09739855108189333,-0.1025206735080203,1.4458322020092318
2021-09-30,3,2021,Herbalife,HLF,packaged-foods,consumer-defensive,42.380001068115234,1334700.0,-0.19628292364825117,-0.04463479519822844,0.48168294849023097,0.329779814685663
2021-12-31,4,2021,Herbalife,HLF,packaged-foods,consumer-defensive,40.93000030517578,941000.0,-0.034214269145697807,-0.2237815160155432,-0.2949726530306436,0.04462699822380101
2022-03-31,1,2022,Herbalife,HLF,packaged-foods,consumer-defensive,30.36000061035156,1341300.0,-0.25824577610588484,-0.2836243547621562,0.4253985122210415,0.00494493144526853
2022-06-30,2,2022,Herbalife,HLF,packaged-foods,consumer-defensive,20.450000762939453,1380000.0,-0.32641632569774015,-0.5003664644401808,0.028852605681055632,0.46652497343251853
2022-09-30,3,2022,Herbalife,HLF,packaged-foods,consumer-defensive,19.88999938964844,999400.0,-0.02738392921265198,-0.34486169335363126,-0.2757971014492754,-0.2549019607843137
2022-12-31,4,2022,Herbalife,HLF,packaged-foods,consumer-defensive,14.880000114440918,920600.0,-0.2518853408218267,-0.27237165969170907,-0.07884730838503107,-0.3328985507246377
2023-03-31,1,2023,Herbalife,HLF,packaged-foods,consumer-defensive,16.100000381469727,1105400.0,0.08198926462673928,-0.19054797005932456,0.2007386487073648,0.10606363818290965
2023-06-30,2,2023,Herbalife,HLF,packaged-foods,consumer-defensive,13.239999771118164,956700.0,-0.17763978525387347,-0.11021507598855107,-0.13452144020264156,0.039213556376276326
2023-09-30,3,2023,Herbalife,HLF,packaged-foods,consumer-defensive,13.989999771118164,1944200.0,0.05664652665901526,-0.13105593542594351,1.032194000209052,0.758820336529763
2023-12-31,4,2023,Herbalife,HLF,packaged-foods,consumer-defensive,15.260000228881836,702900.0,0.09077916215449422,0.15256801304257706,-0.6384631210780785,-0.2652869238005644
2024-03-31,1,2024,Herbalife,HLF,packaged-foods,consumer-defensive,10.050000190734863,1982200.0,-0.3414154626476523,-0.28162971013890103,1.8200312989045382,0.019545314268079483
2024-06-30,2,2024,Herbalife,HLF,packaged-foods,consumer-defensive,10.390000343322754,2087700.0,0.03383086031195681,-0.31913498116087036,0.05322369084855216,1.9701237729406742
2024-09-30,3,2024,Herbalife,HLF,packaged-foods,consumer-defensive,7.190000057220459,1313400.0,-0.30798846779238176,-0.2845771223120026,-0.37088662164104036,-0.3374028856825749
2024-12-31,4,2024,Herbalife,HLF,packaged-foods,consumer-defensive,6.690000057220459,1663000.0,-0.06954102865380118,-0.3561116615823926,0.2661793817572713,-0.20342961153422423
2025-03-31,1,2025,Herbalife,HLF,packaged-foods,consumer-defensive,8.630000114440918,2141200.0,0.289985058389743,0.2002781704812866,0.2875526157546602,0.630272574996193
2025-06-30,2,2025,Herbalife,HLF,packaged-foods,consumer-defensive,8.619999885559082,1302200.0,-0.0011587750578475609,0.28849025587908494,-0.39183635344666545,-0.2169573060733614
2025-09-30,3,2025,Herbalife,HLF,packaged-foods,consumer-defensive,8.4399995803833,1226600.0,-0.020881706214095463,-0.02201628407161682,-0.05805559821839967,-0.4271436577620026
2025-12-31,4,2025,Herbalife,HLF,packaged-foods,consumer-defensive,12.84000015258789,1851500.0,0.5213271079339041,0.48955920221048865,0.5094570357084625,0.42182460451543546
2010-06-30,2,2010,Primerica,PRI,insurance-life,financial-services,17.888917922973633,179200.0,0.0,0.0,0.0,0.0
2010-09-30,3,2010,Primerica,PRI,insurance-life,financial-services,16.979188919067383,161500.0,-0.05085433382965776,0.0,-0.0987723214285714,0.0
2010-12-31,4,2010,Primerica,PRI,insurance-life,financial-services,20.25223922729492,41700.0,0.1927683544737493,0.13211091439388944,-0.7417956656346749,-0.7672991071428572
2011-03-31,1,2011,Primerica,PRI,insurance-life,financial-services,21.31284523010254,88700.0,0.05236981406866814,0.2552334114245305,1.1270983213429258,-0.4507739938080495
2011-06-30,2,2011,Primerica,PRI,insurance-life,financial-services,18.381704330444336,252300.0,-0.1375293100481123,-0.09236188037565607,1.8444193912063134,5.0503597122302155
2011-09-30,3,2011,Primerica,PRI,insurance-life,financial-services,18.06631851196289,338100.0,-0.017157593921206415,-0.15232723191524944,0.34007134363852565,2.811724915445321
2011-12-31,4,2011,Primerica,PRI,insurance-life,financial-services,19.500078201293945,210300.0,0.07936092172744935,0.06084168533803069,-0.3779946761313221,-0.16646848989298457
2012-03-31,1,2012,Primerica,PRI,insurance-life,financial-services,21.177881240844727,292800.0,0.08604083646389937,0.17223003827932448,0.39229671897289586,-0.13398402839396628
2012-06-30,2,2012,Primerica,PRI,insurance-life,financial-services,22.501728057861328,303300.0,0.06251082447583878,0.1539301445656871,0.03586065573770503,0.442225392296719
2012-09-30,3,2012,Primerica,PRI,insurance-life,financial-services,24.16691780090332,266500.0,0.0740027494226263,0.14113954677835228,-0.12133201450708864,-0.08982240437158473
2012-12-31,4,2012,Primerica,PRI,insurance-life,financial-services,25.403711318969727,290200.0,0.05117713099600052,0.1289671288198928,0.08893058161350842,-0.04319155951203424
2013-03-31,1,2013,Primerica,PRI,insurance-life,financial-services,27.842405319213867,242800.0,0.09599754813868833,0.15208755823107745,-0.16333563059958645,-0.08893058161350842
2013-06-30,2,2013,Primerica,PRI,insurance-life,financial-services,31.90200424194336,1230500.0,0.1458063294527212,0.2558009277219726,4.067957166392092,3.2401791867677465
2013-09-30,3,2013,Primerica,PRI,insurance-life,financial-services,34.470970153808594,305400.0,0.08052678735738095,0.2380744320973014,-0.75180820804551,0.25782537067545297
2013-12-31,4,2013,Primerica,PRI,insurance-life,financial-services,36.76253890991211,180300.0,0.06647822053973518,0.15235828542641627,-0.40962671905697445,-0.853474197480699
2014-03-31,1,2014,Primerica,PRI,insurance-life,financial-services,40.47079086303711,215500.0,0.10087039859276858,0.17405430373608488,0.19523017193566283,-0.2943680419122462
2014-06-30,2,2014,Primerica,PRI,insurance-life,financial-services,41.22085952758789,253700.0,0.018533580603581346,0.12127346885918433,0.17726218097447788,0.40709927897947873
2014-09-30,3,2014,Primerica,PRI,insurance-life,financial-services,41.64392852783203,305000.0,0.010263468668356923,0.028987268095775676,0.20220733149389036,0.4153132250580047
2014-12-31,4,2014,Primerica,PRI,insurance-life,financial-services,46.969722747802734,249300.0,0.12788885218673096,0.13946490408253864,-0.18262295081967217,-0.017343318880567615
2015-03-31,1,2015,Primerica,PRI,insurance-life,financial-services,44.19036102294922,272100.0,-0.05917347521459526,0.06114774914704113,0.09145607701564384,-0.10786885245901634
2015-06-30,2,2015,Primerica,PRI,insurance-life,financial-services,39.80586242675781,282800.0,-0.09921843801897023,-0.15252081345061907,0.03932377802278575,0.13437625350982763
2015-09-30,3,2015,Primerica,PRI,insurance-life,financial-services,39.41000747680664,524400.0,-0.00994463945303381,-0.10817638587881218,0.8543140028288543,0.9272326350606395
2015-12-31,4,2015,Primerica,PRI,insurance-life,financial-services,41.43133544921875,281200.0,0.05128971298982088,0.040835015833453836,-0.46376811594202894,-0.005657708628005631
2016-03-31,1,2016,Primerica,PRI,insurance-life,financial-services,39.223106384277344,263500.0,-0.05329852492078058,-0.004742477976927284,-0.06294452347083923,-0.49752097635392833
2016-06-30,2,2016,Primerica,PRI,insurance-life,financial-services,50.58598327636719,629400.0,0.28969854607550083,0.22095951597720132,1.3886148007590133,1.2382645803698433
2016-09-30,3,2016,Primerica,PRI,insurance-life,financial-services,47.01713562011719,595000.0,-0.07055012920777404,0.19871014701079615,-0.054655227200508416,1.2580645161290325
2016-12-31,4,2016,Primerica,PRI,insurance-life,financial-services,61.46628189086914,185600.0,0.3073166002177641,0.21508524515693317,-0.6880672268907563,-0.7051159834763266
2017-03-31,1,2017,Primerica,PRI,insurance-life,financial-services,73.2395248413086,294200.0,0.1915398587365731,0.5577198371474517,0.5851293103448276,-0.5055462184873949
2017-06-30,2,2017,Primerica,PRI,insurance-life,financial-services,67.65299987792969,155600.0,-0.07627746050351203,0.10065222422343378,-0.4711080897348743,-0.16163793103448276
2017-09-30,3,2017,Primerica,PRI,insurance-life,financial-services,73.01543426513672,217800.0,0.07926380791513732,-0.0030596945659795427,0.39974293059125965,-0.25968728755948334
2017-12-31,4,2017,Primerica,PRI,insurance-life,financial-services,91.10659790039062,181100.0,0.2477717734247873,0.34667491559546004,-0.16850321395775936,0.16388174807197942
2018-03-31,1,2018,Primerica,PRI,insurance-life,financial-services,86.88880157470703,321600.0,-0.04629517974422692,0.19000595489431404,0.7758144671452236,0.47658402203856753
2018-06-30,2,2018,Primerica,PRI,insurance-life,financial-services,89.81714630126953,208600.0,0.033702211027098805,-0.01415321863440544,-0.3513681592039801,0.15184980673660964
2018-09-30,3,2018,Primerica,PRI,insurance-life,financial-services,108.93966674804688,226700.0,0.21290501017072572,0.25378259077932497,0.08676893576222433,-0.29508706467661694
2018-12-31,4,2018,Primerica,PRI,insurance-life,financial-services,88.48662567138672,221500.0,-0.18774649939001076,-0.014813659581433436,-0.022937803264225898,0.061840843720038396
2019-03-31,1,2019,Primerica,PRI,insurance-life,financial-services,110.93462371826172,177200.0,0.25368803337851586,0.018312493784552686,-0.19999999999999996,-0.2183502426113807
2019-06-30,2,2019,Primerica,PRI,insurance-life,financial-services,109.2376708984375,5086600.0,-0.015296872725091948,0.2345105270949539,27.705417607223477,21.96433408577878
2019-09-30,3,2019,Primerica,PRI,insurance-life,financial-services,116.20236206054688,133000.0,0.06375722866322109,0.047485069725963225,-0.9738528683206857,-0.24943566591422117
2019-12-31,4,2019,Primerica,PRI,insurance-life,financial-services,119.55378723144533,146100.0,0.028841282668180312,0.0944373515854171,0.09849624060150375,-0.9712774741477608
2020-03-31,1,2020,Primerica,PRI,insurance-life,financial-services,81.2594223022461,447100.0,-0.32031076401674174,-0.3007076546352291,2.0602327173169064,2.361654135338346
2020-06-30,2,2020,Primerica,PRI,insurance-life,financial-services,107.4863052368164,168500.0,0.32275497648775886,-0.10093768063798236,-0.6231268172668307,0.15331964407939758
2020-09-30,3,2020,Primerica,PRI,insurance-life,financial-services,104.6171417236328,522800.0,-0.026693293688551334,0.2874462894223784,2.1026706231454004,0.1693133527175128
2020-12-31,4,2020,Primerica,PRI,insurance-life,financial-services,124.22382354736328,118300.0,0.18741366377152113,0.15571768211466908,-0.7737184391736802,-0.29792284866468843
2021-03-31,1,2021,Primerica,PRI,insurance-life,financial-services,137.5561981201172,221200.0,0.10732542431903669,0.3148533390780215,0.8698224852071006,-0.576893649579189
2021-06-30,2,2021,Primerica,PRI,insurance-life,financial-services,142.93113708496094,104400.0,0.03907449492134285,0.15059360598786475,-0.5280289330922242,-0.11749788672865591
2021-09-30,3,2021,Primerica,PRI,insurance-life,financial-services,143.83863830566406,121700.0,0.0063492199055528165,0.045671807387849706,0.16570881226053635,-0.44981916817359857
2021-12-31,4,2021,Primerica,PRI,insurance-life,financial-services,143.92208862304688,63000.0,0.000580166208230315,0.006933069716620999,-0.4823336072308957,-0.39655172413793105
2022-03-31,1,2022,Primerica,PRI,insurance-life,financial-services,128.99562072753906,152800.0,-0.10371214063327294,-0.10319214470442128,1.4253968253968252,0.25554642563681185
2022-06-30,2,2022,Primerica,PRI,insurance-life,financial-services,113.34845733642578,99400.0,-0.12129995811379346,-0.21243182043235864,-0.34947643979057597,0.5777777777777777
2022-09-30,3,2022,Primerica,PRI,insurance-life,financial-services,117.38127899169922,180300.0,0.03557897257748954,-0.09003671341968522,0.8138832997987928,0.17997382198952883
2022-12-31,4,2022,Primerica,PRI,insurance-life,financial-services,135.3682403564453,78700.0,0.15323534995744992,0.1942662788489775,-0.5635052689961175,-0.20824949698189132
2023-03-31,1,2023,Primerica,PRI,insurance-life,financial-services,165.03347778320312,250000.0,0.21914473696817427,0.4059608073862757,2.1766200762388817,0.3865779256794233
2023-06-30,2,2023,Primerica,PRI,insurance-life,financial-services,190.14767456054688,101700.0,0.15217637727016275,0.4046697664079766,-0.5932,0.29224904701397714
2023-09-30,3,2023,Primerica,PRI,insurance-life,financial-services,187.13937377929688,129100.0,-0.015820865483643365,0.13394794979194002,0.2694198623402164,-0.48360000000000003
2023-12-31,4,2023,Primerica,PRI,insurance-life,financial-services,199.0907745361328,74900.0,0.06386363551120366,0.04703239204084131,-0.4198295894655306,-0.2635201573254671
2024-03-31,1,2024,Primerica,PRI,insurance-life,financial-services,245.50802612304688,146100.0,0.2331461701078963,0.311899367647704,0.9506008010680909,0.13168086754453912
2024-06-30,2,2024,Primerica,PRI,insurance-life,financial-services,230.36805725097656,711100.0,-0.06166791819865913,0.15710061296269284,3.8672142368240934,8.493991989319092
2024-09-30,3,2024,Primerica,PRI,insurance-life,financial-services,259.0872802734375,134900.0,0.12466668931957225,0.05531083592185615,-0.8102939108423569,-0.07665982203969879
2024-12-31,4,2024,Primerica,PRI,insurance-life,financial-services,266.02667236328125,139900.0,0.026783993727982347,0.15478975487237845,0.03706449221645669,-0.803262550977359
2025-03-31,1,2025,Primerica,PRI,insurance-life,financial-services,279.9161071777344,325600.0,0.05221068508305793,0.08039308947283863,1.327376697641172,1.413639733135656
2025-06-30,2,2025,Primerica,PRI,insurance-life,financial-services,270.26531982421875,401500.0,-0.03447742772225604,0.015933167239521318,0.23310810810810811,1.8699070764832024
2025-09-30,3,2025,Primerica,PRI,insurance-life,financial-services,275.2161560058594,145800.0,0.018318429404337477,-0.016790570643691938,-0.6368617683686177,-0.5522113022113022
2025-12-31,4,2025,Primerica,PRI,insurance-life,financial-services,259.3033142089844,187100.0,-0.05781943192512362,-0.04056016370270554,0.28326474622770914,-0.5339975093399751
