filed_date,fiscal_year,form,fiscal_period,company,ticker,category,Assets,CommonStockSharesOutstanding,IncomeTaxExpenseBenefit,Liabilities,NetIncomeLoss,OperatingIncomeLoss,RevenueFromContractWithCustomerExcludingAssessedTax,RevenueRemainingPerformanceObligation,StockholdersEquity,BusinessCombinationProFormaInformationRevenueOfAcquireeSinceAcquisitionDateActual,ContractWithCustomerLiabilityChangeInTimeframePerformanceObligationSatisfiedRevenueRecognized,OperatingLeasesIncomeStatementMinimumLeaseRevenue,Revenues
2018-11-08,2018,10-Q,Q3,Upwork,UPWK,gig,275189000.0,33740323.0,56000.0,140070000.0,1068000.0,1828000.0,147793000.0,,-31367000.0,,,,
2019-03-07,2018,10-K,FY,Upwork,UPWK,gig,275189000.0,33740323.0,-1000.0,140070000.0,-16233000.0,-14468000.0,164445000.0,,-21434000.0,,,,
2019-05-08,2019,10-Q,Q1,Upwork,UPWK,gig,391573000.0,106454321.0,-3000.0,147828000.0,-6784000.0,-6009000.0,59218000.0,,-31367000.0,,,,
2019-08-07,2019,10-Q,Q2,Upwork,UPWK,gig,391573000.0,106454321.0,9000.0,147828000.0,-7196000.0,-5680000.0,121899000.0,,-31367000.0,,,,
2019-11-06,2019,10-Q,Q3,Upwork,UPWK,gig,391573000.0,106454321.0,9000.0,147828000.0,-14542000.0,-9014000.0,186012000.0,,-31367000.0,,,,
2020-03-02,2019,10-K,FY,Upwork,UPWK,gig,391573000.0,106454321.0,-22000.0,147828000.0,-4123000.0,-3123000.0,202552000.0,13400000.0,-30131000.0,,,,
2020-05-06,2020,10-Q,Q1,Upwork,UPWK,gig,446380000.0,113604398.0,1000.0,186956000.0,-5160000.0,-5265000.0,68476000.0,17600000.0,243745000.0,,,,
2020-08-04,2020,10-Q,Q2,Upwork,UPWK,gig,446380000.0,113604398.0,28000.0,186956000.0,-7611000.0,-8164000.0,142259000.0,18500000.0,243745000.0,,,,
2020-11-04,2020,10-Q,Q3,Upwork,UPWK,gig,446380000.0,113604398.0,28000.0,186956000.0,-11158000.0,-11856000.0,220274000.0,20000000.0,243745000.0,,,,
2021-02-24,2020,10-K,FY,Upwork,UPWK,gig,446380000.0,113604398.0,15000.0,186956000.0,-19907000.0,-11712000.0,253354000.0,21000000.0,-31367000.0,,,,
2021-05-04,2021,10-Q,Q1,Upwork,UPWK,gig,529227000.0,124795222.0,9000.0,229917000.0,-10021000.0,-9051000.0,83196000.0,22500000.0,259424000.0,,,,
2021-07-29,2021,10-Q,Q2,Upwork,UPWK,gig,529227000.0,124795222.0,39000.0,229917000.0,-21045000.0,-20035000.0,170727000.0,24400000.0,259424000.0,,,,
2021-10-27,2021,10-Q,Q3,Upwork,UPWK,gig,529227000.0,124795222.0,57000.0,229917000.0,-23792000.0,-23064000.0,267475000.0,26100000.0,259424000.0,,,,
2022-02-15,2021,10-K,FY,Upwork,UPWK,gig,529227000.0,124795222.0,28000.0,229917000.0,-16659000.0,-18732000.0,300562000.0,28400000.0,243745000.0,,,,
2022-04-27,2022,10-Q,Q1,Upwork,UPWK,gig,1081061000.0,129130478.0,17000.0,821544000.0,-7835000.0,-7697000.0,113619000.0,30100000.0,299310000.0,,,,
2022-07-27,2022,10-Q,Q2,Upwork,UPWK,gig,1081061000.0,129130478.0,33000.0,821544000.0,-24373000.0,-24092000.0,237800000.0,30700000.0,299310000.0,,,,
2022-10-26,2022,10-Q,Q3,Upwork,UPWK,gig,1081061000.0,129130478.0,59000.0,821544000.0,-33684000.0,-32409000.0,365941000.0,32700000.0,299310000.0,,,,
2023-02-16,2022,10-K,FY,Upwork,UPWK,gig,1081061000.0,129130478.0,150000.0,821544000.0,-22867000.0,-22408000.0,373628000.0,32700000.0,259424000.0,,,,
2023-05-03,2023,10-Q,Q1,Upwork,UPWK,gig,1080245000.0,132368265.0,29000.0,831366000.0,-24738000.0,-23652000.0,141337000.0,32900000.0,259517000.0,,,,
2023-08-02,2023,10-Q,Q2,Upwork,UPWK,gig,1080245000.0,132368265.0,56000.0,831366000.0,-48558000.0,-46700000.0,298235000.0,29200000.0,259517000.0,,,,
2023-11-07,2023,10-Q,Q3,Upwork,UPWK,gig,1080245000.0,132368265.0,96000.0,831366000.0,-73385000.0,-72142000.0,456876000.0,23700000.0,259517000.0,,,,
2024-02-15,2023,10-K,FY,Upwork,UPWK,gig,1080245000.0,132368265.0,122000.0,831366000.0,-56240000.0,-54217000.0,502797000.0,18200000.0,299310000.0,,,,
2024-05-01,2024,10-Q,Q1,Upwork,UPWK,gig,1037541000.0,137272754.0,795000.0,656466000.0,17167000.0,-25038000.0,160858000.0,14000000.0,248879000.0,,,,
2024-08-07,2024,10-Q,Q2,Upwork,UPWK,gig,1037541000.0,137272754.0,2652000.0,656466000.0,13176000.0,-31154000.0,329469000.0,5100000.0,248879000.0,,,,
2024-11-06,2024,10-Q,Q3,Upwork,UPWK,gig,1037541000.0,137272754.0,3547000.0,656466000.0,29513000.0,-19688000.0,505202000.0,2500000.0,248879000.0,,,,
2025-02-13,2024,10-K,FY,Upwork,UPWK,gig,1037541000.0,137272754.0,536000.0,656466000.0,-89885000.0,-92624000.0,618318000.0,,259517000.0,,,,
2025-05-05,2025,10-Q,Q1,Upwork,UPWK,gig,1211613000.0,135348453.0,1329000.0,636236000.0,18442000.0,13049000.0,190937000.0,,381075000.0,,,,
2025-08-06,2025,10-Q,Q2,Upwork,UPWK,gig,1211613000.0,135348453.0,2510000.0,636236000.0,40662000.0,30830000.0,384066000.0,,381075000.0,,,,
2025-11-04,2025,10-Q,Q3,Upwork,UPWK,gig,1211613000.0,135348453.0,3636000.0,636236000.0,68420000.0,51623000.0,577842000.0,,381075000.0,,,,
2026-02-13,2025,10-K,FY,Upwork,UPWK,gig,1211613000.0,135348453.0,1990000.0,636236000.0,46887000.0,-11260000.0,689136000.0,,248879000.0,,,,
2019-06-04,2019,10-Q,Q1,Uber,UBER,gig,23988000000.0,457189000.0,576000000.0,17196000000.0,3748000000.0,-478000000.0,,126000000.0,-8557000000.0,,,,2584000000.0
2019-08-09,2019,10-Q,Q2,Uber,UBER,gig,23988000000.0,457189000.0,604000000.0,17196000000.0,3748000000.0,-1217000000.0,,113000000.0,-8557000000.0,,,,5352000000.0
2019-11-05,2019,10-Q,Q3,Uber,UBER,gig,23988000000.0,457189000.0,605000000.0,17196000000.0,1884000000.0,-478000000.0,2584000000.0,100000000.0,-7385000000.0,,,,8296000000.0
2020-03-02,2019,10-K,FY,Uber,UBER,gig,23988000000.0,457189000.0,-542000000.0,17196000000.0,-4033000000.0,-4080000000.0,,87000000.0,-7385000000.0,,52000000.0,345000000.0,7932000000.0
2020-05-08,2020,10-Q,Q1,Uber,UBER,gig,31761000000.0,1716681000.0,19000000.0,16578000000.0,-1012000000.0,-1034000000.0,,74000000.0,14190000000.0,,,,3099000000.0
2020-08-07,2020,10-Q,Q2,Uber,UBER,gig,31761000000.0,1716681000.0,17000000.0,16578000000.0,-6248000000.0,-6519000000.0,,,14190000000.0,,,,6265000000.0
2020-11-06,2020,10-Q,Q3,Uber,UBER,gig,31761000000.0,1716681000.0,20000000.0,16578000000.0,-7410000000.0,-7625000000.0,,,14190000000.0,,,,10078000000.0
2021-03-01,2020,10-K,FY,Uber,UBER,gig,31761000000.0,1716681000.0,283000000.0,16578000000.0,997000000.0,-3033000000.0,,,14190000000.0,,,151000000.0,10433000000.0
2021-05-06,2021,10-Q,Q1,Uber,UBER,gig,33252000000.0,1849794000.0,-242000000.0,19498000000.0,-2936000000.0,-1263000000.0,,220000000.0,12266000000.0,,,,3248000000.0
2021-08-05,2021,10-Q,Q2,Uber,UBER,gig,33252000000.0,1849794000.0,-238000000.0,19498000000.0,-4711000000.0,-2870000000.0,,192000000.0,12266000000.0,,,,5161000000.0
2021-11-09,2021,10-Q,Q3,Uber,UBER,gig,33252000000.0,1849794000.0,-215000000.0,19498000000.0,-5799000000.0,-3986000000.0,,184000000.0,12266000000.0,,,,7974000000.0
2022-02-24,2021,10-K,FY,Uber,UBER,gig,33252000000.0,1849794000.0,45000000.0,19498000000.0,-8506000000.0,-8596000000.0,,157000000.0,12266000000.0,,,,13000000000.0
2022-05-05,2022,10-Q,Q1,Uber,UBER,gig,38774000000.0,1949316000.0,185000000.0,23425000000.0,-108000000.0,-1524000000.0,,146000000.0,14458000000.0,,,,2903000000.0
2022-08-04,2022,10-Q,Q2,Uber,UBER,gig,38774000000.0,1949316000.0,-294000000.0,23425000000.0,1036000000.0,-2712000000.0,,148000000.0,14458000000.0,,,,6832000000.0
2022-11-02,2022,10-Q,Q3,Uber,UBER,gig,38774000000.0,1949316000.0,-395000000.0,23425000000.0,-1388000000.0,-3284000000.0,,140000000.0,14458000000.0,,,,11677000000.0
2023-02-21,2022,10-K,FY,Uber,UBER,gig,38774000000.0,1949316000.0,-192000000.0,23425000000.0,-6768000000.0,-4863000000.0,,131000000.0,14458000000.0,,,,11139000000.0
2023-05-03,2023,10-Q,Q1,Uber,UBER,gig,32109000000.0,2005486000.0,-232000000.0,23605000000.0,-5930000000.0,-482000000.0,,123000000.0,7340000000.0,,,,6854000000.0
2023-08-02,2023,10-Q,Q2,Uber,UBER,gig,32109000000.0,2005486000.0,-155000000.0,23605000000.0,-8530000000.0,-1195000000.0,,116000000.0,7340000000.0,,,,14927000000.0
2023-11-07,2023,10-Q,Q3,Uber,UBER,gig,32109000000.0,2005486000.0,-97000000.0,23605000000.0,-9736000000.0,-1690000000.0,,128000000.0,7340000000.0,,,,23270000000.0
2024-02-15,2023,10-K,FY,Uber,UBER,gig,32109000000.0,2005486000.0,-492000000.0,23605000000.0,-496000000.0,-3834000000.0,,122000000.0,7340000000.0,,,,17455000000.0
2024-05-08,2024,10-Q,Q1,Uber,UBER,gig,38699000000.0,2071144000.0,55000000.0,26017000000.0,-157000000.0,-262000000.0,,,11249000000.0,,,,8823000000.0
2024-08-06,2024,10-Q,Q2,Uber,UBER,gig,38699000000.0,2071144000.0,120000000.0,26017000000.0,237000000.0,64000000.0,,,11249000000.0,,,,18053000000.0
2024-10-31,2024,10-Q,Q3,Uber,UBER,gig,38699000000.0,2071144000.0,80000000.0,26017000000.0,458000000.0,458000000.0,,,11249000000.0,,,,27345000000.0
2025-02-14,2024,10-K,FY,Uber,UBER,gig,38699000000.0,2071144000.0,-181000000.0,26017000000.0,-9141000000.0,-1832000000.0,,,11249000000.0,,,,31877000000.0
2025-05-07,2025,10-Q,Q1,Uber,UBER,gig,51244000000.0,2107953000.0,29000000.0,28768000000.0,-654000000.0,172000000.0,,,21558000000.0,,,,10131000000.0
2025-08-06,2025,10-Q,Q2,Uber,UBER,gig,51244000000.0,2107953000.0,86000000.0,28768000000.0,361000000.0,968000000.0,,,21558000000.0,,,,20831000000.0
2025-11-04,2025,10-Q,Q3,Uber,UBER,gig,51244000000.0,2107953000.0,244000000.0,28768000000.0,2973000000.0,2029000000.0,,,21558000000.0,,,,32019000000.0
2026-02-13,2025,10-K,FY,Uber,UBER,gig,51244000000.0,2107953000.0,213000000.0,28768000000.0,1887000000.0,1110000000.0,,,21558000000.0,0.0,,,37281000000.0
2019-05-14,2019,10-Q,Q1,Lyft,LYFT,gig,3760043000.0,22438472.0,406000.0,1479277000.0,-234339000.0,-245379000.0,397188000.0,,-1979438000.0,,,,
2019-08-13,2019,10-Q,Q2,Lyft,LYFT,gig,3760043000.0,22438472.0,637000.0,1479277000.0,-234339000.0,-439013000.0,902100000.0,,-1979438000.0,,,,
2019-11-04,2019,10-Q,Q3,Lyft,LYFT,gig,3760043000.0,22438472.0,1147000.0,1479277000.0,-234339000.0,-707688000.0,1487051000.0,,-1979438000.0,,,,
2020-02-28,2019,10-K,FY,Lyft,LYFT,gig,3760043000.0,22438472.0,556000.0,1479277000.0,-688301000.0,-708272000.0,1059881000.0,,-1303730000.0,,,,
2020-05-08,2020,10-Q,Q1,Lyft,LYFT,gig,5691383000.0,,1383000.0,2837299000.0,-1138473000.0,-1156890000.0,755894000.0,,-2871281000.0,,,,776027000.0
2020-08-13,2020,10-Q,Q2,Lyft,LYFT,gig,5691383000.0,,2374000.0,2837299000.0,-1138473000.0,-1829806000.0,1583372000.0,,-2871281000.0,,,,1643292000.0
2020-11-12,2020,10-Q,Q3,Lyft,LYFT,gig,5691383000.0,,4283000.0,2837299000.0,-1138473000.0,-2320666000.0,2492498000.0,,-2871281000.0,,,,2598890000.0
2021-03-01,2020,10-K,FY,Lyft,LYFT,gig,5691383000.0,,738000.0,2837299000.0,-911335000.0,-977711000.0,2106021000.0,,-1979438000.0,,,,2156616000.0
2021-05-06,2021,10-Q,Q1,Lyft,LYFT,gig,4678964000.0,,1630000.0,3002801000.0,-398073000.0,-414105000.0,918331000.0,,2854084000.0,,,,955712000.0
2021-08-05,2021,10-Q,Q2,Lyft,LYFT,gig,4678964000.0,,-43169000.0,3002801000.0,-398073000.0,-901602000.0,1230680000.0,,2854084000.0,,,,1295057000.0
2021-11-04,2021,10-Q,Q3,Lyft,LYFT,gig,4678964000.0,,-42060000.0,3002801000.0,-398073000.0,-1354955000.0,1681239000.0,,2854084000.0,,,,1794801000.0
2022-02-28,2021,10-K,FY,Lyft,LYFT,gig,4678964000.0,,2356000.0,3002801000.0,-2602241000.0,-2702480000.0,3465473000.0,,-2871281000.0,,,,3615960000.0
2022-05-10,2022,10-Q,Q1,Lyft,LYFT,gig,4773884000.0,,1934000.0,3432671000.0,-427339000.0,-416442000.0,568790000.0,,1676163000.0,,,,608960000.0
2022-08-05,2022,10-Q,Q2,Lyft,LYFT,gig,4773884000.0,,2626000.0,3432671000.0,-427339000.0,-656560000.0,1265688000.0,,1676163000.0,,,,1373985000.0
2022-11-08,2022,10-Q,Q3,Lyft,LYFT,gig,4824268000.0,,9253000.0,3368369000.0,-427339000.0,-861596000.0,2049756000.0,,1676163000.0,,,,2238390000.0
2023-02-27,2022,10-K,FY,Lyft,LYFT,gig,4773884000.0,,-44534000.0,3432671000.0,-1752857000.0,-1808382000.0,2208656000.0,,2854084000.0,,,,2364681000.0
2023-05-08,2023,10-Q,Q1,Lyft,LYFT,gig,4556431000.0,,2803000.0,4167763000.0,-196932000.0,-199343000.0,818099000.0,,1341213000.0,,,,875575000.0
2023-08-09,2023,10-Q,Q2,Lyft,LYFT,gig,4556431000.0,,2867000.0,4167763000.0,-196932000.0,-572518000.0,1732646000.0,,1341213000.0,,,,1866323000.0
2023-11-09,2023,10-Q,Q3,Lyft,LYFT,gig,4556431000.0,,3515000.0,4167763000.0,-196932000.0,-862894000.0,2698694000.0,,1341213000.0,,,,2920143000.0
2024-02-20,2023,10-K,FY,Lyft,LYFT,gig,4556431000.0,,11225000.0,4167763000.0,-1062144000.0,-1135217000.0,2957979000.0,,1676163000.0,,,,3208323000.0
2024-05-09,2024,10-Q,Q1,Lyft,LYFT,gig,4564467000.0,,2676000.0,4022949000.0,-187649000.0,-216755000.0,952697000.0,,388668000.0,,,,1000548000.0
2024-08-07,2024,10-Q,Q2,Lyft,LYFT,gig,4564467000.0,,5343000.0,4022949000.0,-187649000.0,-375274000.0,1893655000.0,,388668000.0,,,,2021454000.0
2024-11-07,2024,10-Q,Q3,Lyft,LYFT,gig,4564467000.0,,5454000.0,4022949000.0,-187649000.0,-415453000.0,2963594000.0,,388668000.0,,,,3179004000.0
2025-02-14,2024,10-K,FY,Lyft,LYFT,gig,4564467000.0,,5872000.0,4022949000.0,-1584511000.0,-1458916000.0,3811993000.0,,1341213000.0,,,,4095135000.0
2025-05-09,2025,10-Q,Q1,Lyft,LYFT,gig,5435069000.0,,2593000.0,4668053000.0,-31535000.0,-62951000.0,1209737000.0,,541518000.0,,,,1277201000.0
2025-08-07,2025,10-Q,Q2,Lyft,LYFT,gig,5435069000.0,,4444000.0,4668053000.0,-31535000.0,-90177000.0,2531568000.0,,541518000.0,,,,2713047000.0
2025-11-05,2025,10-Q,Q3,Lyft,LYFT,gig,5435069000.0,399353398.0,3762000.0,4668053000.0,-31535000.0,-146864000.0,3919393000.0,,541518000.0,,,,4235739000.0
2026-02-11,2025,10-K,FY,Lyft,LYFT,gig,5435069000.0,398107601.0,8616000.0,4668053000.0,-340320000.0,-475604000.0,4116216000.0,,388668000.0,,,,4403589000.0
2021-03-05,2020,10-K,FY,DoorDash,DASH,gig,1732000000.0,,0.0,550000000.0,-204000000.0,-210000000.0,291000000.0,,-198000000.0,,,,
2021-05-14,2021,10-Q,Q1,DoorDash,DASH,gig,6353000000.0,,1000000.0,1653000000.0,-129000000.0,-123000000.0,362000000.0,,-1082000000.0,,,,
2021-08-13,2021,10-Q,Q2,DoorDash,DASH,gig,6353000000.0,,1000000.0,1653000000.0,-129000000.0,-96000000.0,1037000000.0,,-1082000000.0,,,,
2021-11-10,2021,10-Q,Q3,DoorDash,DASH,gig,6353000000.0,,2000000.0,1653000000.0,-129000000.0,-131000000.0,1916000000.0,,-1082000000.0,,,,
2022-03-01,2021,10-K,FY,DoorDash,DASH,gig,6353000000.0,,1000000.0,1653000000.0,-667000000.0,-616000000.0,885000000.0,,-436000000.0,,,,
2022-05-06,2022,10-Q,Q1,DoorDash,DASH,gig,6809000000.0,,1000000.0,2142000000.0,-110000000.0,-99000000.0,1077000000.0,,4700000000.0,,,,
2022-08-05,2022,10-Q,Q2,DoorDash,DASH,gig,6809000000.0,,3000000.0,2142000000.0,-110000000.0,-198000000.0,2313000000.0,,4700000000.0,,,,
2022-11-04,2022,10-Q,Q3,DoorDash,DASH,gig,6809000000.0,,3000000.0,2142000000.0,-110000000.0,-298000000.0,3588000000.0,,4700000000.0,,,,
2023-02-27,2022,10-K,FY,DoorDash,DASH,gig,6809000000.0,,3000000.0,2142000000.0,-461000000.0,-436000000.0,2886000000.0,,-1082000000.0,,,,
2023-05-05,2023,10-Q,Q1,DoorDash,DASH,gig,9789000000.0,,0.0,3021000000.0,-167000000.0,-173000000.0,1456000000.0,,4667000000.0,,,,
2023-08-02,2023,10-Q,Q2,DoorDash,DASH,gig,9789000000.0,,-9000000.0,3021000000.0,-167000000.0,-446000000.0,3064000000.0,,4667000000.0,,,,
2023-11-01,2023,10-Q,Q3,DoorDash,DASH,gig,9789000000.0,,-14000000.0,3021000000.0,-167000000.0,-754000000.0,4765000000.0,,4667000000.0,,,,
2024-02-20,2023,10-K,FY,DoorDash,DASH,gig,9789000000.0,,5000000.0,3021000000.0,-468000000.0,-452000000.0,4888000000.0,,4700000000.0,,,,
2024-05-01,2024,10-Q,Q1,DoorDash,DASH,gig,10839000000.0,,17000000.0,4026000000.0,-161000000.0,-171000000.0,2035000000.0,,6754000000.0,,,,
2024-08-01,2024,10-Q,Q2,DoorDash,DASH,gig,10839000000.0,,8000000.0,4026000000.0,-161000000.0,-382000000.0,4168000000.0,,6754000000.0,,,,
2024-10-30,2024,10-Q,Q3,DoorDash,DASH,gig,10839000000.0,,14000000.0,4026000000.0,-161000000.0,-490000000.0,6332000000.0,,6754000000.0,,,,
2025-02-14,2024,10-K,FY,DoorDash,DASH,gig,10839000000.0,,-31000000.0,4026000000.0,-1365000000.0,-1124000000.0,6583000000.0,,4667000000.0,,,,
2025-05-07,2025,10-Q,Q1,DoorDash,DASH,gig,12845000000.0,,7000000.0,5035000000.0,-23000000.0,-61000000.0,2513000000.0,,6806000000.0,,,,
2025-08-06,2025,10-Q,Q2,DoorDash,DASH,gig,12845000000.0,,8000000.0,5035000000.0,-23000000.0,-262000000.0,5143000000.0,,6806000000.0,,,,
2025-11-06,2025,10-Q,Q3,DoorDash,DASH,gig,12845000000.0,,2000000.0,5035000000.0,-23000000.0,-155000000.0,7849000000.0,,6806000000.0,,,,
2026-02-18,2025,10-K,FY,DoorDash,DASH,gig,12845000000.0,,31000000.0,5035000000.0,-558000000.0,-579000000.0,8635000000.0,,6754000000.0,,,,
2023-11-13,2023,10-Q,Q3,Instacart,CART,gig,3669000000.0,72230000.0,-2000000.0,911000000.0,-82000000.0,-40000000.0,1794000000.0,,-573000000.0,,,,
2024-03-05,2023,10-K,FY,Instacart,CART,gig,3669000000.0,72230000.0,1000000.0,911000000.0,-73000000.0,-86000000.0,1834000000.0,,-981000000.0,,,,
2024-05-10,2024,10-Q,Q1,Instacart,CART,gig,4727000000.0,279046000.0,36000000.0,800000000.0,128000000.0,150000000.0,759000000.0,,-64000000.0,,,,
2024-08-09,2024,10-Q,Q2,Instacart,CART,gig,4727000000.0,279046000.0,64000000.0,800000000.0,128000000.0,269000000.0,1475000000.0,,-64000000.0,,,,
2024-11-13,2024,10-Q,Q3,Instacart,CART,gig,4727000000.0,279046000.0,-376000000.0,800000000.0,128000000.0,-2188000000.0,2239000000.0,,-64000000.0,,,,
2025-02-28,2024,10-K,FY,Instacart,CART,gig,4727000000.0,279046000.0,-357000000.0,800000000.0,428000000.0,62000000.0,2551000000.0,,-573000000.0,,,,
2025-05-08,2025,10-Q,Q1,Instacart,CART,gig,4115000000.0,260964000.0,35000000.0,836000000.0,130000000.0,144000000.0,820000000.0,,3750000000.0,,,,
2025-08-08,2025,10-Q,Q2,Instacart,CART,gig,4115000000.0,260964000.0,42000000.0,836000000.0,130000000.0,196000000.0,1643000000.0,,3750000000.0,,,,
2025-11-10,2025,10-Q,Q3,Instacart,CART,gig,4115000000.0,260964000.0,77000000.0,836000000.0,130000000.0,334000000.0,2495000000.0,,3750000000.0,,,,
2026-02-26,2025,10-K,FY,Instacart,CART,gig,4115000000.0,260964000.0,-439000000.0,836000000.0,-1622000000.0,-2142000000.0,3042000000.0,,-64000000.0,,,,
2015-05-22,2015,10-Q,Q1,Etsy,ETSY,gig,249135000.0,44180939.0,213000.0,101835000.0,-463000.0,419000.0,,,67088000.0,,,,40536000.0
2015-08-06,2015,10-Q,Q2,Etsy,ETSY,gig,249135000.0,44180939.0,-195000.0,101835000.0,-3614000.0,-3375000.0,,,67088000.0,,,,83045000.0
2015-11-05,2015,10-Q,Q3,Etsy,ETSY,gig,249135000.0,44180939.0,1880000.0,101835000.0,-9885000.0,-6427000.0,,,67088000.0,,,,130679000.0
2016-03-01,2015,10-K,FY,Etsy,ETSY,gig,246203000.0,33082948.0,854000.0,98903000.0,-796000.0,733000.0,,,-652000.0,1800000.0,,,125022000.0
2016-05-05,2016,10-Q,Q1,Etsy,ETSY,gig,553061000.0,112563354.0,10725000.0,222563000.0,-36586000.0,-4842000.0,,,330498000.0,,,,58543000.0
2016-08-04,2016,10-Q,Q2,Etsy,ETSY,gig,553061000.0,112563354.0,15634000.0,222563000.0,-42940000.0,-8633000.0,,,330498000.0,,,,119908000.0
2016-11-03,2016,10-Q,Q3,Etsy,ETSY,gig,553061000.0,112563354.0,19729000.0,222563000.0,-49831000.0,-10300000.0,,,330498000.0,,,,185604000.0
2017-02-28,2016,10-K,FY,Etsy,ETSY,gig,553061000.0,44180393.0,4983000.0,222563000.0,-15243000.0,-6251000.0,,,4003000.0,1800000.0,,,195591000.0
2017-05-02,2017,10-Q,Q1,Etsy,ETSY,gig,581193000.0,115973039.0,13614000.0,236436000.0,1192000.0,6783000.0,,,344757000.0,,,,81847000.0
2017-08-07,2017,10-Q,Q2,Etsy,ETSY,gig,581193000.0,115973039.0,17875000.0,236436000.0,-6119000.0,11452000.0,,,344757000.0,,,,167196000.0
2017-11-08,2017,10-Q,Q3,Etsy,ETSY,gig,581193000.0,115973039.0,22238000.0,236436000.0,-8518000.0,14125000.0,,,344757000.0,,,,254758000.0
2018-03-01,2017,10-K,FY,Etsy,ETSY,gig,581193000.0,115973039.0,26069000.0,236436000.0,-54063000.0,-1884000.0,,,67088000.0,,,,273499000.0
2018-05-09,2018,10-Q,Q1,Etsy,ETSY,gig,605583000.0,121769238.0,-1052000.0,208689000.0,-421000.0,-2101000.0,,,396894000.0,,,,96891000.0
2018-08-07,2018,10-Q,Q2,Etsy,ETSY,gig,605583000.0,121769238.0,-10489000.0,208689000.0,11248000.0,-13819000.0,198583000.0,,396894000.0,,,,
2018-11-07,2018,10-Q,Q3,Etsy,ETSY,gig,605583000.0,121769238.0,-23051000.0,208689000.0,37050000.0,-6394000.0,304963000.0,,396894000.0,,,,
2019-02-28,2018,10-K,FY,Etsy,ETSY,gig,605583000.0,121769238.0,27025000.0,208689000.0,-29901000.0,17577000.0,364967000.0,,330498000.0,,,,
2019-05-09,2019,10-Q,Q1,Etsy,ETSY,gig,901851000.0,119771702.0,14000.0,500953000.0,12967000.0,13798000.0,120912000.0,,396894000.0,,,,
2019-08-02,2019,10-Q,Q2,Etsy,ETSY,gig,901851000.0,119771702.0,1260000.0,500953000.0,12967000.0,26560000.0,253299000.0,,396894000.0,,,,
2019-10-31,2019,10-Q,Q3,Etsy,ETSY,gig,901851000.0,119771702.0,-4038000.0,500953000.0,12967000.0,45297000.0,403665000.0,,396894000.0,,,,
2020-02-27,2019,10-K,FY,Etsy,ETSY,gig,901851000.0,119771702.0,-49535000.0,500953000.0,81800000.0,11896000.0,441231000.0,,344757000.0,,,,
2020-05-07,2020,10-Q,Q1,Etsy,ETSY,gig,1542352000.0,118342772.0,-142000.0,1135718000.0,31579000.0,31643000.0,169339000.0,,400898000.0,,,,
2020-08-06,2020,10-Q,Q2,Etsy,ETSY,gig,1542352000.0,118342772.0,-1996000.0,1135718000.0,49802000.0,49491000.0,350434000.0,,400898000.0,,,,
2020-10-29,2020,10-Q,Q3,Etsy,ETSY,gig,1542352000.0,118342772.0,-6708000.0,1135718000.0,64603000.0,63723000.0,548381000.0,,400898000.0,,,,
2021-02-26,2020,10-K,FY,Etsy,ETSY,gig,1542352000.0,118342772.0,-22413000.0,1135718000.0,77491000.0,74786000.0,603693000.0,,396894000.0,,,,
2021-05-06,2021,10-Q,Q1,Etsy,ETSY,gig,2404489000.0,125835931.0,-2829000.0,1662065000.0,12522000.0,25365000.0,228055000.0,,406634000.0,,,,
2021-08-05,2021,10-Q,Q2,Etsy,ETSY,gig,2404489000.0,125835931.0,13062000.0,1662065000.0,108947000.0,144505000.0,656792000.0,,406634000.0,,,,
2021-11-04,2021,10-Q,Q3,Etsy,ETSY,gig,2404489000.0,125835931.0,11694000.0,1662065000.0,200708000.0,262674000.0,1108270000.0,,406634000.0,,,,
2022-02-25,2021,10-K,FY,Etsy,ETSY,gig,2404489000.0,125835931.0,-15248000.0,1662065000.0,95894000.0,88761000.0,818379000.0,,400898000.0,,,,
2022-05-05,2022,10-Q,Q1,Etsy,ETSY,gig,3831809000.0,127022118.0,13962000.0,3203190000.0,143766000.0,150637000.0,550646000.0,,742424000.0,,,,
2022-07-28,2022,10-Q,Q2,Etsy,ETSY,gig,3831809000.0,127022118.0,1462000.0,3203190000.0,242020000.0,239742000.0,1079546000.0,,742424000.0,,,,
2022-11-03,2022,10-Q,Q3,Etsy,ETSY,gig,3831809000.0,127022118.0,-4669000.0,3203190000.0,331950000.0,323483000.0,1611975000.0,,742424000.0,,,,
2023-02-23,2022,10-K,FY,Etsy,ETSY,gig,3831809000.0,127022118.0,16463000.0,3203190000.0,349246000.0,424009000.0,1725625000.0,,406634000.0,,,,
2023-05-04,2023,10-Q,Q1,Etsy,ETSY,gig,2634961000.0,125054278.0,-122000.0,3182235000.0,86109000.0,84315000.0,579266000.0,,628619000.0,,,,
2023-08-03,2023,10-Q,Q2,Etsy,ETSY,gig,2634961000.0,125054278.0,-83000.0,3182235000.0,159232000.0,156876000.0,1164401000.0,,628619000.0,,,,
2023-11-02,2023,10-Q,Q3,Etsy,ETSY,gig,2634961000.0,125054278.0,13968000.0,3182235000.0,-803836000.0,-797904000.0,1758870000.0,,628619000.0,,,,
2024-02-22,2023,10-K,FY,Etsy,ETSY,gig,2634961000.0,125054278.0,-21853000.0,3182235000.0,493507000.0,465732000.0,2329114000.0,,742424000.0,,,,
2024-05-02,2024,10-Q,Q1,Etsy,ETSY,gig,2685400000.0,119069000.0,6734000.0,3229115000.0,74537000.0,78199000.0,640877000.0,,-547274000.0,,,,
2024-08-01,2024,10-Q,Q2,Etsy,ETSY,gig,2685400000.0,119069000.0,-49767000.0,3229115000.0,136452000.0,75827000.0,1269753000.0,,-547274000.0,,,,
2024-10-31,2024,10-Q,Q3,Etsy,ETSY,gig,2685400000.0,119069000.0,-40650000.0,3229115000.0,224302000.0,164383000.0,1906055000.0,,-547274000.0,,,,
2025-02-19,2024,10-K,FY,Etsy,ETSY,gig,2685400000.0,119069000.0,32310000.0,3229115000.0,-694288000.0,-658560000.0,2566111000.0,,628619000.0,,,,
2025-04-30,2025,10-Q,Q1,Etsy,ETSY,gig,2417782000.0,108540000.0,16651000.0,3176648000.0,63004000.0,68090000.0,645954000.0,,-543715000.0,,,,
2025-07-30,2025,10-Q,Q2,Etsy,ETSY,gig,2417782000.0,108540000.0,42623000.0,3176648000.0,116009000.0,138259000.0,1293760000.0,,-543715000.0,,,,
2025-10-29,2025,10-Q,Q3,Etsy,ETSY,gig,2417782000.0,108540000.0,59067000.0,3176648000.0,173375000.0,225076000.0,1956170000.0,,-543715000.0,,,,
2026-02-19,2025,10-K,FY,Etsy,ETSY,gig,2417782000.0,108540000.0,-14748000.0,3176648000.0,307568000.0,279841000.0,2748377000.0,,-547274000.0,,,,
2021-12-09,2021,10-Q,Q3,Udemy,UDMY,gig,282096000.0,35627503.0,2261000.0,268677000.0,-50585000.0,-47284000.0,,247900000.0,-225590000.0,,,,
2022-03-25,2021,10-K,FY,Udemy,UDMY,gig,282096000.0,35627503.0,1375000.0,268677000.0,-69703000.0,-68031000.0,,329100000.0,-183568000.0,,,,
2022-05-04,2022,10-Q,Q1,Udemy,UDMY,gig,739851000.0,139164693.0,905000.0,350151000.0,-17989000.0,-16438000.0,,368500000.0,-260685000.0,,,,
2022-08-03,2022,10-Q,Q2,Udemy,UDMY,gig,739851000.0,139164693.0,1059000.0,350151000.0,-29380000.0,-27412000.0,,414300000.0,-260685000.0,,,,
2022-11-02,2022,10-Q,Q3,Udemy,UDMY,gig,739851000.0,139164693.0,514000.0,350151000.0,-38642000.0,-36962000.0,,433700000.0,-260685000.0,,,,
2023-02-27,2022,10-K,FY,Udemy,UDMY,gig,739851000.0,139164693.0,3149000.0,350151000.0,-77620000.0,-73380000.0,,478700000.0,-225590000.0,,,,
2023-05-03,2023,10-Q,Q1,Udemy,UDMY,gig,737568000.0,145013786.0,332000.0,398258000.0,-25649000.0,-25316000.0,,502300000.0,389700000.0,,,,
2023-08-03,2023,10-Q,Q2,Udemy,UDMY,gig,737568000.0,145013786.0,640000.0,398258000.0,-55029000.0,-53843000.0,,509000000.0,389700000.0,,,,
2023-11-02,2023,10-Q,Q3,Udemy,UDMY,gig,737568000.0,145013786.0,1151000.0,398258000.0,-101722000.0,-97094000.0,,516900000.0,389700000.0,,,,
2024-02-26,2023,10-K,FY,Udemy,UDMY,gig,737568000.0,145013786.0,1183000.0,398258000.0,-80026000.0,-77907000.0,,552300000.0,-260685000.0,,,,
2024-05-06,2024,10-Q,Q1,Udemy,UDMY,gig,741196000.0,157166360.0,1057000.0,384304000.0,-44544000.0,-47277000.0,,555300000.0,339310000.0,,,,
2024-08-01,2024,10-Q,Q2,Udemy,UDMY,gig,741196000.0,157166360.0,2113000.0,384304000.0,-70279000.0,-74739000.0,,557400000.0,339310000.0,,,,
2024-10-31,2024,10-Q,Q3,Udemy,UDMY,gig,741196000.0,157166360.0,2924000.0,384304000.0,-87046000.0,-96235000.0,,532600000.0,339310000.0,,,,
2025-02-19,2024,10-K,FY,Udemy,UDMY,gig,741196000.0,157166360.0,2286000.0,384304000.0,-153875000.0,-151190000.0,,548600000.0,389700000.0,,,,
2025-05-01,2025,10-Q,Q1,Udemy,UDMY,gig,605628000.0,147484280.0,1027000.0,408234000.0,-18339000.0,-22729000.0,,564000000.0,356892000.0,,,,
2025-07-31,2025,10-Q,Q2,Udemy,UDMY,gig,605628000.0,147484280.0,1829000.0,408234000.0,-50153000.0,-48275000.0,,553200000.0,356892000.0,,,,
2025-10-30,2025,10-Q,Q3,Udemy,UDMY,gig,605628000.0,147484280.0,2692000.0,408234000.0,-75424000.0,-77734000.0,,535900000.0,356892000.0,,,,
2026-02-19,2025,10-K,FY,Udemy,UDMY,gig,605628000.0,147484280.0,3653000.0,408234000.0,-107294000.0,-121895000.0,,567900000.0,339310000.0,,,,
2010-08-02,2010,10-Q,Q2,Herbalife,HLF,mlm,1146050000.0,60200000.0,41267000.0,786739000.0,89795000.0,134112000.0,,,359311000.0,,,,
2010-11-01,2010,10-Q,Q3,Herbalife,HLF,mlm,1146050000.0,60200000.0,60169000.0,786739000.0,147690000.0,211946000.0,,,359311000.0,,,,
2011-02-22,2010,10-K,FY,Herbalife,HLF,mlm,1146050000.0,60200000.0,97840000.0,786739000.0,221190000.0,332252000.0,,,182244000.0,,,,
2011-05-02,2011,10-Q,Q1,Herbalife,HLF,mlm,1232220000.0,58900000.0,10135000.0,745008000.0,51871000.0,63959000.0,,,487212000.0,,,,
2011-08-01,2011,10-Q,Q2,Herbalife,HLF,mlm,1232220000.0,117800000.0,42169000.0,745008000.0,134046000.0,180314000.0,,,487212000.0,,,,
2011-10-31,2011,10-Q,Q3,Herbalife,HLF,mlm,1232220000.0,117800000.0,62048000.0,745008000.0,212930000.0,281269000.0,,,487212000.0,,,,
2012-02-21,2011,10-K,FY,Herbalife,HLF,mlm,1232220000.0,120500000.0,87582000.0,745008000.0,203346000.0,296031000.0,,,241731000.0,,,,
2012-04-30,2012,10-Q,Q1,Herbalife,HLF,mlm,1446209000.0,115800000.0,32733000.0,886021000.0,88019000.0,123400000.0,,,560188000.0,,,,
2012-07-30,2012,10-Q,Q2,Herbalife,HLF,mlm,1446209000.0,115800000.0,73872000.0,886021000.0,199199000.0,276574000.0,,,560188000.0,,,,
2012-10-29,2012,10-Q,Q3,Herbalife,HLF,mlm,1446209000.0,115800000.0,116852000.0,886021000.0,307221000.0,427921000.0,,,560188000.0,,,,
2013-02-19,2012,10-K,FY,Herbalife,HLF,mlm,1446209000.0,117800000.0,80880000.0,886021000.0,299215000.0,387512000.0,,,359311000.0,,,,
2013-04-29,2013,10-Q,Q1,Herbalife,HLF,mlm,1703944000.0,106900000.0,44570000.0,1283189000.0,108162000.0,154105000.0,,,420755000.0,,,,
2013-07-29,2013,10-Q,Q2,Herbalife,HLF,mlm,1463075000.0,106900000.0,87212000.0,914931000.0,292883000.0,340811000.0,,,548144000.0,,,,
2013-10-28,2013,10-Q,Q3,Herbalife,HLF,mlm,1463075000.0,106900000.0,87212000.0,914931000.0,292883000.0,501654000.0,,,548144000.0,,,,
2014-02-18,2013,10-K,FY,Herbalife,HLF,mlm,1724143000.0,115800000.0,144820000.0,1328660000.0,414959000.0,562270000.0,,,473996000.0,,,,
2014-04-28,2014,10-Q,Q1,Herbalife,HLF,mlm,2473701000.0,101100000.0,44675000.0,1922255000.0,118873000.0,168921000.0,,,551446000.0,,,,
2014-07-28,2014,10-Q,Q2,Herbalife,HLF,mlm,2473701000.0,101100000.0,88311000.0,1922255000.0,262035000.0,361278000.0,,,551446000.0,,,,
2014-11-03,2014,10-Q,Q3,Herbalife,HLF,mlm,2473701000.0,101100000.0,133775000.0,1922255000.0,403985000.0,553418000.0,,,551446000.0,,,,
2015-02-26,2014,10-K,FY,Herbalife,HLF,mlm,2473700000.0,106900000.0,186900000.0,1922300000.0,464000000.0,661400000.0,,,548200000.0,,,,
2015-05-05,2015,10-Q,Q1,Herbalife,HLF,mlm,2374900000.0,92200000.0,34800000.0,2709300000.0,74600000.0,127500000.0,,,-334400000.0,,,,
2015-08-05,2015,10-Q,Q2,Herbalife,HLF,mlm,2374900000.0,92200000.0,90200000.0,2709300000.0,194200000.0,324000000.0,,,-334400000.0,,,,
2015-11-03,2015,10-Q,Q3,Herbalife,HLF,mlm,2374900000.0,92200000.0,76900000.0,2709300000.0,205400000.0,351500000.0,,,-334400000.0,,,,
2016-02-25,2015,10-K,FY,Herbalife,HLF,mlm,2355000000.0,101100000.0,189200000.0,2689400000.0,527500000.0,735300000.0,,,395500000.0,,,,
2016-05-05,2016,10-Q,Q1,Herbalife,HLF,mlm,2477900000.0,92700000.0,33600000.0,2531400000.0,78200000.0,135600000.0,,,-53500000.0,,,,
2016-08-03,2016,10-Q,Q2,Herbalife,HLF,mlm,2477900000.0,92700000.0,70900000.0,2531400000.0,161000000.0,279400000.0,,,-53500000.0,,,,
2016-11-01,2016,10-Q,Q3,Herbalife,HLF,mlm,2477900000.0,92700000.0,114800000.0,2531400000.0,254600000.0,441000000.0,,,-53500000.0,,,,
2017-02-23,2016,10-K,FY,Herbalife,HLF,mlm,2477900000.0,92200000.0,112600000.0,2531400000.0,308700000.0,513500000.0,,,551400000.0,,,,
2017-05-04,2017,10-Q,Q1,Herbalife,HLF,mlm,2565400000.0,93100000.0,47600000.0,2369100000.0,95800000.0,168300000.0,,,196300000.0,,,,
2017-08-01,2017,10-Q,Q2,Herbalife,HLF,mlm,2565400000.0,93100000.0,27500000.0,2369100000.0,72900000.0,148400000.0,,,196300000.0,,,,
2017-11-02,2017,10-Q,Q3,Herbalife,HLF,mlm,2565400000.0,93100000.0,69200000.0,2369100000.0,160600000.0,299900000.0,,,196300000.0,,,,
2018-02-22,2017,10-K,FY,Herbalife,HLF,mlm,2565400000.0,92700000.0,147300000.0,2369100000.0,339100000.0,583600000.0,,,-334400000.0,,,,
2018-05-03,2018,10-Q,Q1,Herbalife,HLF,mlm,2895100000.0,82300000.0,28400000.0,3229800000.0,85200000.0,143800000.0,,,-334700000.0,,,,
2018-08-01,2018,10-Q,Q2,Herbalife,HLF,mlm,2895100000.0,164700000.0,57800000.0,3229800000.0,222800000.0,348700000.0,,,-334700000.0,,,,
2018-10-30,2018,10-Q,Q3,Herbalife,HLF,mlm,2895100000.0,164700000.0,84200000.0,3229800000.0,277300000.0,468000000.0,3334400000.0,,-334700000.0,,,,
2019-02-19,2018,10-K,FY,Herbalife,HLF,mlm,2895100000.0,186300000.0,104700000.0,3229800000.0,260000000.0,458100000.0,4488400000.0,,-53500000.0,,,,
2019-05-02,2019,10-Q,Q1,Herbalife,HLF,mlm,2789800000.0,142800000.0,9400000.0,3513200000.0,82100000.0,155800000.0,1176900000.0,,-334700000.0,,,,
2019-08-01,2019,10-Q,Q2,Herbalife,HLF,mlm,2789800000.0,142800000.0,57800000.0,3513200000.0,176500000.0,347600000.0,2462400000.0,,-334700000.0,,,,
2019-10-29,2019,10-Q,Q3,Herbalife,HLF,mlm,2789800000.0,142800000.0,103100000.0,3513200000.0,247700000.0,534900000.0,3705200000.0,,-334700000.0,,,,
2020-02-18,2019,10-K,FY,Herbalife,HLF,mlm,2789800000.0,164700000.0,257300000.0,3513200000.0,213900000.0,617100000.0,4427700000.0,,196300000.0,,,,
2020-05-07,2020,10-Q,Q1,Herbalife,HLF,mlm,2678600000.0,137400000.0,39100000.0,3068600000.0,96300000.0,163000000.0,1172200000.0,,-723400000.0,,,,
2020-08-06,2020,10-Q,Q2,Herbalife,HLF,mlm,2678600000.0,137400000.0,85300000.0,3068600000.0,172800000.0,316100000.0,2412300000.0,,-723400000.0,,,,
2020-11-05,2020,10-Q,Q3,Herbalife,HLF,mlm,2678600000.0,137400000.0,117100000.0,3068600000.0,254300000.0,459700000.0,3656800000.0,,-723400000.0,,,,
2021-02-17,2020,10-K,FY,Herbalife,HLF,mlm,2678600000.0,142800000.0,167600000.0,3068600000.0,296600000.0,683100000.0,4891800000.0,,-334700000.0,,,,
2021-05-04,2021,10-Q,Q1,Herbalife,HLF,mlm,3076100000.0,120100000.0,25000000.0,3932200000.0,45600000.0,95600000.0,1262400000.0,,-390000000.0,,,,
2021-08-03,2021,10-Q,Q2,Herbalife,HLF,mlm,3076100000.0,120100000.0,70800000.0,3932200000.0,160700000.0,285300000.0,2609300000.0,,-390000000.0,,,,
2021-11-02,2021,10-Q,Q3,Herbalife,HLF,mlm,3076100000.0,120100000.0,104400000.0,3932200000.0,298800000.0,492200000.0,4131100000.0,,-390000000.0,,,,
2022-02-23,2021,10-K,FY,Herbalife,HLF,mlm,3076100000.0,137400000.0,140400000.0,3932200000.0,311000000.0,568100000.0,4877100000.0,,-723400000.0,,,,
2022-05-03,2022,10-Q,Q1,Herbalife,HLF,mlm,2819800000.0,100800000.0,37600000.0,4211300000.0,147400000.0,222500000.0,1501600000.0,,-856100000.0,,,,
2022-08-02,2022,10-Q,Q2,Herbalife,HLF,mlm,2819800000.0,100800000.0,69900000.0,4211300000.0,291600000.0,460400000.0,3053900000.0,,-856100000.0,,,,
2022-10-31,2022,10-Q,Q3,Herbalife,HLF,mlm,2819800000.0,100800000.0,104200000.0,4211300000.0,409000000.0,649800000.0,4484800000.0,,-856100000.0,,,,
2023-02-14,2022,10-K,FY,Herbalife,HLF,mlm,2819800000.0,120100000.0,143800000.0,4211300000.0,372600000.0,640600000.0,5541800000.0,,-390000000.0,,,,
2023-05-02,2023,10-Q,Q1,Herbalife,HLF,mlm,2732000000.0,97900000.0,25200000.0,3997900000.0,98200000.0,153100000.0,1335800000.0,,-1391500000.0,,,,
2023-08-02,2023,10-Q,Q2,Herbalife,HLF,mlm,2732000000.0,97900000.0,62800000.0,3997900000.0,184700000.0,308900000.0,2728500000.0,,-1391500000.0,,,,
2023-11-01,2023,10-Q,Q3,Herbalife,HLF,mlm,2732000000.0,97900000.0,93500000.0,3997900000.0,266900000.0,456300000.0,4023600000.0,,-1391500000.0,,,,
2024-02-14,2023,10-K,FY,Herbalife,HLF,mlm,2732000000.0,100800000.0,113600000.0,3997900000.0,447200000.0,734100000.0,5802800000.0,,-856100000.0,,,,
2024-05-01,2024,10-Q,Q1,Herbalife,HLF,mlm,2809400000.0,99200000.0,1800000.0,3869700000.0,29300000.0,70500000.0,1252100000.0,,-1265900000.0,,,,
2024-07-31,2024,10-Q,Q2,Herbalife,HLF,mlm,2809400000.0,99200000.0,26900000.0,3869700000.0,89200000.0,193900000.0,2566100000.0,,-1265900000.0,,,,
2024-10-30,2024,10-Q,Q3,Herbalife,HLF,mlm,2809400000.0,99200000.0,53300000.0,3869700000.0,132000000.0,300600000.0,3847400000.0,,-1265900000.0,,,,
2025-02-19,2024,10-K,FY,Herbalife,HLF,mlm,2809400000.0,97900000.0,103500000.0,3869700000.0,321300000.0,545200000.0,5204400000.0,,-1391500000.0,,,,
2025-04-30,2025,10-Q,Q1,Herbalife,HLF,mlm,2728100000.0,101200000.0,9700000.0,3529200000.0,24300000.0,71900000.0,1264300000.0,,-1060300000.0,,,,
2025-08-06,2025,10-Q,Q2,Herbalife,HLF,mlm,2728100000.0,101200000.0,17200000.0,3529200000.0,29000000.0,152300000.0,2545400000.0,,-801100000.0,,,,
2025-11-05,2025,10-Q,Q3,Herbalife,HLF,mlm,2728100000.0,101200000.0,40400000.0,3529200000.0,76400000.0,279400000.0,3785700000.0,,-801100000.0,,,,
2026-02-18,2025,10-K,FY,Herbalife,HLF,mlm,2728100000.0,99200000.0,60800000.0,3529200000.0,142200000.0,356400000.0,5062400000.0,,-801100000.0,,,,
2011-08-09,2011,10-Q,Q2,Primerica,PRI,mlm,9884306000.0,73718177.0,91446000.0,8452814000.0,165294000.0,,,,1317596000.0,,,,841239000.0
2011-11-08,2011,10-Q,Q3,Primerica,PRI,mlm,9884306000.0,73797103.0,113731000.0,8452814000.0,204889000.0,,,,1396314000.0,,,,1082476000.0
2012-02-28,2011,10-K,FY,Primerica,PRI,mlm,9884306000.0,64938806.0,265366000.0,8452814000.0,494589000.0,,,,4943773000.0,,,,2220401000.0
2012-05-08,2012,10-Q,Q1,Primerica,PRI,mlm,9851820000.0,59848197.0,25985000.0,8525170000.0,47271000.0,,,,1410210000.0,,,,276352000.0
2012-08-08,2012,10-Q,Q2,Primerica,PRI,mlm,9851820000.0,60028946.0,46830000.0,8525170000.0,84891000.0,,,,1460076000.0,,,,551447000.0
2012-11-08,2012,10-Q,Q3,Primerica,PRI,mlm,9851820000.0,57569453.0,67239000.0,8525170000.0,119989000.0,,,,1479790000.0,,,,827238000.0
2013-02-27,2012,10-K,FY,Primerica,PRI,mlm,9851820000.0,72843000.0,129013000.0,8525170000.0,232456000.0,,,,1356528000.0,,,,1361863000.0
2013-05-08,2013,10-Q,Q1,Primerica,PRI,mlm,10337877000.0,64883000.0,21709000.0,9062461000.0,41756000.0,,,,1387315000.0,,,,286601000.0
2013-08-07,2013,10-Q,Q2,Primerica,PRI,mlm,10337877000.0,64883000.0,47450000.0,9062461000.0,87936000.0,,,,1276866000.0,,,,587126000.0
2013-11-07,2013,10-Q,Q3,Primerica,PRI,mlm,10337877000.0,64883000.0,72407000.0,9062461000.0,133535000.0,,,,1337411000.0,,,,886214000.0
2014-02-27,2013,10-K,FY,Primerica,PRI,mlm,9851820000.0,72843000.0,86718000.0,9062461000.0,,,,,,,,,1103093000.0
2014-05-06,2014,10-Q,Q1,Primerica,PRI,mlm,10329950000.0,56374000.0,21005000.0,9107923000.0,,,,,,,,,298450000.0
2014-08-07,2014,10-Q,Q2,Primerica,PRI,mlm,10329950000.0,56374000.0,44787000.0,9107923000.0,,,,,,,,,601940000.0
2014-11-05,2014,10-Q,Q3,Primerica,PRI,mlm,10329950000.0,56374000.0,66828000.0,9107923000.0,,,,,,,,,912348000.0
2015-02-26,2014,10-K,FY,Primerica,PRI,mlm,10337877000.0,64883000.0,92813000.0,9107923000.0,,,,,,,,,1153772000.0
2015-05-07,2015,10-Q,Q1,Primerica,PRI,mlm,10738114000.0,54834000.0,23347000.0,9492988000.0,,,,,,,,,324328000.0
2015-08-06,2015,10-Q,Q2,Primerica,PRI,mlm,10738114000.0,54834000.0,49816000.0,9492988000.0,,,,,,,,,655458000.0
2015-11-05,2015,10-Q,Q3,Primerica,PRI,mlm,10737595000.0,54834000.0,72224000.0,9492469000.0,,,,,,,,,993561000.0
2016-02-25,2015,10-K,FY,Primerica,PRI,mlm,10329744000.0,56374000.0,86305000.0,9492469000.0,,,,,,,,,1228998000.0
2016-05-05,2016,10-Q,Q1,Primerica,PRI,mlm,10609290000.0,52169000.0,23408000.0,9463518000.0,43401000.0,,,,1239421000.0,,,,344846000.0
2016-08-09,2016,10-Q,Q2,Primerica,PRI,mlm,10609290000.0,52169000.0,51062000.0,9463518000.0,92573000.0,,,,1197626000.0,,,,695363000.0
2016-11-09,2016,10-Q,Q3,Primerica,PRI,mlm,10610783000.0,52169000.0,76664000.0,9465011000.0,141924000.0,,,,1146681000.0,,,,1050752000.0
2017-02-27,2016,10-K,FY,Primerica,PRI,mlm,10735929000.0,54834000.0,95888000.0,9465011000.0,181412000.0,,,,1245126000.0,,,,1337096000.0
2017-05-10,2017,10-Q,Q1,Primerica,PRI,mlm,11438943000.0,48297000.0,25036000.0,10217569000.0,45176000.0,,,,1172758000.0,,,,362600000.0
2017-08-09,2017,10-Q,Q2,Primerica,PRI,mlm,11438943000.0,48297000.0,57590000.0,10217569000.0,104502000.0,,,,1207466000.0,,,,741593000.0
2017-11-08,2017,10-Q,Q3,Primerica,PRI,mlm,11438943000.0,48297000.0,87991000.0,10217569000.0,162540000.0,,,,1220893000.0,,,,1125221000.0
2018-02-26,2017,10-K,FY,Primerica,PRI,mlm,10610783000.0,52169000.0,101110000.0,10217569000.0,189871000.0,,,,1145772000.0,,,,1404199000.0
2018-05-09,2018,10-Q,Q1,Primerica,PRI,mlm,12460703000.0,45721000.0,22772000.0,11041602000.0,52070000.0,,,,1246498000.0,,,,405164000.0
2018-08-08,2018,10-Q,Q2,Primerica,PRI,mlm,12460703000.0,45721000.0,56054000.0,11041602000.0,115176000.0,,,,1269253000.0,,,,818860000.0
2018-11-07,2018,10-Q,Q3,Primerica,PRI,mlm,12460703000.0,45721000.0,89619000.0,11041602000.0,181813000.0,,,,1280530000.0,,,,1246161000.0
2019-02-26,2018,10-K,FY,Primerica,PRI,mlm,11438943000.0,48297000.0,118181000.0,11041602000.0,219414000.0,,,,1221374000.0,,,,1519084000.0
2019-05-08,2019,10-Q,Q1,Primerica,PRI,mlm,12595048000.0,44251000.0,17248000.0,11133535000.0,65715000.0,,,,1426501000.0,,,,459923000.0
2019-08-08,2019,10-Q,Q2,Primerica,PRI,mlm,12595048000.0,44251000.0,44313000.0,11133535000.0,152414000.0,,,,1400584000.0,,,,927737000.0
2019-11-07,2019,10-Q,Q3,Primerica,PRI,mlm,12595048000.0,44251000.0,70610000.0,11133535000.0,237550000.0,,,,1443456000.0,,,,1412518000.0
2020-02-28,2019,10-K,FY,Primerica,PRI,mlm,12460703000.0,45721000.0,29265000.0,11133535000.0,350255000.0,,,,1419101000.0,,,,1689102000.0
2020-05-01,2020,10-Q,Q1,Primerica,PRI,mlm,13688531000.0,42694000.0,23203000.0,12036040000.0,79165000.0,,,,1521386000.0,,,,494987000.0
2020-08-06,2020,10-Q,Q2,Primerica,PRI,mlm,13688531000.0,42694000.0,53217000.0,12036040000.0,176611000.0,,,,1585925000.0,,,,999890000.0
2020-11-05,2020,10-Q,Q3,Primerica,PRI,mlm,13688531000.0,42694000.0,82133000.0,12036040000.0,272834000.0,,,,1607811000.0,,,,1520545000.0
2021-03-01,2020,10-K,FY,Primerica,PRI,mlm,12595048000.0,44251000.0,91990000.0,12036040000.0,324094000.0,,,,1461513000.0,,,,1899843000.0
2021-05-06,2021,10-Q,Q1,Primerica,PRI,mlm,14905285000.0,41207000.0,22077000.0,13069400000.0,72469000.0,,,,1530114000.0,,,,524936000.0
2021-08-06,2021,10-Q,Q2,Primerica,PRI,mlm,14905285000.0,41207000.0,54628000.0,13069400000.0,173979000.0,,,,1642680000.0,,,,1050751000.0
2021-11-09,2021,10-Q,Q3,Primerica,PRI,mlm,14905285000.0,41207000.0,89010000.0,13069400000.0,286080000.0,,,,1720446000.0,,,,1619213000.0
2022-03-01,2021,10-K,FY,Primerica,PRI,mlm,13688531000.0,42694000.0,110720000.0,13069400000.0,366391000.0,,,,1652491000.0,,,,2052504000.0
2022-05-06,2022,10-Q,Q1,Primerica,PRI,mlm,16123223000.0,39306000.0,30437000.0,14033440000.0,97872000.0,,,,1877193000.0,,,,637711000.0
2022-08-09,2022,10-Q,Q2,Primerica,PRI,mlm,16123223000.0,39306000.0,71740000.0,14033440000.0,226033000.0,,,,2018763000.0,,,,1292399000.0
2022-11-09,2022,10-Q,Q3,Primerica,PRI,mlm,16123223000.0,39306000.0,107403000.0,14033440000.0,338489000.0,,,,2098942000.0,,,,1985638000.0
2023-02-28,2022,10-K,FY,Primerica,PRI,mlm,14905285000.0,41207000.0,120566000.0,14033440000.0,386164000.0,,,,1835885000.0,,,,2217541000.0
2023-05-09,2023,10-Q,Q1,Primerica,PRI,mlm,14618147000.0,39368000.0,33512000.0,12608613000.0,115039000.0,,,,911330000.0,,,,691226000.0
2023-08-08,2023,10-Q,Q2,Primerica,PRI,mlm,14641423000.0,39368000.0,71533000.0,12610169000.0,245785000.0,,,,925427000.0,,,,1359909000.0
2023-11-08,2023,10-Q,Q3,Primerica,PRI,mlm,14641423000.0,39368000.0,113102000.0,12610169000.0,325347000.0,,,,925427000.0,,,,2033194000.0
2024-02-28,2023,10-K,FY,Primerica,PRI,mlm,16195964000.0,39306000.0,167544000.0,12610169000.0,477362000.0,,,,925427000.0,,,,2709732000.0
2024-05-07,2024,10-Q,Q1,Primerica,PRI,mlm,15027732000.0,36824000.0,38843000.0,12961765000.0,128099000.0,,,,1946410000.0,,,,690036000.0
2024-08-08,2024,10-Q,Q2,Primerica,PRI,mlm,15027732000.0,36824000.0,83235000.0,12961765000.0,272603000.0,,,,2015464000.0,,,,1378422000.0
2024-11-07,2024,10-Q,Q3,Primerica,PRI,mlm,15027732000.0,36824000.0,134603000.0,12961765000.0,,,,,2312495000.0,,,,2042317000.0
2025-02-28,2024,10-K,FY,Primerica,PRI,mlm,15027732000.0,39368000.0,163942000.0,12961765000.0,472068000.0,,,,2031254000.0,,,,2657451000.0
2025-05-08,2025,10-Q,Q1,Primerica,PRI,mlm,14582022000.0,34996000.0,44975000.0,12322981000.0,,,,,2185908000.0,,,,735950000.0
2025-08-07,2025,10-Q,Q2,Primerica,PRI,mlm,14582022000.0,34996000.0,108442000.0,12322981000.0,,,,,2121760000.0,,,,1526904000.0
2025-11-06,2025,10-Q,Q3,Primerica,PRI,mlm,14582022000.0,34996000.0,168283000.0,12322981000.0,,,,,1946828000.0,,,,2301033000.0
2026-02-27,2025,10-K,FY,Primerica,PRI,mlm,14582022000.0,36824000.0,180556000.0,12322981000.0,,,,,2065967000.0,,,,2748507000.0
